label,pt1_x,pt1_y,pt1_z,pt2_x,pt2_y,pt2_z,pt3_x,pt3_y,pt3_z,pt4_x,pt4_y,pt4_z,pt5_x,pt5_y,pt5_z,pt6_x,pt6_y,pt6_z,pt7_x,pt7_y,pt7_z,pt8_x,pt8_y,pt8_z,pt9_x,pt9_y,pt9_z,pt10_x,pt10_y,pt10_z,pt11_x,pt11_y,pt11_z,pt12_x,pt12_y,pt12_z,pt13_x,pt13_y,pt13_z,pt14_x,pt14_y,pt14_z,pt15_x,pt15_y,pt15_z,pt16_x,pt16_y,pt16_z,pt17_x,pt17_y,pt17_z,pt18_x,pt18_y,pt18_z,pt19_x,pt19_y,pt19_z,pt20_x,pt20_y,pt20_z
N,-0.05148184299468994,-0.04686945676803589,-0.02141183839617611,-0.07059693336486816,-0.1421097218990326,-0.034126172228440055,-0.03786832094192505,-0.2090761959552765,-0.04733365626512409,0.007895171642303467,-0.24993377923965454,-0.056642720862015494,-0.06956297159194946,-0.19119375944137573,-0.02011924461899639,-0.08128899335861206,-0.2520732879638672,-0.06033141763387562,-0.06393575668334961,-0.2011898159980774,-0.08316288740812183,-0.055989980697631836,-0.14905083179473877,-0.0909614026683414,-0.02584296464920044,-0.20256954431533813,-0.024340581535085448,-0.038503825664520264,-0.2753572165966034,-0.06973442287622333,-0.030991852283477783,-0.210500568151474,-0.08400997371850849,-0.029116332530975342,-0.1480676531791687,-0.08025472463546635,0.021126389503479004,-0.19766053557395935,-0.032742368443592795,0.01933377981185913,-0.21152013540267944,-0.07376859934507252,0.01476287841796875,-0.12387990951538086,-0.06898844839511753,0.004646420478820801,-0.06494849920272827,-0.051633356525286445,0.06514012813568115,-0.18166911602020264,-0.04322860987363697,0.05954885482788086,-0.18780481815338135,-0.06340995283304096,0.04964005947113037,-0.12747949361801147,-0.05281960444031597,0.040821850299835205,-0.08857259154319763,-0.03755888567744137
N,-0.06269872188568115,-0.05794444680213928,-0.024231875773921274,-0.08230990171432495,-0.17355668544769287,-0.03983738132978942,-0.036397457122802734,-0.2535737156867981,-0.056366833385482096,0.016188621520996094,-0.30561673641204834,-0.06877646454836395,-0.0807604193687439,-0.22572755813598633,-0.022802290033951067,-0.0901535153388977,-0.30340559780597687,-0.07052183755899932,-0.07328665256500244,-0.24611853063106537,-0.09876431384350326,-0.06523644924163818,-0.18194705247879028,-0.10866664954687622,-0.027881920337677002,-0.23384246230125427,-0.029761119272961878,-0.03589272499084473,-0.3314560800790787,-0.08192934700514343,-0.02907019853591919,-0.26120494306087494,-0.09828089782263305,-0.02814650535583496,-0.185209721326828,-0.09366885432268646,0.027277112007141113,-0.22306880354881287,-0.04189483308459785,0.026747405529022217,-0.25986889004707336,-0.08973359921242263,0.019479334354400635,-0.15726351737976074,-0.08293133833672073,0.005915045738220215,-0.08432817459106445,-0.06181886279250648,0.07916021347045898,-0.20019292831420898,-0.056318855371728205,0.07066774368286133,-0.22120919823646545,-0.08061791070963409,0.058074235916137695,-0.1519518792629242,-0.06651425221230056,0.04734063148498535,-0.1039971113204956,-0.04724567988182571
N,-0.053716957569122314,-0.04637300968170166,-0.023077086091205956,-0.07080274820327759,-0.1413693130016327,-0.0375677389206146,-0.03348153829574585,-0.20957496762275696,-0.05221721577660787,0.010169386863708496,-0.25609809160232544,-0.06313704374449003,-0.073025643825531,-0.1892683506011963,-0.02100282768921602,-0.0839383602142334,-0.2533952593803406,-0.06202940318004835,-0.06559610366821289,-0.20384016633033752,-0.08656426194326627,-0.05640608072280884,-0.151178777217865,-0.09551337781564939,-0.027170300483703613,-0.20048949122428894,-0.0253556226493572,-0.03810703754425049,-0.275873064994812,-0.0692478907407974,-0.030560612678527832,-0.21150338649749756,-0.08314225497858274,-0.028436481952667236,-0.1486036777496338,-0.0794884753526901,0.020778119564056396,-0.19489270448684692,-0.03440164822356451,0.017957687377929688,-0.2121189832687378,-0.07484847727434385,0.012451469898223877,-0.12410438060760498,-0.0698366952242111,0.0032386183738708496,-0.0659220814704895,-0.0526255075933193,0.06537967920303345,-0.17853522300720215,-0.04567055079357374,0.05498594045639038,-0.18575650453567505,-0.06587361964599836,0.04541444778442383,-0.12595126032829285,-0.054658394783899666,0.039432525634765625,-0.08841896057128906,-0.038964372605249764
N,-0.03113192319869995,-0.0426059365272522,-0.02529132561957681,-0.03754693269729614,-0.11518627405166626,-0.03883675122833097,-0.007088959217071533,-0.1601111888885498,-0.05002274746274793,0.032123029232025146,-0.1899389624595642,-0.05662132436609113,-0.045161664485931396,-0.17346036434173584,-0.027052713653205274,-0.04620629549026489,-0.20965564250946045,-0.05801610658144796,-0.03290492296218872,-0.1581944227218628,-0.0735622943398937,-0.029602408409118652,-0.1156543493270874,-0.07889482388472402,-0.005172014236450195,-0.18394094705581665,-0.02636810774183118,-0.008676648139953613,-0.22367388010025024,-0.0611309819874748,-0.004194140434265137,-0.16039705276489258,-0.0698258058187946,-0.006825447082519531,-0.11481064558029175,-0.0662019775269016,0.03425413370132446,-0.17520153522491455,-0.029194103649018643,0.03342407941818237,-0.1609358787536621,-0.06072744736647451,0.024984121322631836,-0.0866403579711914,-0.05595847228741491,0.011801421642303467,-0.04576486349105835,-0.04341965550756299,0.06867092847824097,-0.15434056520462036,-0.03460231432890737,0.06787306070327759,-0.12542104721069336,-0.050225094055889485,0.05359816551208496,-0.07585269212722778,-0.04353383938050115,0.039698779582977295,-0.05437576770782471,-0.033796224838255284
N,-0.04308605194091797,-0.03889578580856323,-0.022409377690280508,-0.05637162923812866,-0.11064362525939941,-0.03505599505814416,-0.025493860244750977,-0.15871906280517578,-0.04615163437637193,0.011883437633514404,-0.19473904371261597,-0.05338909111532075,-0.05465292930603027,-0.17515414953231812,-0.018539795722688268,-0.06907689571380615,-0.19844883680343628,-0.05354671932371957,-0.06354296207427979,-0.14545482397079468,-0.07572974644216401,-0.0553898811340332,-0.10649698972702026,-0.08559295169624193,-0.015411615371704102,-0.19034433364868164,-0.01971808269234998,-0.03267568349838257,-0.214521586894989,-0.056967951428021024,-0.03491067886352539,-0.15039098262786865,-0.06821164868387086,-0.03151237964630127,-0.10545337200164795,-0.0653162562063585,0.02203369140625,-0.18412554264068604,-0.02514651052268846,0.010841071605682373,-0.15466278791427612,-0.055383868586147855,0.00026416778564453125,-0.0807761549949646,-0.04930924258741243,-0.006328105926513672,-0.04105997085571289,-0.03552333645137651,0.05238825082778931,-0.1661626100540161,-0.033600371401632856,0.0353509783744812,-0.1205129623413086,-0.047669172357643674,0.024653077125549316,-0.07054907083511353,-0.039956219564999174,0.02171945571899414,-0.05235391855239868,-0.02880871302994592
N,-0.05225712060928345,-0.037848591804504395,-0.019920305826786944,-0.07764843106269836,-0.11205804347991943,-0.0323879378969707,-0.051974475383758545,-0.16939955949783325,-0.04461903452229876,-0.013803601264953613,-0.2125571370124817,-0.053239997022870966,-0.08069121837615967,-0.17177093029022217,-0.012756679684940764,-0.09776446223258972,-0.19571900367736816,-0.048334858858112284,-0.0808611512184143,-0.14892494678497314,-0.07304103254628558,-0.06781589984893799,-0.10886383056640625,-0.08427832602811236,-0.042044609785079956,-0.19466406106948853,-0.015782087587837168,-0.06331503391265869,-0.22330933809280396,-0.052800084942106196,-0.05489945411682129,-0.16434013843536377,-0.06680068700862307,-0.04770016670227051,-0.11328107118606567,-0.0656942310864963,-0.0020331144332885742,-0.19890570640563965,-0.023246019625190684,-0.013065457344055176,-0.17134016752243042,-0.053459118598226496,-0.012284457683563232,-0.0961487889289856,-0.050588942610744425,-0.014486253261566162,-0.04756665229797363,-0.038530721807006785,0.033123135566711426,-0.18803036212921143,-0.03361357703161616,0.018314003944396973,-0.14848119020462036,-0.04720023601603884,0.015232741832733154,-0.09519577026367188,-0.04027240678024668,0.01535564661026001,-0.06719672679901123,-0.029669554450634905
N,-0.058668166399002075,-0.03436744213104248,-0.019546364616672918,-0.08750760555267334,-0.12239840626716614,-0.03276776820055716,-0.06296578049659729,-0.20044493675231934,-0.046854901310126706,-0.030962973833084106,-0.2612707018852234,-0.057742751386086866,-0.09401118755340576,-0.17376062273979187,-0.014528406966547891,-0.11646115779876709,-0.22942602634429932,-0.05412599369518034,-0.09972470998764038,-0.1872977316379547,-0.07846177294484846,-0.08316132426261902,-0.1378856599330902,-0.0866113297604727,-0.051668375730514526,-0.19300511479377747,-0.019435896720807477,-0.07717770338058472,-0.25936752557754517,-0.06345654204122297,-0.06886246800422668,-0.20481812953948975,-0.0788583971523451,-0.05691629648208618,-0.14241012930870056,-0.07540830149881117,-0.0060860514640808105,-0.19908034801483154,-0.028768305849354192,-0.01919877529144287,-0.21263015270233154,-0.06804723962775938,-0.013774394989013672,-0.12925779819488525,-0.06448695733777754,-0.009984970092773438,-0.06852677464485168,-0.04776233732334845,0.03797811269760132,-0.1947040855884552,-0.040015167739312574,0.01683872938156128,-0.1969667673110962,-0.05841753556958906,0.016628742218017578,-0.13463762402534485,-0.04717085435621016,0.022077977657318115,-0.09382238984107971,-0.031073228638689443
N,-0.06051567196846008,-0.04093855619430542,-0.02393184253728009,-0.09407603740692139,-0.14069530367851257,-0.03824584582602597,-0.07498839497566223,-0.22996467351913452,-0.053950492532607086,-0.03923800587654114,-0.2988050878047943,-0.06487498083865262,-0.10791528224945068,-0.19094863533973694,-0.015281688661929138,-0.13537374138832092,-0.2661505788564682,-0.06128107407843686,-0.1125262975692749,-0.22227755188941956,-0.08768212446724988,-0.09368622303009033,-0.16392946243286133,-0.09511466720854855,-0.06202954053878784,-0.2144109010696411,-0.019521428512092598,-0.08929327130317688,-0.2950572669506073,-0.06988879689728833,-0.07599738240242004,-0.23901155591011047,-0.08645847836291409,-0.06306332349777222,-0.16941046714782715,-0.0817873219565115,-0.011097937822341919,-0.22149589657783508,-0.02947882773136712,-0.018696099519729614,-0.24152588844299316,-0.0753762314633093,-0.010995686054229736,-0.1490977704524994,-0.07189199724948026,-0.010509967803955078,-0.07789495587348938,-0.052853893728610046,0.03920367360115051,-0.2172471582889557,-0.04188252636944867,0.02863284945487976,-0.22532063722610474,-0.06462826976334668,0.026273339986801147,-0.15916243195533752,-0.05398621434127904,0.023555487394332886,-0.11077079176902771,-0.036976207287665375
N,-0.06401640176773071,-0.05643415451049805,-0.02177740877189649,-0.09004431962966919,-0.16820642352104187,-0.035670035161757596,-0.04889786243438721,-0.24961087107658386,-0.05118809697844995,0.0008441805839538574,-0.3035452961921692,-0.06275282485106004,-0.08839982748031616,-0.21728456020355225,-0.016699972205543645,-0.10295760631561279,-0.2945024371147156,-0.061033245750451215,-0.08570331335067749,-0.2419327348470688,-0.08692595792629731,-0.07467848062515259,-0.18265587091445923,-0.09546589536287797,-0.03800392150878906,-0.22851666808128357,-0.0237131869576217,-0.054488539695739746,-0.3186802864074707,-0.07190275622227205,-0.045058250427246094,-0.25079484283924103,-0.0864905161938907,-0.03767120838165283,-0.17680573463439941,-0.08113896531679643,0.01544421911239624,-0.22298645973205566,-0.03612829057195199,0.011607766151428223,-0.2554030865430832,-0.08154882175543321,0.010221362113952637,-0.15629994869232178,-0.07591852230646623,0.003783106803894043,-0.0835803747177124,-0.05596016777374757,0.06641614437103271,-0.20588696002960205,-0.050714601405644544,0.05600464344024658,-0.2250555455684662,-0.07424417568066133,0.04672360420227051,-0.1553097665309906,-0.06161938665130151,0.03990781307220459,-0.10424673557281494,-0.04353620541908754
N,-0.04559105634689331,-0.04826557636260986,-0.019686504223898282,-0.0636744499206543,-0.12818074226379395,-0.03268017336125695,-0.02861243486404419,-0.18288427591323853,-0.04571906938548409,0.01990675926208496,-0.20900344848632812,-0.05515408977265679,-0.05220293998718262,-0.18533504009246826,-0.01770870662625157,-0.0607447624206543,-0.2293229103088379,-0.05386691629286133,-0.052340030670166016,-0.17913717031478882,-0.07569883852596604,-0.04726886749267578,-0.13485461473464966,-0.08433533548708283,-0.011400759220123291,-0.19576150178909302,-0.021074228876784673,-0.022844970226287842,-0.24527722597122192,-0.05959040387864434,-0.023328840732574463,-0.18394947052001953,-0.07098156302566849,-0.02478271722793579,-0.12866359949111938,-0.06707464992399537,0.029109537601470947,-0.189766526222229,-0.028632533693269124,0.019577383995056152,-0.17749106884002686,-0.06198150008316361,0.00976473093032837,-0.10184544324874878,-0.05839614286418282,0.00012564659118652344,-0.05237090587615967,-0.044302363836720815,0.06477391719818115,-0.17162388563156128,-0.038611196869567266,0.04852116107940674,-0.14930027723312378,-0.054237120741561284,0.0374068021774292,-0.09652769565582275,-0.04677943974132859,0.03282719850540161,-0.06528991460800171,-0.03495256691570603
M,-0.051217079162597656,-0.050091564655303955,-0.017557419021727583,-0.05444622039794922,-0.14320465922355652,-0.030453001265527746,0.005057573318481445,-0.1895860731601715,-0.04273423843562796,0.05065023899078369,-0.22516876459121704,-0.05464505322754576,-0.07097816467285156,-0.19269829988479614,-0.014901825343372366,-0.08189129829406738,-0.253431111574173,-0.0440444528359194,-0.07187670469284058,-0.20263391733169556,-0.06599745445430472,-0.06146508455276489,-0.1472918689250946,-0.07710119627893164,-0.02718210220336914,-0.20214489102363586,-0.020258599077465078,-0.04246097803115845,-0.2654920816421509,-0.050031456281544706,-0.036338210105895996,-0.20109087228775024,-0.06743700348317816,-0.02977544069290161,-0.13732627034187317,-0.07308475964248373,0.018656432628631592,-0.19571903347969055,-0.028769373078944227,0.006381392478942871,-0.27688685059547424,-0.058827596833111784,0.004671275615692139,-0.2126462757587433,-0.06526723050058081,0.0026928186416625977,-0.15179535746574402,-0.06410521559894278,0.06138676404953003,-0.1787811517715454,-0.037939935107829115,0.035427093505859375,-0.191859632730484,-0.06616711907565787,0.028000354766845703,-0.12348100543022156,-0.06801897578418448,0.027418851852416992,-0.0718107521533966,-0.06416713737428381
M,-0.05456578731536865,-0.05740085244178772,-0.020672454572093102,-0.054785311222076416,-0.16531667113304138,-0.03323579307533464,0.014784157276153564,-0.21497628092765808,-0.044789639374982926,0.06439071893692017,-0.2556111216545105,-0.055948753914606186,-0.07279187440872192,-0.20961999893188477,-0.01248035494126043,-0.07927459478378296,-0.2787477970123291,-0.04099161650873384,-0.06677460670471191,-0.22847843170166016,-0.06353310596085748,-0.057008564472198486,-0.16959664225578308,-0.07548647474385461,-0.024977385997772217,-0.2206789255142212,-0.016310450694334122,-0.03903454542160034,-0.29539865255355835,-0.04604496162272653,-0.030824661254882812,-0.2299468219280243,-0.06622342865802011,-0.02571272850036621,-0.16197469830513,-0.07408904384709558,0.024257123470306396,-0.21410712599754333,-0.02376734938360414,0.016253173351287842,-0.30771540105342865,-0.055118897071849915,0.015726029872894287,-0.2388419210910797,-0.06441972505189142,0.011649608612060547,-0.17344683408737183,-0.06544442575312814,0.0699126124382019,-0.19537842273712158,-0.03206764634586534,0.047677814960479736,-0.21443015336990356,-0.06337577950097284,0.04146653413772583,-0.14012646675109863,-0.06789087604619226,0.04049980640411377,-0.08487969636917114,-0.06607504289485178
M,-0.06642958521842957,-0.0479046106338501,-0.020443575577871798,-0.08064961433410645,-0.1523805558681488,-0.03658598673536062,-0.018335163593292236,-0.21826758980751038,-0.05182764691306829,0.025958776473999023,-0.2751156836748123,-0.06799834978772878,-0.09779536724090576,-0.2138950526714325,-0.018955843644278048,-0.12326717376708984,-0.2688608765602112,-0.05286980059935331,-0.11397778987884521,-0.21894237399101257,-0.07964507502509832,-0.0971241295337677,-0.15914621949195862,-0.09330499184324026,-0.050849080085754395,-0.2304868996143341,-0.024300463618772028,-0.08540794253349304,-0.2967635244131088,-0.05502473202540159,-0.07776951789855957,-0.23140841722488403,-0.07477751386358023,-0.062461256980895996,-0.16033464670181274,-0.08280143898917913,0.0007966160774230957,-0.22886168956756592,-0.033254936458604334,-0.029555857181549072,-0.31659120321273804,-0.06616183382465124,-0.02954500913619995,-0.24730387330055237,-0.07603735488845587,-0.023474156856536865,-0.1767691969871521,-0.07769433421088934,0.05011177062988281,-0.21242478489875793,-0.0428435878176856,0.008499741554260254,-0.22306722402572632,-0.07543266576720953,0.005101561546325684,-0.14327675104141235,-0.07960189891053915,0.012397944927215576,-0.0816822350025177,-0.07723017049028158
M,-0.05964100360870361,-0.04375976324081421,-0.022998827414539846,-0.070993572473526,-0.1445937156677246,-0.03693464109483102,-0.011255264282226562,-0.195767343044281,-0.049371247084764036,0.03174102306365967,-0.23720788955688477,-0.06116620534839967,-0.07689565420150757,-0.2031116783618927,-0.020347409786609205,-0.10289683938026428,-0.2502077519893646,-0.05429451996269563,-0.10331395268440247,-0.1929410696029663,-0.07834479296388963,-0.09352034330368042,-0.13734960556030273,-0.09032946908655504,-0.03279465436935425,-0.2204146683216095,-0.023029730560210737,-0.06867122650146484,-0.2689129114151001,-0.057537701817182096,-0.06807604432106018,-0.19840475916862488,-0.07362473094644884,-0.05729794502258301,-0.1341381072998047,-0.07733926260652879,0.012110590934753418,-0.2200343906879425,-0.03005809047999719,-0.01739978790283203,-0.28058427572250366,-0.05952249923529962,-0.0218278169631958,-0.2098124623298645,-0.06366211259546617,-0.02143421769142151,-0.14907106757164001,-0.06199698606314996,0.053398072719573975,-0.20593243837356567,-0.03926641577663759,0.021488487720489502,-0.19034135341644287,-0.06516099804821351,0.015298843383789062,-0.11653923988342285,-0.06809496218147615,0.018345236778259277,-0.06934219598770142,-0.06605780953350404
M,-0.05319511890411377,-0.04636114835739136,-0.022268743925224044,-0.05942919850349426,-0.13906514644622803,-0.03589245278431008,-0.0012575387954711914,-0.1770511269569397,-0.04797619927717278,0.04088997840881348,-0.2129758596420288,-0.05924154419494698,-0.06108909845352173,-0.20838922262191772,-0.017607321702371337,-0.08693602681159973,-0.24049842357635498,-0.052154753096829154,-0.08906030654907227,-0.17691993713378906,-0.07670777265025208,-0.08164331316947937,-0.12366712093353271,-0.08901546869469712,-0.01799088716506958,-0.22250139713287354,-0.0198860557009084,-0.052629172801971436,-0.2583850622177124,-0.05436327282382081,-0.054665982723236084,-0.17994332313537598,-0.06873192612124512,-0.048648685216903687,-0.11901390552520752,-0.07108697269154618,0.0243452787399292,-0.21822500228881836,-0.026771612205038764,-0.0056345462799072266,-0.2651521563529968,-0.05698501292658875,-0.011923223733901978,-0.18861663341522217,-0.05963011805010865,-0.013319969177246094,-0.1323583722114563,-0.05666660118890832,0.061482369899749756,-0.2001972794532776,-0.03581092480612824,0.026666641235351562,-0.17279154062271118,-0.06240994829727242,0.019594907760620117,-0.09773004055023193,-0.06578489366961549,0.02294868230819702,-0.056035518646240234,-0.06375298623038361
M,-0.03536313772201538,-0.04715883731842041,-0.018878054234193087,-0.03050053119659424,-0.13239043951034546,-0.02888120374362302,0.023777544498443604,-0.16616636514663696,-0.03830938263516259,0.06165081262588501,-0.19560563564300537,-0.046684341865585566,-0.049821317195892334,-0.17889589071273804,-0.008168052311049223,-0.055853188037872314,-0.22685736417770386,-0.03401595203857255,-0.04503136873245239,-0.1749163269996643,-0.05443917064647508,-0.03852951526641846,-0.12520289421081543,-0.06472999079804254,-0.01054394245147705,-0.1842377781867981,-0.011024474526749373,-0.02102428674697876,-0.23468613624572754,-0.038279610115097285,-0.015787124633789062,-0.17063337564468384,-0.05340680329780412,-0.014314532279968262,-0.116618812084198,-0.05717833935003114,0.02940690517425537,-0.1735408902168274,-0.017616644862101793,0.028257310390472412,-0.23908066749572754,-0.044780338543461085,0.025182127952575684,-0.17177236080169678,-0.04659345968346429,0.016876518726348877,-0.1203048825263977,-0.041902890789316416,0.06609642505645752,-0.15326863527297974,-0.025632756191299677,0.0590398907661438,-0.17393624782562256,-0.04972525908331704,0.04858088493347168,-0.11017489433288574,-0.04768506287317109,0.03939104080200195,-0.06753742694854736,-0.04109561293105912
M,-0.030915558338165283,-0.04543638229370117,-0.02059110208642778,-0.021959125995635986,-0.12347966432571411,-0.03319041571808157,0.032178521156311035,-0.14569240808486938,-0.04493253073883352,0.07328546047210693,-0.16375356912612915,-0.05558093405556974,-0.03469175100326538,-0.17449581623077393,-0.014423585042777631,-0.040826380252838135,-0.2139662504196167,-0.043495965667489145,-0.034928858280181885,-0.15927177667617798,-0.0647430843789607,-0.03070586919784546,-0.11105751991271973,-0.07544949419093427,0.0032895803451538086,-0.17563378810882568,-0.01694052807283697,-0.007995426654815674,-0.2164803147315979,-0.04806218064618406,-0.007816672325134277,-0.150282084941864,-0.06256405032468138,-0.009395420551300049,-0.0986185073852539,-0.06560899830651579,0.04067307710647583,-0.16130459308624268,-0.023326411389234636,0.03723418712615967,-0.21498256921768188,-0.054115721501830194,0.030188381671905518,-0.14481890201568604,-0.05513522914839086,0.0200844407081604,-0.0959855318069458,-0.04932302004885969,0.07415509223937988,-0.13874948024749756,-0.03120296589327154,0.06401073932647705,-0.1455969214439392,-0.057277267344716165,0.050554871559143066,-0.08207225799560547,-0.056256209977391336,0.04159146547317505,-0.044449031352996826,-0.05019416800928411
M,-0.05209672451019287,-0.06095153093338013,-0.023034692157722247,-0.049356043338775635,-0.1665107011795044,-0.037143674094892276,0.020488321781158447,-0.2057725191116333,-0.04952684824607445,0.06871038675308228,-0.24143892526626587,-0.06187441234729363,-0.06614381074905396,-0.22493577003479004,-0.017743096102691425,-0.0842592716217041,-0.2749859690666199,-0.049917053778386844,-0.07796096801757812,-0.21510213613510132,-0.07455826957962586,-0.06922918558120728,-0.15449833869934082,-0.0870970006778009,-0.017056524753570557,-0.23637926578521729,-0.02062897977671696,-0.042223572731018066,-0.2913915514945984,-0.05373158340594841,-0.03982555866241455,-0.21358194947242737,-0.07271977176210953,-0.033448219299316406,-0.14387887716293335,-0.0785162340595491,0.032166898250579834,-0.2267673909664154,-0.02725754526696278,0.015373408794403076,-0.2952657639980316,-0.058844652374006046,0.008204936981201172,-0.2218465805053711,-0.066852975983835,0.0033927559852600098,-0.16044694185256958,-0.06708153744480683,0.07419407367706299,-0.20533907413482666,-0.03521606733343674,0.04490959644317627,-0.19384172558784485,-0.06349255551836563,0.03477776050567627,-0.11680340766906738,-0.06701618840239121,0.03406500816345215,-0.06792765855789185,-0.06489067186853958
M,-0.0790051519870758,-0.04754042625427246,-0.022321969891152094,-0.10839769244194031,-0.162244975566864,-0.039459935078582475,-0.05150380730628967,-0.24073520302772522,-0.056369068721494386,-0.009898155927658081,-0.30752313137054443,-0.0741772415732953,-0.1141679584980011,-0.24287807941436768,-0.018236000711283396,-0.1574949324131012,-0.283408522605896,-0.06065307805891962,-0.16243630647659302,-0.21839138865470886,-0.09272842730041475,-0.1493939459323883,-0.1516302525997162,-0.10903254772182436,-0.06596091389656067,-0.27141818404197693,-0.024257340157589624,-0.1275346875190735,-0.3196653127670288,-0.0655637743568036,-0.12734660506248474,-0.2341684103012085,-0.08685091013666124,-0.10835319757461548,-0.15240409970283508,-0.09261506671663255,-0.013100385665893555,-0.28048649430274963,-0.03513095403667421,-0.06942299008369446,-0.3435473144054413,-0.07267280543800325,-0.07492229342460632,-0.2567271888256073,-0.08087459082361192,-0.06822064518928528,-0.17949652671813965,-0.08064130569454164,0.03667333722114563,-0.26924920082092285,-0.047685223320684145,-0.013251513242721558,-0.2346179485321045,-0.08030224467273683,-0.009119778871536255,-0.14392715692520142,-0.08524910981412859,0.008830636739730835,-0.08616775274276733,-0.08357099319454164
M,-0.06699377298355103,-0.06501752138137817,-0.021780559901600327,-0.07601135969161987,-0.18950730562210083,-0.0342440270972304,-0.006156802177429199,-0.2582153081893921,-0.046759877462392296,0.03747415542602539,-0.3140164315700531,-0.05961011733532473,-0.0970413088798523,-0.23605561256408691,-0.008612496886854615,-0.10869777202606201,-0.3222791403532028,-0.043114047605996575,-0.09155184030532837,-0.27441146969795227,-0.07184708501816317,-0.07765793800354004,-0.20814503729343414,-0.08671735610485598,-0.04218834638595581,-0.250057190656662,-0.015142049748902764,-0.06112951040267944,-0.34406235814094543,-0.049043178666835274,-0.04674792289733887,-0.27783283591270447,-0.07458600040197894,-0.03586292266845703,-0.1999354064464569,-0.08511748548269793,0.01590496301651001,-0.24401414394378662,-0.026047196347718682,0.0007960200309753418,-0.3595849722623825,-0.06458317126751467,0.003738880157470703,-0.28543487191200256,-0.07692389573574587,0.00379258394241333,-0.20999792218208313,-0.07844690616846606,0.07156628370285034,-0.22204415500164032,-0.03757243614316508,0.045961081981658936,-0.2614469975233078,-0.07733028765440508,0.044359445571899414,-0.17614218592643738,-0.08166486408234164,0.0487675666809082,-0.10585108399391174,-0.07778905715466067
A,-0.056083738803863525,-0.02735990285873413,-0.016067293572888275,-0.09966665506362915,-0.08605897426605225,-0.023019923928842445,-0.11975401639938354,-0.14375847578048706,-0.03175252220378866,-0.1294075846672058,-0.1948254108428955,-0.03732335856901159,-0.07895350456237793,-0.1418350636959076,0.001706371914877991,-0.08927428722381592,-0.18713441491127014,-0.02462617411063661,-0.0775594711303711,-0.14214423298835754,-0.04035954094277372,-0.06810247898101807,-0.09740588068962097,-0.04579012012825956,-0.043433189392089844,-0.14881223440170288,-0.0004939444900458057,-0.05604267120361328,-0.18636676669120789,-0.03023232809053411,-0.04616135358810425,-0.12819766998291016,-0.040951035085782905,-0.03819310665130615,-0.0794021487236023,-0.03995314902411451,-0.008967876434326172,-0.14972832798957825,-0.007417232364133497,-0.02004694938659668,-0.17564627528190613,-0.03774648449169149,-0.014624238014221191,-0.11537420749664307,-0.035665295187101265,-0.010315656661987305,-0.06841951608657837,-0.024335091102585693,0.025506019592285156,-0.14566969871520996,-0.015505050409302612,0.014327168464660645,-0.17506885528564453,-0.03487498975144376,0.01208484172821045,-0.13401132822036743,-0.030008767831787964,0.01135873794555664,-0.09800392389297485,-0.019943769190177818
A,-0.05596524477005005,-0.02938133478164673,-0.01796082410439226,-0.09796065092086792,-0.09525144100189209,-0.023185225235664575,-0.12079215049743652,-0.15697452425956726,-0.030157903241359918,-0.14142996072769165,-0.20305517315864563,-0.03407286110743257,-0.07864892482757568,-0.14304915070533752,0.007795351525402339,-0.08400797843933105,-0.19717839360237122,-0.01780472140237066,-0.06955909729003906,-0.15520954132080078,-0.03480809930189821,-0.060062289237976074,-0.11183962225914001,-0.04125852141007158,-0.0423203706741333,-0.1468724012374878,0.006664416255063088,-0.045846402645111084,-0.19305920600891113,-0.02263562943264219,-0.0353468656539917,-0.13530218601226807,-0.03492169457896921,-0.03032386302947998,-0.08761528134346008,-0.03517004105671617,-0.008314073085784912,-0.1441325843334198,0.00021041091238771514,-0.009611308574676514,-0.18197831511497498,-0.0296803210250971,-0.005907118320465088,-0.12103509902954102,-0.02815728079005453,-0.006377100944519043,-0.07500755786895752,-0.017488995598995416,0.025349020957946777,-0.1373910903930664,-0.007707511106872289,0.024110794067382812,-0.17416128516197205,-0.025794364543997972,0.02204751968383789,-0.13666406273841858,-0.020685834842169015,0.018481194972991943,-0.1047544777393341,-0.01098307597860071
A,-0.05195826292037964,-0.030099689960479736,-0.018644296776642477,-0.09135180711746216,-0.09637647867202759,-0.025477239143242514,-0.11090940237045288,-0.15706849098205566,-0.033312793102254545,-0.12563461065292358,-0.20643147826194763,-0.0376652844512364,-0.07275992631912231,-0.14441555738449097,-0.00035011702277643053,-0.07748055458068848,-0.19766664505004883,-0.025793961461772597,-0.0643196702003479,-0.15411099791526794,-0.04032623695968596,-0.056081414222717285,-0.11076653003692627,-0.04497284742831198,-0.03698694705963135,-0.1470353603363037,-0.0009277600707946476,-0.04017210006713867,-0.189978688955307,-0.029752670999755537,-0.031708717346191406,-0.13227131962776184,-0.03929858582853285,-0.02826625108718872,-0.08592981100082397,-0.0378701865935227,-0.003627002239227295,-0.14277848601341248,-0.006369007498165047,-0.0058234333992004395,-0.1754743754863739,-0.0353517674171826,-0.003704965114593506,-0.11589431762695312,-0.03221385854124037,-0.0051569342613220215,-0.0715259313583374,-0.020987325560440695,0.028639256954193115,-0.1343500018119812,-0.01326906702308861,0.027860164642333984,-0.1674034595489502,-0.03130872848271338,0.023205459117889404,-0.1298253834247589,-0.026103622492541945,0.01724928617477417,-0.09777730703353882,-0.016472398515929854
A,-0.057381272315979004,-0.03266328573226929,-0.02023085802738933,-0.09864413738250732,-0.10381823778152466,-0.027615808322480007,-0.11406922340393066,-0.16784608364105225,-0.03524698167984752,-0.12735354900360107,-0.22198230028152466,-0.039333613961389347,-0.07458072900772095,-0.17849284410476685,-0.001952951913153811,-0.0814548134803772,-0.2085503339767456,-0.02857385612969665,-0.07091224193572998,-0.15219110250473022,-0.04514111801927356,-0.06277710199356079,-0.10428047180175781,-0.051603040098598285,-0.035050034523010254,-0.18545269966125488,-0.0022393107874449925,-0.04303586483001709,-0.19888728857040405,-0.030971946566751285,-0.03758716583251953,-0.13152676820755005,-0.041451631485870166,-0.03428459167480469,-0.08266180753707886,-0.041182810812642856,0.0019835829734802246,-0.1810077428817749,-0.0075224963011351065,-0.0056337714195251465,-0.18464607000350952,-0.037155459075620456,-0.007643640041351318,-0.11692506074905396,-0.034175372123172565,-0.009865403175354004,-0.0699167251586914,-0.02346686124747066,0.03658705949783325,-0.16848266124725342,-0.014553415029695316,0.029076218605041504,-0.17451024055480957,-0.034923417865684314,0.021432936191558838,-0.12493091821670532,-0.030379515513232036,0.015768766403198242,-0.090262770652771,-0.02052923142855434
A,-0.0742805004119873,-0.040721118450164795,-0.024544087735364428,-0.13086926937103271,-0.1293824315071106,-0.03339459889883756,-0.1532173752784729,-0.20978474617004395,-0.043507234690139285,-0.16791164875030518,-0.2792571783065796,-0.0492859161769843,-0.09584712982177734,-0.2231544554233551,0.002807987822791347,-0.1130990982055664,-0.2628084719181061,-0.03220658519620656,-0.10183829069137573,-0.19249016046524048,-0.05438272052759885,-0.09095174074172974,-0.13191932439804077,-0.06313107305521726,-0.04700362682342529,-0.233088880777359,0.0015736898329237192,-0.06771314144134521,-0.2563408613204956,-0.0380229926979041,-0.06151092052459717,-0.17065566778182983,-0.053084035900781146,-0.055664896965026855,-0.106697678565979,-0.05285843604559659,-0.0003916621208190918,-0.22986048460006714,-0.006365920448104134,-0.019801616668701172,-0.23828786611557007,-0.047549144861648074,-0.02050471305847168,-0.1506648063659668,-0.044930951235244265,-0.020931780338287354,-0.08814442157745361,-0.030519414258549205,0.04447472095489502,-0.2168070673942566,-0.016319976684997073,0.025371015071868896,-0.22624504566192627,-0.04465397590155362,0.0166780948638916,-0.1624036431312561,-0.0394166237985587,0.011294245719909668,-0.11616075038909912,-0.026451712039659014
A,-0.0688323974609375,-0.04348704218864441,-0.02264653203042144,-0.11865955591201782,-0.12882202863693237,-0.030633116708713715,-0.14035558700561523,-0.21265682578086853,-0.04129058551939124,-0.14984452724456787,-0.28303369879722595,-0.047733881147223656,-0.09227406978607178,-0.1962706744670868,0.013795785969477947,-0.0985451340675354,-0.26519186794757843,-0.019789694444853012,-0.08281266689300537,-0.21123304963111877,-0.04268415701540107,-0.07074809074401855,-0.15551531314849854,-0.05163587686570281,-0.04717904329299927,-0.20055946707725525,0.012286061784607227,-0.05275583267211914,-0.25858810544013977,-0.025711557464319412,-0.04241764545440674,-0.18223491311073303,-0.04153320995123977,-0.03641432523727417,-0.11993667483329773,-0.04139405918272132,-0.004681408405303955,-0.1953747570514679,0.003545856699702199,-0.007367849349975586,-0.2443554401397705,-0.03589317259343261,-0.0056258440017700195,-0.163876473903656,-0.03377134782226676,-0.006614327430725098,-0.1015034019947052,-0.01922919657977218,0.03845161199569702,-0.1843324899673462,-0.007070517269539778,0.03317439556121826,-0.23124250769615173,-0.03178022486122245,0.02657151222229004,-0.1791025996208191,-0.02541665417106742,0.0200616717338562,-0.13311299681663513,-0.012352861100453083
A,-0.07818180322647095,-0.040697336196899414,-0.02138973030383795,-0.13679814338684082,-0.13188326358795166,-0.02768736894364565,-0.1621606945991516,-0.2190309762954712,-0.037040168448641,-0.18335175514221191,-0.2915084660053253,-0.042237581714346106,-0.09832394123077393,-0.21032142639160156,0.012406716094062631,-0.11738789081573486,-0.2719825804233551,-0.022259598627044852,-0.11020416021347046,-0.206098735332489,-0.044532893254711325,-0.10210245847702026,-0.14387410879135132,-0.052941603615238364,-0.051657676696777344,-0.21736875176429749,0.009379635535822217,-0.0782475471496582,-0.26860472559928894,-0.02899139563675135,-0.07212620973587036,-0.18860256671905518,-0.04472344557876795,-0.06418538093566895,-0.12244969606399536,-0.04472434709902018,-0.00627446174621582,-0.21621441841125488,-0.0009639755299417629,-0.031890690326690674,-0.25647228956222534,-0.04184964115853518,-0.029892563819885254,-0.1710304319858551,-0.04013030420179575,-0.02567988634109497,-0.1042557954788208,-0.02574904452200144,0.040775299072265625,-0.20903798937797546,-0.013101405493273433,0.014006972312927246,-0.24308955669403076,-0.04102819974656313,0.006419777870178223,-0.18368512392044067,-0.03583122979040354,0.0048836469650268555,-0.13291186094284058,-0.022940302296831305
A,-0.0683031678199768,-0.03368580341339111,-0.02062556877183397,-0.12007370591163635,-0.11284255981445312,-0.027319485167140556,-0.14178583025932312,-0.18267053365707397,-0.03474610283421953,-0.16030409932136536,-0.24133461713790894,-0.038374937916273666,-0.08316904306411743,-0.20746874809265137,0.004227584848081278,-0.11009472608566284,-0.22755807638168335,-0.025002645174140525,-0.09909439086914062,-0.16347867250442505,-0.044338464582438064,-0.08742249011993408,-0.10884010791778564,-0.05199310168075044,-0.03983795642852783,-0.21874397993087769,0.0033276681004963393,-0.0700121521949768,-0.21916601061820984,-0.027703687394136978,-0.06229114532470703,-0.14312273263931274,-0.039717763507837844,-0.05562621355056763,-0.08633685111999512,-0.039686858499521804,0.0010619163513183594,-0.21541422605514526,-0.0034181865249820476,-0.02924555540084839,-0.2026536464691162,-0.03610333039807756,-0.02598714828491211,-0.12503761053085327,-0.03256769090342004,-0.023533344268798828,-0.07043707370758057,-0.020157474869961334,0.03928422927856445,-0.20152509212493896,-0.012161807933921409,0.010209262371063232,-0.19323617219924927,-0.034545518303389144,0.006266117095947266,-0.13670563697814941,-0.028853216985339714,0.0061029791831970215,-0.09846293926239014,-0.017004016632313323
A,-0.06549662351608276,-0.020310044288635254,-0.024610286069957965,-0.11626487970352173,-0.08056271076202393,-0.03452463397189831,-0.13888069987297058,-0.1387215256690979,-0.042664318768231624,-0.15659138560295105,-0.19171035289764404,-0.04626261764570927,-0.08689755201339722,-0.19639325141906738,-0.006219483869074338,-0.11130988597869873,-0.1865207552909851,-0.03422016599580502,-0.09911829233169556,-0.1274978518486023,-0.052096381274907344,-0.08733940124511719,-0.07880640029907227,-0.05885804021164631,-0.047892212867736816,-0.21150285005569458,-0.004525113342253917,-0.07348871231079102,-0.17887520790100098,-0.03231339850827908,-0.06415802240371704,-0.10932928323745728,-0.04256376573249554,-0.05580449104309082,-0.06066238880157471,-0.042295246807782405,-0.009939372539520264,-0.20566922426223755,-0.008126764049677604,-0.03467667102813721,-0.16177719831466675,-0.03683157214328503,-0.029506444931030273,-0.09525758028030396,-0.033816012976615184,-0.024730205535888672,-0.0517582893371582,-0.023227955637423747,0.02592986822128296,-0.18784761428833008,-0.014245254410354846,0.002547323703765869,-0.15819579362869263,-0.03454747000142788,0.0008023381233215332,-0.10779494047164917,-0.030682363970129245,0.0015034079551696777,-0.07755035161972046,-0.0206496952603743
A,-0.04799133539199829,-0.019690334796905518,-0.0195483937766312,-0.08472275733947754,-0.0799376368522644,-0.02638980931601509,-0.10152417421340942,-0.13830816745758057,-0.03329358435235008,-0.10897660255432129,-0.18626528978347778,-0.0364337060507296,-0.07191377878189087,-0.13267868757247925,-0.000439515415337155,-0.07467669248580933,-0.17939811944961548,-0.02380394934675678,-0.05868959426879883,-0.1357705295085907,-0.036842456078147734,-0.048387765884399414,-0.09524387121200562,-0.04088934696278557,-0.03878360986709595,-0.13734182715415955,0.00039189347648971307,-0.04014158248901367,-0.17734947800636292,-0.026210416099047507,-0.028770744800567627,-0.1187925934791565,-0.03371707162818893,-0.024100184440612793,-0.07679229974746704,-0.030919983973717535,-0.008585453033447266,-0.13447585701942444,-0.0035497010592280276,-0.008552014827728271,-0.1649816632270813,-0.030729971816754187,-0.0038553476333618164,-0.10575294494628906,-0.025934267779803122,-0.004670500755310059,-0.0668020248413086,-0.013900695359325255,0.020705997943878174,-0.12670278549194336,-0.00898588913491949,0.022142887115478516,-0.157062828540802,-0.025599731123065794,0.02037733793258667,-0.11749416589736938,-0.019308475768184508,0.01478356122970581,-0.0887165367603302,-0.00915599799714073
B,-0.054699838161468506,-0.025188684463500977,-0.021538149742013957,-0.09544706344604492,-0.08198380470275879,-0.033482004133588816,-0.08094894886016846,-0.1399303674697876,-0.044135838923580195,-0.03647273778915405,-0.14945417642593384,-0.054795704958564784,-0.07010459899902344,-0.19175058603286743,-0.014042615135736014,-0.07553499937057495,-0.2673344910144806,-0.027378041473753,-0.07294124364852905,-0.3122960031032562,-0.04188342782629206,-0.06739175319671631,-0.35346436500549316,-0.05428788456094935,-0.03559458255767822,-0.20457643270492554,-0.016245478940732028,-0.04009091854095459,-0.2910524606704712,-0.024246664894349124,-0.040551960468292236,-0.34161221981048584,-0.034328121868497874,-0.04080319404602051,-0.38672006130218506,-0.04342595132959559,-0.0030525922775268555,-0.19949093461036682,-0.02189490961802676,-0.00767892599105835,-0.27907228469848633,-0.029087396515137698,-0.01154780387878418,-0.3276320695877075,-0.03625850769651606,-0.015209436416625977,-0.36824601888656616,-0.042916756299860026,0.03158295154571533,-0.17922377586364746,-0.03074989858043864,0.027481138706207275,-0.24269676208496094,-0.03757506254089549,0.0238112211227417,-0.2814827859401703,-0.040133461532718684,0.020009517669677734,-0.314449667930603,-0.04295923578513339
B,-0.058148205280303955,-0.033411383628845215,-0.02200817817200118,-0.098269522190094,-0.10222446918487549,-0.03358078317094737,-0.07646769285202026,-0.16378965973854065,-0.044200840753802595,-0.029110968112945557,-0.173908531665802,-0.054987038833388624,-0.0776248574256897,-0.20921573042869568,-0.012245017451533613,-0.08280456066131592,-0.29022401571273804,-0.026420883250722227,-0.08038920164108276,-0.34039029479026794,-0.042079023433217344,-0.07580834627151489,-0.3858606815338135,-0.05526342929650241,-0.040415167808532715,-0.22220230102539062,-0.014902532448360262,-0.04576772451400757,-0.3130212724208832,-0.023560959262141523,-0.04721146821975708,-0.3681008815765381,-0.035020041627177534,-0.04869312047958374,-0.4163106679916382,-0.04500041471172267,-0.004621624946594238,-0.21726536750793457,-0.02127130457509452,-0.00979393720626831,-0.299826443195343,-0.028452554134020147,-0.014802396297454834,-0.35187584161758423,-0.03662675933290416,-0.020337343215942383,-0.3960435390472412,-0.04393955634284907,0.03236842155456543,-0.19740521907806396,-0.03103348740685874,0.026290953159332275,-0.26592302322387695,-0.037451829177626905,0.02108079195022583,-0.30863332748413086,-0.039953451020011244,0.016249895095825195,-0.3453059494495392,-0.04274845809985095
B,-0.06445527076721191,-0.029334664344787598,-0.028030847881097998,-0.1124645471572876,-0.09927088022232056,-0.043686421338577475,-0.09460556507110596,-0.16664963960647583,-0.05748310846473714,-0.04191631078720093,-0.1776004433631897,-0.07133361113454839,-0.08153587579727173,-0.23054301738739014,-0.02118770939495107,-0.086528480052948,-0.32206249237060547,-0.039441713813801016,-0.08237564563751221,-0.3782705068588257,-0.05766358760382673,-0.07488280534744263,-0.43020305037498474,-0.07277528357889196,-0.03982663154602051,-0.24425247311592102,-0.023354053247828688,-0.0440831184387207,-0.3488476574420929,-0.03519125444080373,-0.04294312000274658,-0.41167503595352173,-0.04783126873161336,-0.04113978147506714,-0.4685322344303131,-0.05879723814513227,-0.00045567750930786133,-0.23757734894752502,-0.02983978552009603,-0.004654884338378906,-0.33225730061531067,-0.04030630153800985,-0.00838935375213623,-0.3921271562576294,-0.049781506631632055,-0.01168060302734375,-0.44429418444633484,-0.05804908809449216,0.04068106412887573,-0.2138572633266449,-0.0402858273425295,0.03660881519317627,-0.2904369533061981,-0.04947472897555372,0.03385496139526367,-0.338589608669281,-0.05347337362553617,0.031194627285003662,-0.3814944922924042,-0.05751303372170469
B,-0.06394380331039429,-0.025972723960876465,-0.028473633246107966,-0.11075925827026367,-0.09260302782058716,-0.04574472354499903,-0.08693927526473999,-0.14673137664794922,-0.060841786579771906,-0.03413224220275879,-0.15318280458450317,-0.07690684767214861,-0.08104979991912842,-0.21641391515731812,-0.03147999839632121,-0.08453679084777832,-0.30543380975723267,-0.05316448108999339,-0.08027178049087524,-0.3607749342918396,-0.07239548386780825,-0.07301384210586548,-0.412474125623703,-0.0878593129083356,-0.041539013385772705,-0.22731608152389526,-0.03439143942443934,-0.04711669683456421,-0.3296152353286743,-0.05048444391934481,-0.045801520347595215,-0.3915247321128845,-0.06516167046277133,-0.0437241792678833,-0.44898954033851624,-0.07734427125899401,-0.0035706758499145508,-0.21796560287475586,-0.04102289201466647,-0.007744908332824707,-0.312407523393631,-0.05580019848196116,-0.009923398494720459,-0.37122946977615356,-0.06830611349789706,-0.011970877647399902,-0.4232647716999054,-0.07808452369420138,0.0359576940536499,-0.19367444515228271,-0.05113095687477198,0.03336822986602783,-0.2712090015411377,-0.06480636717526522,0.03157311677932739,-0.3201430141925812,-0.07191163571326342,0.02897435426712036,-0.3642159104347229,-0.07778618009535876
B,-0.06065106391906738,-0.035399675369262695,-0.025957868913906168,-0.09924226999282837,-0.10144180059432983,-0.04174474954118068,-0.07094228267669678,-0.15431761741638184,-0.05601160183061893,-0.020887315273284912,-0.1619025468826294,-0.07093658625592525,-0.07394880056381226,-0.21399390697479248,-0.024189283619421076,-0.07779133319854736,-0.30191829800605774,-0.043697069878476213,-0.07329177856445312,-0.35723257064819336,-0.062041542972224306,-0.06605112552642822,-0.4073878526687622,-0.07644590317715938,-0.034095168113708496,-0.22668147087097168,-0.02691415838410194,-0.037855446338653564,-0.3266749382019043,-0.039896729881661486,-0.03698086738586426,-0.3891235291957855,-0.05370812817920978,-0.035385966300964355,-0.4440074563026428,-0.06525591343154247,0.003468036651611328,-0.22024351358413696,-0.03330569296588237,0.0011788606643676758,-0.3111257255077362,-0.04397819518555934,-0.002489328384399414,-0.3688426911830902,-0.054589565391438555,-0.006118953227996826,-0.4179334044456482,-0.0632983627866679,0.0416068434715271,-0.19813352823257446,-0.04322289257754619,0.0382767915725708,-0.2727009057998657,-0.052572790081399035,0.03426218032836914,-0.31936514377593994,-0.056732646669047426,0.03044503927230835,-0.3596700429916382,-0.06045975863446529
B,-0.05712020397186279,-0.03940260410308838,-0.02400048032282598,-0.09175336360931396,-0.1075626015663147,-0.03767748318492181,-0.06380409002304077,-0.15589487552642822,-0.05004131935416467,-0.018857896327972412,-0.16228759288787842,-0.06254962228118188,-0.06684637069702148,-0.21622765064239502,-0.017945760412800382,-0.06763535737991333,-0.300012469291687,-0.0348798274236799,-0.06234925985336304,-0.3525589108467102,-0.05203890941916711,-0.05548965930938721,-0.4015007019042969,-0.06617707155524499,-0.02628004550933838,-0.22601228952407837,-0.02112197086094625,-0.029502451419830322,-0.3200516700744629,-0.03217144451915033,-0.029471874237060547,-0.3786700963973999,-0.045837563945639204,-0.029683470726013184,-0.4322328269481659,-0.057550040556776594,0.011871814727783203,-0.21731436252593994,-0.027966532407987188,0.00839245319366455,-0.3037400245666504,-0.037630224152195524,0.004805445671081543,-0.35914766788482666,-0.04774576566993005,0.0008716583251953125,-0.4090035557746887,-0.05621059007822282,0.04981619119644165,-0.19299286603927612,-0.03815423838673837,0.04454439878463745,-0.26482486724853516,-0.047523242904532026,0.03993237018585205,-0.3100419044494629,-0.05133313454567201,0.03636711835861206,-0.35132473707199097,-0.0546365729707361
B,-0.06704670190811157,-0.042626142501831055,-0.027108834124106806,-0.10889869928359985,-0.12364548444747925,-0.0409136945371813,-0.07813823223114014,-0.1957893967628479,-0.053274364209670466,-0.02248382568359375,-0.20771047472953796,-0.06568132806469862,-0.08281093835830688,-0.2454664409160614,-0.014092589727539462,-0.08899921178817749,-0.3388569951057434,-0.030261660925049227,-0.08708882331848145,-0.3968644440174103,-0.04851428884913389,-0.08269071578979492,-0.45040127635002136,-0.06450777221371595,-0.03796917200088501,-0.26163995265960693,-0.01654252689232294,-0.044742584228515625,-0.3654767870903015,-0.026585585436720294,-0.046912968158721924,-0.4281095713376999,-0.040600054896373194,-0.04953724145889282,-0.4840452969074249,-0.053168212062615794,0.004111647605895996,-0.2553677558898926,-0.023433943278092784,-0.0022268295288085938,-0.351818323135376,-0.03238248545576994,-0.008420467376708984,-0.4107632339000702,-0.04217866528679792,-0.015924513339996338,-0.4616704732179642,-0.05115507263590757,0.04796171188354492,-0.23010790348052979,-0.03435947094013159,0.04161560535430908,-0.30810457468032837,-0.04323721770097677,0.035162270069122314,-0.35692906379699707,-0.04704661760379736,0.02833038568496704,-0.3995538353919983,-0.05095576587964956
B,-0.05760389566421509,-0.027857422828674316,-0.02215960855133403,-0.09938055276870728,-0.08786839246749878,-0.03444467531986106,-0.08483141660690308,-0.15529391169548035,-0.04558061482853759,-0.040062785148620605,-0.17980146408081055,-0.05643496336884368,-0.07740956544876099,-0.19892582297325134,-0.011982962959478982,-0.08420789241790771,-0.27922844886779785,-0.02606215188748706,-0.08244335651397705,-0.32670363783836365,-0.041402746462296136,-0.07775425910949707,-0.370688334107399,-0.054718826436470636,-0.04118025302886963,-0.21345427632331848,-0.015063521922598966,-0.04747891426086426,-0.30404043197631836,-0.02404545667118896,-0.04768413305282593,-0.3563171327114105,-0.035964083396862634,-0.04833412170410156,-0.4054301083087921,-0.04679013463206161,-0.006954848766326904,-0.20871376991271973,-0.021944236480663903,-0.013678491115570068,-0.2919241786003113,-0.03110431740529407,-0.01734602451324463,-0.34218257665634155,-0.039779894524286874,-0.020957767963409424,-0.38686156272888184,-0.04784221994228233,0.030227243900299072,-0.1888795793056488,-0.03202575119681228,0.02365708351135254,-0.25479286909103394,-0.041210681670378335,0.019783854484558105,-0.29536929726600647,-0.045207083695601114,0.01598435640335083,-0.3319784998893738,-0.04928184720225204
B,-0.06069135665893555,-0.01890486478805542,-0.020512294626229277,-0.10681101679801941,-0.07267189025878906,-0.03224089243113326,-0.10017749667167664,-0.14487919211387634,-0.043036671957366934,-0.05822974443435669,-0.17108851671218872,-0.05378444366752433,-0.09096622467041016,-0.19513177871704102,-0.012319044812016955,-0.10063844919204712,-0.27864694595336914,-0.025477383887761107,-0.10076287388801575,-0.32766255736351013,-0.04020213582217025,-0.0980370044708252,-0.37245436012744904,-0.05311085157691764,-0.055977821350097656,-0.21356433629989624,-0.016298644846671095,-0.0657569169998169,-0.3089022934436798,-0.02425044462680148,-0.06692349910736084,-0.36300404369831085,-0.03472284846603202,-0.06813710927963257,-0.4101373255252838,-0.044614649048440924,-0.021582305431365967,-0.21194276213645935,-0.023841960957639685,-0.03175532817840576,-0.2975689768791199,-0.03149877735077666,-0.035352349281311035,-0.34788380563259125,-0.03886762135326194,-0.038335442543029785,-0.3900482654571533,-0.04625779636799621,0.016192972660064697,-0.19462281465530396,-0.03456735484897422,0.006064474582672119,-0.26372870802879333,-0.04226647191345023,0.0014209747314453125,-0.30409014225006104,-0.04523840793072509,-0.0029567480087280273,-0.3375399559736252,-0.048723159959905615
B,-0.056559979915618896,-0.015003800392150879,-0.024185280661640718,-0.10355064272880554,-0.06581330299377441,-0.039716600786505296,-0.09255313873291016,-0.12363052368164062,-0.053347452889738634,-0.050185203552246094,-0.14289700984954834,-0.06741912976985986,-0.08610641956329346,-0.18645668029785156,-0.026085759859142854,-0.09219706058502197,-0.26852965354919434,-0.04384932608490999,-0.0908050537109375,-0.3183748424053192,-0.0599354499686342,-0.08702594041824341,-0.3644016981124878,-0.07302428350931223,-0.05167841911315918,-0.19910359382629395,-0.028906799267588212,-0.05972033739089966,-0.29134541749954224,-0.04124345944410379,-0.05983036756515503,-0.34621894359588623,-0.05254048423057611,-0.05916452407836914,-0.3961791396141052,-0.06238838599210794,-0.01782238483428955,-0.19435137510299683,-0.034962739210186555,-0.02534264326095581,-0.2803032100200653,-0.04627780185228403,-0.028066694736480713,-0.3326973617076874,-0.055173538039980485,-0.03010702133178711,-0.3784743845462799,-0.06271868513113077,0.017620205879211426,-0.17641866207122803,-0.04411312506681497,0.010127723217010498,-0.2452881932258606,-0.054930850278196885,0.006963193416595459,-0.28824207186698914,-0.059817905883846834,0.003941178321838379,-0.3262680768966675,-0.06407361791616495
B,-0.05229377746582031,-0.02644127607345581,-0.02179716813324717,-0.0881538987159729,-0.08295750617980957,-0.03432232799886492,-0.06969809532165527,-0.1366996169090271,-0.04553042638062266,-0.02810060977935791,-0.15073120594024658,-0.056785146770465644,-0.07103008031845093,-0.1828194260597229,-0.016837853071677955,-0.07598209381103516,-0.25656482577323914,-0.03201730462669161,-0.07208842039108276,-0.3018046021461487,-0.047139118490207466,-0.06516963243484497,-0.3430401086807251,-0.05943602236865786,-0.03779035806655884,-0.1951429843902588,-0.019049602625358375,-0.04257512092590332,-0.279095321893692,-0.0289004212891939,-0.041500747203826904,-0.32939088344573975,-0.04004823329805163,-0.03991878032684326,-0.3744399845600128,-0.04962361889838007,-0.005675613880157471,-0.1903248429298401,-0.024569450942266258,-0.010174214839935303,-0.2672788202762604,-0.03346669214724329,-0.013456165790557861,-0.31554698944091797,-0.04185978609083918,-0.01643890142440796,-0.35694974660873413,-0.0490359692549589,0.02858757972717285,-0.17189639806747437,-0.03311423870681551,0.02449101209640503,-0.23497968912124634,-0.04115604522584704,0.021533668041229248,-0.27389106154441833,-0.04447829636691836,0.01862865686416626,-0.30799806118011475,-0.04765773105381754
C,-0.05446934700012207,-0.003423452377319336,-0.0051926589622723895,-0.10369163751602173,-0.029092729091644287,-0.016306866058670266,-0.1426650881767273,-0.04006427526473999,-0.03204144733544467,-0.17968696355819702,-0.05186283588409424,-0.04660118939872859,-0.09989488124847412,-0.14433705806732178,0.008859833604134337,-0.12341880798339844,-0.21086490154266357,-0.014382425793968423,-0.15326672792434692,-0.21699869632720947,-0.03574433001276134,-0.1761631965637207,-0.20592129230499268,-0.048354273760281785,-0.0813286304473877,-0.15437206625938416,-0.004633915243260844,-0.10658860206604004,-0.24003639817237854,-0.029556032368503793,-0.14523839950561523,-0.23592674732208252,-0.04642713266011356,-0.17039978504180908,-0.2064966857433319,-0.05389499487873195,-0.061804354190826416,-0.1545701026916504,-0.022344049164615853,-0.08623886108398438,-0.2344243824481964,-0.040472699427567704,-0.1280919313430786,-0.23441803455352783,-0.04999712678190349,-0.15692353248596191,-0.21393489837646484,-0.053293639892302735,-0.042455434799194336,-0.14498719573020935,-0.04177385019656299,-0.07031023502349854,-0.19844552874565125,-0.053726056688987,-0.10535997152328491,-0.2120702862739563,-0.05999512421485065,-0.13393932580947876,-0.21082442998886108,-0.06282509314414142
C,-0.05902743339538574,-0.010816335678100586,-0.01736111141041974,-0.11085271835327148,-0.04771575331687927,-0.03670427895383099,-0.15129613876342773,-0.0704798698425293,-0.05860720522002438,-0.19258224964141846,-0.09361431002616882,-0.07945606804684857,-0.09870237112045288,-0.1675373613834381,-0.009114792041938102,-0.11722052097320557,-0.24991056323051453,-0.04234531096414784,-0.14483755826950073,-0.2588842511177063,-0.0715938503225253,-0.16873735189437866,-0.24333763122558594,-0.08841125614241818,-0.07374680042266846,-0.17693296074867249,-0.018932340138118064,-0.09537720680236816,-0.27513206005096436,-0.056122175820629394,-0.13181763887405396,-0.27520015835762024,-0.08323575503424863,-0.1591082215309143,-0.24186989665031433,-0.09611072338418225,-0.04690587520599365,-0.1759640872478485,-0.033198020823757446,-0.06715637445449829,-0.2670789361000061,-0.05993096850113133,-0.10496437549591064,-0.2715188264846802,-0.07670588738517026,-0.13397127389907837,-0.248121976852417,-0.08354877627686719,-0.015778541564941406,-0.1636572778224945,-0.04969322256044606,-0.03740960359573364,-0.22834837436676025,-0.06772910005645016,-0.07037830352783203,-0.25211775302886963,-0.07920153386191586,-0.10094469785690308,-0.2557591199874878,-0.08510408497647504
C,-0.06516492366790771,-0.006548702716827393,-0.0056436554252172755,-0.12453174591064453,-0.04228311777114868,-0.017107913149800424,-0.17101335525512695,-0.057253122329711914,-0.03422137710293782,-0.21346664428710938,-0.06868386268615723,-0.049977011857833986,-0.11458861827850342,-0.16135266423225403,0.011617736080381746,-0.1431078314781189,-0.23337888717651367,-0.016099551571812754,-0.17910516262054443,-0.23704615235328674,-0.04178077715477002,-0.20804250240325928,-0.22101330757141113,-0.05716076481184018,-0.0946509838104248,-0.17149588465690613,-0.003901946004759793,-0.1284157633781433,-0.26355576515197754,-0.03527975442847264,-0.17424553632736206,-0.25519561767578125,-0.05781764152487767,-0.20331937074661255,-0.21856531500816345,-0.06818513187607778,-0.07314014434814453,-0.17144137620925903,-0.024088157220091944,-0.10439950227737427,-0.2569849491119385,-0.046768549708929186,-0.15457963943481445,-0.2506045401096344,-0.05991357925375951,-0.18824517726898193,-0.22205013036727905,-0.0644316560312177,-0.05223345756530762,-0.15912213921546936,-0.04613679635366452,-0.086697518825531,-0.21841317415237427,-0.0603723338528539,-0.12839525938034058,-0.22794434428215027,-0.06822791310986531,-0.16063237190246582,-0.21866613626480103,-0.07169176253518117
C,-0.06608331203460693,-0.0053487420082092285,-0.004051057231819755,-0.1242530345916748,-0.031919240951538086,-0.016271304414814836,-0.16622668504714966,-0.037968456745147705,-0.033978695125526315,-0.2040039300918579,-0.047495901584625244,-0.05010881468767536,-0.11607229709625244,-0.14863979816436768,0.006632710731381053,-0.1473483443260193,-0.21999049186706543,-0.02297844931597126,-0.18117636442184448,-0.2194550633430481,-0.048553792835420495,-0.2067909836769104,-0.20111113786697388,-0.06325616136307133,-0.09751260280609131,-0.15725713968276978,-0.009284916409498578,-0.13264727592468262,-0.25011056661605835,-0.043248893768733865,-0.17522674798965454,-0.23567605018615723,-0.06494382217640293,-0.19923502206802368,-0.19668161869049072,-0.07376676991695774,-0.07790327072143555,-0.15584754943847656,-0.029417017550414926,-0.10811096429824829,-0.2390231490135193,-0.05354391604775799,-0.15517491102218628,-0.2280339002609253,-0.06628226682657612,-0.18440735340118408,-0.19828957319259644,-0.06989538863415135,-0.05872219800949097,-0.14172083139419556,-0.05109031692261112,-0.09137970209121704,-0.19608932733535767,-0.06556873962396992,-0.13037091493606567,-0.20336729288101196,-0.07343268588299168,-0.15996170043945312,-0.19523578882217407,-0.0767016579222144
C,-0.06612265110015869,-0.005191802978515625,-0.007610250647189787,-0.12286192178726196,-0.03083348274230957,-0.01941340454948204,-0.16723358631134033,-0.04433399438858032,-0.0369108416242625,-0.2075980305671692,-0.0698620080947876,-0.05285803453159588,-0.1125747561454773,-0.16066992282867432,0.018017915626046488,-0.1377352476119995,-0.23269733786582947,-0.006626292514624765,-0.16757851839065552,-0.241292804479599,-0.03205237389636295,-0.19409847259521484,-0.22811156511306763,-0.04762651250791805,-0.09291160106658936,-0.17226144671440125,0.004347832956341335,-0.12322545051574707,-0.25871026515960693,-0.024071652825000456,-0.16160964965820312,-0.25861310958862305,-0.04881931320858257,-0.18925398588180542,-0.22757208347320557,-0.061494050930264166,-0.07203996181488037,-0.1761157214641571,-0.014365543062808683,-0.10216480493545532,-0.25969433784484863,-0.03587512151432293,-0.1433376669883728,-0.26069730520248413,-0.05045973361563938,-0.17356163263320923,-0.23560914397239685,-0.05601381362509983,-0.048731446266174316,-0.17028871178627014,-0.03514709548187511,-0.07981830835342407,-0.233120858669281,-0.04963902981114643,-0.11741906404495239,-0.2519127428531647,-0.05844111965132015,-0.14935040473937988,-0.2491534948348999,-0.06227457002830761
C,-0.06458920240402222,-0.0012992024421691895,-0.015978241900693746,-0.122158944606781,-0.02462846040725708,-0.030859441126477094,-0.16546475887298584,-0.04259669780731201,-0.048459267805110784,-0.20527952909469604,-0.06973692774772644,-0.06511222813535866,-0.10834693908691406,-0.15789613127708435,0.007350102902609734,-0.13498753309249878,-0.22132369875907898,-0.013829232754897447,-0.15966743230819702,-0.23723956942558289,-0.038056357393752904,-0.18559938669204712,-0.23193037509918213,-0.05422036964703736,-0.08596670627593994,-0.1726927012205124,-0.00015425103741151247,-0.11779266595840454,-0.24418026208877563,-0.024193889091502996,-0.14859431982040405,-0.2546960264444351,-0.049236978034269185,-0.175986647605896,-0.23603230714797974,-0.06459263954569039,-0.06106990575790405,-0.17863459885120392,-0.012212266775559755,-0.09072339534759521,-0.2525913119316101,-0.030987201819907995,-0.12170946598052979,-0.26557281613349915,-0.04606752712536988,-0.14866310358047485,-0.2514911890029907,-0.05419394988824067,-0.03060758113861084,-0.1746235191822052,-0.02657391187061009,-0.058488667011260986,-0.23349624872207642,-0.0407869579296225,-0.08866655826568604,-0.2585965692996979,-0.04992371294904885,-0.11761772632598877,-0.2647523730993271,-0.05506994445134339
C,-0.06597298383712769,0.00447574257850647,-0.0025540366652094804,-0.12657874822616577,-0.019671231508255005,-0.008484627108522602,-0.17269903421401978,-0.03551262617111206,-0.02145263178969259,-0.21511834859848022,-0.05636325478553772,-0.033062931138523766,-0.11456114053726196,-0.15673929452896118,0.03238814697837,-0.14278578758239746,-0.22187842428684235,0.014929260138920597,-0.17580384016036987,-0.23147931694984436,-0.005922108411290594,-0.20406830310821533,-0.2219589650630951,-0.019681289780386635,-0.09791797399520874,-0.17181211709976196,0.016685754072419456,-0.13338911533355713,-0.2526060491800308,-0.00504797183672423,-0.1751042604446411,-0.25042833387851715,-0.026368539768704125,-0.20346379280090332,-0.21811449527740479,-0.03741654752517576,-0.08091545104980469,-0.17780551314353943,-0.004370361089208075,-0.11735165119171143,-0.25751224160194397,-0.023062290612109848,-0.16153788566589355,-0.2556360363960266,-0.03598801417971487,-0.19238042831420898,-0.2285500466823578,-0.04052668063665266,-0.06448942422866821,-0.17290076613426208,-0.027339888724931427,-0.10235178470611572,-0.2335023283958435,-0.04124144091034765,-0.14118880033493042,-0.24885952472686768,-0.04925149678016538,-0.17197459936141968,-0.24336974322795868,-0.052480954665192314
C,-0.06950855255126953,-0.005460917949676514,0.006694129842173879,-0.12726670503616333,-0.033500492572784424,0.003136540471416538,-0.17072880268096924,-0.045755207538604736,-0.009148415004062826,-0.21074911952018738,-0.0626453161239624,-0.019686600019383604,-0.11303722858428955,-0.16016578674316406,0.03880718740339262,-0.1359177827835083,-0.22936609387397766,0.02153672854120714,-0.16769850254058838,-0.23150634765625,0.002837481849667256,-0.19317853450775146,-0.21721473336219788,-0.008938417595970805,-0.09680366516113281,-0.17139101028442383,0.018850198189568346,-0.12737882137298584,-0.2568814754486084,-0.0012076012214379261,-0.16790270805358887,-0.24950456619262695,-0.017361689184951956,-0.19402700662612915,-0.21817231178283691,-0.024931184773492987,-0.08238494396209717,-0.17269998788833618,-0.0063106993335964034,-0.11385071277618408,-0.25504255294799805,-0.021858922963190253,-0.15753239393234253,-0.24979108572006226,-0.029676168983030493,-0.1872188150882721,-0.2241094708442688,-0.03173219395165461,-0.07169443368911743,-0.1626160740852356,-0.03296970558648127,-0.1054152250289917,-0.2187320590019226,-0.04230584931855219,-0.14209812879562378,-0.23185017704963684,-0.04701552150135058,-0.1714683175086975,-0.22960418462753296,-0.04905741271858233
C,-0.059238553047180176,-0.005052804946899414,-0.013264695212959587,-0.1118505597114563,-0.03104466199874878,-0.02894847284328872,-0.15168321132659912,-0.046664416790008545,-0.04787423650991851,-0.18798047304153442,-0.07218897342681885,-0.06552077274095947,-0.09889721870422363,-0.15219315886497498,0.000347185296456054,-0.11679929494857788,-0.22814834117889404,-0.02724810692739421,-0.14297109842300415,-0.23659968376159668,-0.0529464837468856,-0.16688424348831177,-0.22188091278076172,-0.06814367513430053,-0.07786262035369873,-0.15966054797172546,-0.009387798637866318,-0.101837158203125,-0.24563723802566528,-0.03966150249612266,-0.13676869869232178,-0.2471519112586975,-0.06313067118894988,-0.1636257767677307,-0.22000721096992493,-0.0751073155857318,-0.055635154247283936,-0.15920394659042358,-0.023550851301073372,-0.0787583589553833,-0.24045702815055847,-0.045770233527540505,-0.1148829460144043,-0.24707293510437012,-0.0600631218708747,-0.14426159858703613,-0.2287740409374237,-0.06625066141855651,-0.029882073402404785,-0.14919641613960266,-0.039773454920172036,-0.05234670639038086,-0.20840489864349365,-0.055112173811315834,-0.08317601680755615,-0.23033374547958374,-0.06459004621279174,-0.11209797859191895,-0.23392048478126526,-0.06938567201864654
C,-0.062408268451690674,-0.008319079875946045,-0.0059092778374036925,-0.11622101068496704,-0.04230237007141113,-0.017589392386057057,-0.15674829483032227,-0.05661243200302124,-0.03397858167407719,-0.19335979223251343,-0.07595241069793701,-0.04930560315368382,-0.10234111547470093,-0.15627741813659668,0.006619463894836031,-0.12538963556289673,-0.22566276788711548,-0.019474389277078785,-0.1547061800956726,-0.23323160409927368,-0.04336091528055874,-0.18006694316864014,-0.22103101015090942,-0.057665445156075634,-0.08283001184463501,-0.16379672288894653,-0.00681738207457272,-0.10908299684524536,-0.24933195114135742,-0.03717098409650532,-0.14783740043640137,-0.24348515272140503,-0.05833431730387417,-0.17448967695236206,-0.2111128568649292,-0.06775017852304188,-0.06172299385070801,-0.16009873151779175,-0.024183951563813366,-0.08565205335617065,-0.2401377558708191,-0.04600633705375401,-0.12722843885421753,-0.237775981426239,-0.057738833374955334,-0.15744632482528687,-0.21425718069076538,-0.06137862081048695,-0.040712177753448486,-0.1432253122329712,-0.04310246954081265,-0.06761401891708374,-0.198769211769104,-0.05703444058416096,-0.10159993171691895,-0.21494430303573608,-0.0643551724624416,-0.13004183769226074,-0.21529114246368408,-0.06732126349923817
D,-0.053343772888183594,-0.02854287624359131,-0.029191803941988503,-0.09613168239593506,-0.07293212413787842,-0.051538371304535424,-0.11263465881347656,-0.12574058771133423,-0.07494695932652906,-0.08891284465789795,-0.17372781038284302,-0.09644572884824232,-0.07176780700683594,-0.18897393345832825,-0.02596089319374517,-0.07824331521987915,-0.27834591269493103,-0.05802699626471952,-0.07875978946685791,-0.3316458463668823,-0.07882558257367567,-0.07596325874328613,-0.379206120967865,-0.09290994406726316,-0.03397476673126221,-0.18255120515823364,-0.03160601929810003,-0.042144060134887695,-0.2461363971233368,-0.08172446937348798,-0.05377650260925293,-0.18333929777145386,-0.09530798793818906,-0.05803412199020386,-0.13313084840774536,-0.09236592502381757,0.0026499032974243164,-0.16395342350006104,-0.041644689450525796,-0.00741952657699585,-0.20978263020515442,-0.08897918910767988,-0.020868539810180664,-0.14314717054367065,-0.08389024139430479,-0.024971425533294678,-0.09637302160263062,-0.066651169965529,0.03894609212875366,-0.13511759042739868,-0.05429472104694799,0.02946758270263672,-0.1735743284225464,-0.08445837796714262,0.010424494743347168,-0.13320177793502808,-0.0787165060737367,-0.00014930963516235352,-0.09754449129104614,-0.06602015049245313
D,-0.05337446928024292,-0.03427422046661377,-0.027282533794083852,-0.0919957160949707,-0.08993756771087646,-0.046343998610415715,-0.10272914171218872,-0.15354201197624207,-0.0666399054223683,-0.07470369338989258,-0.2008061707019806,-0.08556578084770705,-0.06636273860931396,-0.19889265298843384,-0.0175163090223458,-0.07326263189315796,-0.28777360916137695,-0.044199341535010594,-0.07337361574172974,-0.3409998118877411,-0.062748929112592,-0.06882011890411377,-0.3901481032371521,-0.07608330771271254,-0.029297232627868652,-0.1963399052619934,-0.022043726965227384,-0.02955150604248047,-0.2704944312572479,-0.06348853334728743,-0.039913177490234375,-0.212880939245224,-0.07577891424242522,-0.04667353630065918,-0.1653802990913391,-0.07400164529625441,0.007269620895385742,-0.18124765157699585,-0.030764264612832326,0.007029712200164795,-0.24251368641853333,-0.06965911164824035,-0.005858242511749268,-0.17900654673576355,-0.06387150064054992,-0.011493325233459473,-0.12952777743339539,-0.04863904938046004,0.04310309886932373,-0.15329033136367798,-0.04233139157239463,0.041121482849121094,-0.2075156569480896,-0.06742191836182143,0.025201082229614258,-0.1678045690059662,-0.06103022918049361,0.01563328504562378,-0.12684255838394165,-0.04944779127780463
D,-0.04908865690231323,-0.031563401222229004,-0.02899048260502024,-0.08536285161972046,-0.08368867635726929,-0.048973962358156875,-0.08960103988647461,-0.13975441455841064,-0.06916115402332945,-0.060773372650146484,-0.1783585548400879,-0.08765629648319884,-0.055533647537231445,-0.19567587971687317,-0.024312555483500198,-0.056765854358673096,-0.281747430562973,-0.05026830329648657,-0.05467534065246582,-0.3321802020072937,-0.06687840043656035,-0.04910933971405029,-0.37889519333839417,-0.07893479584805174,-0.01777815818786621,-0.18690991401672363,-0.028256842560092643,-0.01724827289581299,-0.2483818531036377,-0.07183298437945052,-0.02637845277786255,-0.1882290542125702,-0.08317885517231627,-0.031035184860229492,-0.13712084293365479,-0.08004367320887251,0.017351984977722168,-0.16574794054031372,-0.03616170927039786,0.016232788562774658,-0.21357452869415283,-0.07771749018780394,0.0025733113288879395,-0.15073764324188232,-0.07239945947281523,-0.004446983337402344,-0.10478740930557251,-0.056871212712446884,0.0507388710975647,-0.1345040202140808,-0.04666051982990904,0.05132490396499634,-0.18123599886894226,-0.07337019561878844,0.03493720293045044,-0.14132344722747803,-0.06739308654419585,0.023910999298095703,-0.10499775409698486,-0.05587894066325827
D,-0.043820083141326904,-0.0350109338760376,-0.02944456441585963,-0.07584351301193237,-0.082386314868927,-0.04974621562545245,-0.07353919744491577,-0.13300395011901855,-0.0695750045615906,-0.042492806911468506,-0.16805654764175415,-0.08760112552230304,-0.04506462812423706,-0.18736469745635986,-0.0275897293377394,-0.04303532838821411,-0.2693360447883606,-0.054028936012434414,-0.03898727893829346,-0.31671178340911865,-0.07073818175380175,-0.0326310396194458,-0.360588401556015,-0.08289586780850833,-0.007249772548675537,-0.1763371229171753,-0.030219147263812474,-0.005618572235107422,-0.22835606336593628,-0.07228655396287387,-0.013403892517089844,-0.16767150163650513,-0.08254438666884845,-0.017226457595825195,-0.11985313892364502,-0.07977364985530322,0.026798248291015625,-0.15257185697555542,-0.0367715175289387,0.02854102849960327,-0.19356590509414673,-0.07747748522345965,0.014434754848480225,-0.13254624605178833,-0.07155951885764544,0.0060977935791015625,-0.08917808532714844,-0.056380268468307904,0.05774974822998047,-0.11976957321166992,-0.04592570318167155,0.060586512088775635,-0.15785503387451172,-0.07285356549804156,0.04253232479095459,-0.12065631151199341,-0.06749032465999072,0.02910548448562622,-0.0882333517074585,-0.0566573630112881
D,-0.04361659288406372,-0.026167333126068115,-0.02481016880341258,-0.08054417371749878,-0.07084321975708008,-0.04439601293273654,-0.09492969512939453,-0.11831402778625488,-0.06492842724986758,-0.0738258957862854,-0.1541363000869751,-0.08412750801511493,-0.053797900676727295,-0.17744898796081543,-0.023059606463391447,-0.05681079626083374,-0.2565775513648987,-0.050643939436156415,-0.0572773814201355,-0.3031838536262512,-0.06720160684056964,-0.0528491735458374,-0.34475964307785034,-0.07831652453609195,-0.020011544227600098,-0.16817522048950195,-0.028245322317559385,-0.030838310718536377,-0.21723860502243042,-0.07277832171388354,-0.043831825256347656,-0.1551121473312378,-0.08216980835862842,-0.046260714530944824,-0.11074495315551758,-0.07704935213990893,0.012167513370513916,-0.14813369512557983,-0.0372210851914474,-0.002346217632293701,-0.17690223455429077,-0.07978544375367846,-0.016804933547973633,-0.11422097682952881,-0.0730022191114017,-0.019704222679138184,-0.0750773549079895,-0.05572845405407634,0.04387146234512329,-0.11955863237380981,-0.04828884816237178,0.027151405811309814,-0.1464053988456726,-0.0746295749253818,0.009363234043121338,-0.10570263862609863,-0.06773584327169146,0.002267301082611084,-0.07576030492782593,-0.05496155461736407
D,-0.05016934871673584,-0.02838718891143799,-0.019183140080443195,-0.09142529964447021,-0.07161498069763184,-0.03675740940498429,-0.11469948291778564,-0.11513924598693848,-0.05658299459146576,-0.10284185409545898,-0.15249282121658325,-0.07546984015034752,-0.05620098114013672,-0.18347299098968506,-0.017039067875614933,-0.06510192155838013,-0.26786351203918457,-0.04288048280405121,-0.07008183002471924,-0.3179987668991089,-0.058065827768317035,-0.07012522220611572,-0.36088842153549194,-0.06809091178702431,-0.025377869606018066,-0.17828059196472168,-0.023950367998352817,-0.05843377113342285,-0.22285765409469604,-0.06666858104991036,-0.07552725076675415,-0.15864139795303345,-0.07500671951102333,-0.07506805658340454,-0.11295413970947266,-0.06903332082556801,0.003321528434753418,-0.16201335191726685,-0.03414875252174454,-0.03406834602355957,-0.1790744662284851,-0.07407368330287056,-0.04805976152420044,-0.11613821983337402,-0.06575399992989617,-0.04550516605377197,-0.07620292901992798,-0.04781537858771401,0.030199646949768066,-0.1350589394569397,-0.04630970193075257,-0.004232883453369141,-0.14628803730010986,-0.07064210979270058,-0.021720409393310547,-0.10242533683776855,-0.06280250458048897,-0.023487448692321777,-0.07075029611587524,-0.04920517636465149
D,-0.0523565411567688,-0.029035568237304688,-0.02687475529947747,-0.0959099531173706,-0.08166635036468506,-0.04944130291679372,-0.11573892831802368,-0.1382318139076233,-0.07395774384477605,-0.09598809480667114,-0.1874837875366211,-0.09706290324666966,-0.0627257227897644,-0.20101046562194824,-0.021152526861815346,-0.0694614052772522,-0.29376667737960815,-0.05150283386447896,-0.07259851694107056,-0.3502340018749237,-0.06910276671388615,-0.06952214241027832,-0.3978344798088074,-0.08054162820318211,-0.028838515281677246,-0.1937606930732727,-0.02721248453000058,-0.048262596130371094,-0.26128053665161133,-0.07571404685714711,-0.06429517269134521,-0.19155728816986084,-0.08479630460479726,-0.06615757942199707,-0.13914424180984497,-0.07747619857528676,0.004721224308013916,-0.17600709199905396,-0.03782664125302304,-0.01921093463897705,-0.21961790323257446,-0.08502921720483769,-0.03462344408035278,-0.147769033908844,-0.07657990863063802,-0.03483378887176514,-0.09835737943649292,-0.05612754707673062,0.038701415061950684,-0.1482948660850525,-0.050769424787549866,0.01200181245803833,-0.18416017293930054,-0.08066043516138066,-0.006756961345672607,-0.1366615891456604,-0.07271652182081212,-0.011160850524902344,-0.09615582227706909,-0.057786072394637955
D,-0.05760622024536133,-0.035839974880218506,-0.025482782775284818,-0.10160046815872192,-0.09473246335983276,-0.044431905874731115,-0.11380064487457275,-0.15957635641098022,-0.06540320781779485,-0.08129405975341797,-0.2057620882987976,-0.08503367719960409,-0.0666738748550415,-0.20760899782180786,-0.015575633065523675,-0.06850385665893555,-0.3006030023097992,-0.04502370921683507,-0.06472313404083252,-0.3559116721153259,-0.06446378646207052,-0.05711674690246582,-0.4045009911060333,-0.07723037866664129,-0.02800673246383667,-0.19868558645248413,-0.022316790798427633,-0.03200638294219971,-0.27265626192092896,-0.07019587574315267,-0.047914087772369385,-0.21065014600753784,-0.08265212146353917,-0.05417293310165405,-0.1552027463912964,-0.07782429424834447,0.009374499320983887,-0.17866206169128418,-0.033497653582813314,-0.0005552768707275391,-0.23226627707481384,-0.07926925239873128,-0.016655802726745605,-0.16013658046722412,-0.07195536760401922,-0.019495606422424316,-0.10656046867370605,-0.052120539972307256,0.04715508222579956,-0.14717251062393188,-0.047028563597919515,0.03484141826629639,-0.1979321837425232,-0.07448052583050924,0.015813052654266357,-0.1504828929901123,-0.06488759038758474,0.00894075632095337,-0.10707485675811768,-0.04910745812368589
D,-0.060876429080963135,-0.044331908226013184,-0.02529505085725603,-0.10536861419677734,-0.11042022705078125,-0.041798165110538577,-0.10962498188018799,-0.18027707934379578,-0.060608262238691424,-0.07932168245315552,-0.23090746998786926,-0.0778856296517354,-0.07159894704818726,-0.2309839129447937,-0.00907256924141464,-0.07855862379074097,-0.3233712911605835,-0.03421544101614771,-0.07798868417739868,-0.37825046479701996,-0.052073216108272646,-0.0725204348564148,-0.43087150156497955,-0.06522142332572756,-0.029515385627746582,-0.22852909564971924,-0.015404597898612593,-0.02662438154220581,-0.30790257453918457,-0.06015740898032007,-0.03632086515426636,-0.24281823635101318,-0.07394906323928652,-0.040234148502349854,-0.1840568482875824,-0.07122180056352434,0.01115405559539795,-0.2124916911125183,-0.026319680777977084,0.012982070446014404,-0.27778202295303345,-0.07002680939216432,-0.001853644847869873,-0.2055254578590393,-0.06542205256004152,-0.0062901973724365234,-0.14592808485031128,-0.048504674849699114,0.051320672035217285,-0.18383252620697021,-0.03970760297555742,0.04989337921142578,-0.24644547700881958,-0.06745883267898378,0.03189307451248169,-0.20019549131393433,-0.06094698425907907,0.022490978240966797,-0.15123754739761353,-0.04804264199514208
D,-0.06206017732620239,-0.03923875093460083,-0.02106680931193239,-0.11139392852783203,-0.10563939809799194,-0.036740185931748215,-0.12408089637756348,-0.17820164561271667,-0.05619120062929994,-0.09425961971282959,-0.2334669828414917,-0.07400734560233957,-0.0787082314491272,-0.22435185313224792,-0.006689333130097452,-0.08525896072387695,-0.32480621337890625,-0.03350186930639154,-0.08643358945846558,-0.3822980225086212,-0.049685595795935455,-0.08019775152206421,-0.43435072898864746,-0.06012412370783693,-0.040228188037872314,-0.2210955023765564,-0.014811668783849541,-0.04720187187194824,-0.30394458770751953,-0.061250357196158234,-0.06432336568832397,-0.23659372329711914,-0.07184938178998834,-0.06595605611801147,-0.17890766263008118,-0.0653468130682171,-0.0036944150924682617,-0.2068110704421997,-0.02760953293783075,-0.015613913536071777,-0.26866698265075684,-0.07155051665050394,-0.03476250171661377,-0.19594955444335938,-0.0644707663510502,-0.034974098205566406,-0.14101195335388184,-0.04495949880821115,0.03403395414352417,-0.18087232112884521,-0.04265992926103479,0.02201944589614868,-0.24408617615699768,-0.06707486347896463,-0.0011958479881286621,-0.20142871141433716,-0.057923743740147415,-0.010367989540100098,-0.1533937156200409,-0.04312258051378137
E,-0.062899649143219,-0.0036998987197875977,-0.02368655640923123,-0.11597567796707153,-0.05065423250198364,-0.03853882689320187,-0.11502385139465332,-0.10443580150604248,-0.0551337807282124,-0.07122820615768433,-0.11051571369171143,-0.0703644699259911,-0.09325540065765381,-0.17079609632492065,-0.011100425648621126,-0.10093855857849121,-0.24479442834854126,-0.037699053327671095,-0.10598325729370117,-0.24177733063697815,-0.05966742921911816,-0.10036361217498779,-0.20792528986930847,-0.07209363792382817,-0.0581284761428833,-0.18982872366905212,-0.014636975976756617,-0.06514114141464233,-0.2826923429965973,-0.04479844708286862,-0.06803470849990845,-0.2560809850692749,-0.06509698394977192,-0.061148643493652344,-0.20427459478378296,-0.07253034625493626,-0.02273237705230713,-0.19410282373428345,-0.022577842961183592,-0.029775798320770264,-0.278697669506073,-0.045290882031551405,-0.03525310754776001,-0.25601959228515625,-0.05848197851621251,-0.028284430503845215,-0.2064894437789917,-0.06126743022643666,0.015914320945739746,-0.18613028526306152,-0.03350008864246945,0.01060330867767334,-0.2586084008216858,-0.04836173195683102,0.001277148723602295,-0.2552950382232666,-0.05602419961535077,0.0012725591659545898,-0.21904000639915466,-0.0582182391389523
E,-0.061974287033081055,-0.008056282997131348,-0.025955050173365635,-0.11315649747848511,-0.0606418251991272,-0.04080710272785382,-0.10681581497192383,-0.11443731188774109,-0.057018143045866054,-0.059849560260772705,-0.12683433294296265,-0.0721111678659554,-0.08460342884063721,-0.17710506916046143,-0.01449827748831467,-0.08755213022232056,-0.2508704960346222,-0.04336151938434796,-0.09494006633758545,-0.25058165192604065,-0.06662637080546574,-0.09303534030914307,-0.21986046433448792,-0.07993403162356572,-0.04784339666366577,-0.19477301836013794,-0.01762933369275288,-0.05010056495666504,-0.29017308354377747,-0.0509467356979485,-0.05582338571548462,-0.26136308908462524,-0.07318671877976612,-0.05284392833709717,-0.20872512459754944,-0.08155088211890416,-0.012594640254974365,-0.1972721517086029,-0.025330382320248646,-0.013828873634338379,-0.28284502029418945,-0.05148727904554562,-0.023578941822052002,-0.25723472237586975,-0.06773738648291783,-0.02150905132293701,-0.20498722791671753,-0.07219090397950367,0.024722397327423096,-0.18686151504516602,-0.03590270217057423,0.02113163471221924,-0.25868093967437744,-0.05397316898699955,0.00889366865158081,-0.2537470608949661,-0.0644916975080605,0.0051577091217041016,-0.21587800979614258,-0.06870873357649998
E,-0.060467541217803955,-0.01123875379562378,-0.024638808794449574,-0.10536503791809082,-0.06424301862716675,-0.038997835941742665,-0.09322965145111084,-0.11739549040794373,-0.05415921983880878,-0.04672050476074219,-0.12615782022476196,-0.0676898467318523,-0.07703930139541626,-0.17284250259399414,-0.015417553946505791,-0.07866626977920532,-0.2442055344581604,-0.04288498265309215,-0.08613485097885132,-0.24527576565742493,-0.0638935673014629,-0.0864342451095581,-0.21444496512413025,-0.07527281669540287,-0.04186296463012695,-0.1879217028617859,-0.017244880549739605,-0.04535377025604248,-0.2779501974582672,-0.0479919607715118,-0.04822123050689697,-0.25152283906936646,-0.06657868204278827,-0.044012248516082764,-0.20175662636756897,-0.0727354097144115,-0.00795966386795044,-0.1889440417289734,-0.023350694678853756,-0.01171886920928955,-0.2704063057899475,-0.04729391215009571,-0.018495023250579834,-0.2477928102016449,-0.05952646908922077,-0.015499711036682129,-0.19991981983184814,-0.06161071313185573,0.02761220932006836,-0.1788310408592224,-0.0322313192264545,0.023956596851348877,-0.2471754550933838,-0.048941697456072575,0.012119174003601074,-0.246573805809021,-0.05730219883484722,0.007170259952545166,-0.21480676531791687,-0.05989539203805805
E,-0.05691707134246826,-0.010300636291503906,-0.022897861743658154,-0.10269451141357422,-0.06418544054031372,-0.036550843933909505,-0.08785587549209595,-0.11531755328178406,-0.05094297773608503,-0.04212081432342529,-0.12205547094345093,-0.06375231764683065,-0.07754713296890259,-0.1695978343486786,-0.016882337475507825,-0.07761788368225098,-0.24514010548591614,-0.04480484298834142,-0.07977837324142456,-0.24038511514663696,-0.06454355440506276,-0.07748627662658691,-0.20754876732826233,-0.07468252054819402,-0.04186129570007324,-0.18472689390182495,-0.01963462292620477,-0.04426121711730957,-0.27576330304145813,-0.051105355689614385,-0.0409773588180542,-0.23887395858764648,-0.06579472295412359,-0.03571975231170654,-0.18722137808799744,-0.06801173261770543,-0.007394134998321533,-0.1851770281791687,-0.02663026734659013,-0.009831011295318604,-0.26544439792633057,-0.05197553134927091,-0.010037660598754883,-0.2332853376865387,-0.059939345190613835,-0.006392538547515869,-0.18559134006500244,-0.058078838358014195,0.027525484561920166,-0.17429375648498535,-0.036120014110892384,0.025057315826416016,-0.24097192287445068,-0.05360683969625768,0.018905937671661377,-0.23218905925750732,-0.0588151233590537,0.016740083694458008,-0.2003055214881897,-0.0585416833258563
E,-0.05557352304458618,-0.014392495155334473,-0.020407495132445774,-0.09792208671569824,-0.06485283374786377,-0.03276043482756563,-0.08249837160110474,-0.11144483089447021,-0.04582246862983652,-0.041054725646972656,-0.12293225526809692,-0.057039921215533695,-0.07390046119689941,-0.16701889038085938,-0.017391416287779293,-0.07423579692840576,-0.24245136976242065,-0.043374878397941075,-0.07367861270904541,-0.23757866024971008,-0.060431779405831776,-0.07078969478607178,-0.20372876524925232,-0.06857198574280687,-0.037978529930114746,-0.18096941709518433,-0.020085244483112774,-0.03799325227737427,-0.26894962787628174,-0.04835535310840555,-0.03235924243927002,-0.23218625783920288,-0.06093826987481066,-0.02850782871246338,-0.18312358856201172,-0.06289195366835543,-0.003913223743438721,-0.18094497919082642,-0.026502753651499233,-0.005195200443267822,-0.261847585439682,-0.04926001750564524,-0.0039580464363098145,-0.22943615913391113,-0.055162751159429035,-0.0017547607421875,-0.18252098560333252,-0.05315548651552149,0.029442548751831055,-0.1693817377090454,-0.035167851528882466,0.030395030975341797,-0.23463892936706543,-0.05254077636337229,0.02382481098175049,-0.22590962052345276,-0.05750719927883097,0.018811345100402832,-0.19459563493728638,-0.057331119707583866
E,-0.0563352108001709,-0.008627891540527344,-0.020273677193685558,-0.10485571622848511,-0.052532196044921875,-0.03467930213467696,-0.1030380129814148,-0.10018652677536011,-0.05077203840868094,-0.06234186887741089,-0.1007879376411438,-0.06448441849009612,-0.08005553483963013,-0.16314208507537842,-0.01392705843703368,-0.0852590799331665,-0.24255836009979248,-0.03866501630203345,-0.09061276912689209,-0.223829984664917,-0.05306923867122748,-0.08799678087234497,-0.18718212842941284,-0.05937657237903693,-0.046911537647247314,-0.17444288730621338,-0.01723496534781077,-0.05143934488296509,-0.26100218296051025,-0.04375517846004584,-0.05427485704421997,-0.21931278705596924,-0.05092852667824843,-0.04948359727859497,-0.17594391107559204,-0.048772526093884494,-0.014370203018188477,-0.17478030920028687,-0.024931370400949504,-0.01916283369064331,-0.25629204511642456,-0.04644391790883162,-0.023885667324066162,-0.2174885869026184,-0.04651269049303153,-0.019148707389831543,-0.17266947031021118,-0.039814547755881335,0.02013605833053589,-0.16626250743865967,-0.03539702028886893,0.015298068523406982,-0.23476368188858032,-0.048702647098465945,0.0070667266845703125,-0.21980667114257812,-0.048556988247796085,0.007659554481506348,-0.1876685619354248,-0.04459649802105048
E,-0.058955252170562744,-0.00713503360748291,-0.02221315863371842,-0.10757321119308472,-0.05830943584442139,-0.03503425183535569,-0.10269874334335327,-0.11390620470046997,-0.049866632994422844,-0.05985766649246216,-0.12113592028617859,-0.06339613857508652,-0.08157789707183838,-0.17048779129981995,-0.00904132841915839,-0.09139025211334229,-0.24394160509109497,-0.033918885018835,-0.09660887718200684,-0.23464274406433105,-0.0531418001914119,-0.09175807237625122,-0.20244860649108887,-0.06378335269928925,-0.04788416624069214,-0.18678712844848633,-0.012513973254868915,-0.05624663829803467,-0.2764621078968048,-0.040674035873422554,-0.059291303157806396,-0.24110326170921326,-0.056656939413556984,-0.05286914110183716,-0.19159552454948425,-0.06097596275449746,-0.014395058155059814,-0.18973049521446228,-0.020478171732435158,-0.022185564041137695,-0.2716035544872284,-0.0428438237571811,-0.028619050979614258,-0.23953109979629517,-0.0519583983981704,-0.02286231517791748,-0.19087964296340942,-0.05176277222872727,0.021863877773284912,-0.18172425031661987,-0.03134273129344933,0.015524804592132568,-0.2510632276535034,-0.045202986773261955,0.004967927932739258,-0.2394390106201172,-0.049718861904153755,0.0041571855545043945,-0.20283162593841553,-0.04976155745626443
E,-0.06671178340911865,-0.003780573606491089,-0.020962743275092066,-0.12063002586364746,-0.05625653266906738,-0.0326580369847278,-0.12046468257904053,-0.11540594696998596,-0.04712889362149042,-0.07962143421173096,-0.12292852997779846,-0.06042022649221224,-0.09815400838851929,-0.17723476886749268,-0.0017253775850321063,-0.10903853178024292,-0.2517593652009964,-0.026596773602292956,-0.11511331796646118,-0.24780452251434326,-0.048364579864070834,-0.10908287763595581,-0.21502280235290527,-0.06087702158860964,-0.0627894401550293,-0.1969398856163025,-0.006680771894977511,-0.07344657182693481,-0.2924429923295975,-0.03715824726991457,-0.07803678512573242,-0.2608739733695984,-0.05893635768465799,-0.0698317289352417,-0.20655491948127747,-0.06656925026349825,-0.027849793434143066,-0.20223867893218994,-0.01616684738569063,-0.03842836618423462,-0.2875111848115921,-0.03896602261833948,-0.045622050762176514,-0.25942525267601013,-0.05278160069160265,-0.03666573762893677,-0.20821109414100647,-0.05540024135284227,0.01188814640045166,-0.19587233662605286,-0.028495542891548098,0.001212000846862793,-0.26767629384994507,-0.041308328695819796,-0.010186553001403809,-0.2611657530069351,-0.047739230282829226,-0.008818447589874268,-0.22493082284927368,-0.049287270941064776
E,-0.06012165546417236,-0.005503416061401367,-0.01838535589971002,-0.11185270547866821,-0.050309181213378906,-0.030128068829554877,-0.11473387479782104,-0.10225486755371094,-0.04416871404148992,-0.07547909021377563,-0.10765159130096436,-0.05614839454986509,-0.08999663591384888,-0.16766080260276794,-0.0068807029897755,-0.09777522087097168,-0.2437828779220581,-0.030447085926908812,-0.10625463724136353,-0.22558647394180298,-0.045722774768847785,-0.10095345973968506,-0.18859592080116272,-0.053041614199656806,-0.056869685649871826,-0.18401753902435303,-0.011626461128372512,-0.06445837020874023,-0.272424578666687,-0.037567291016358695,-0.07010656595230103,-0.23208436369895935,-0.04646177178122457,-0.06151938438415527,-0.18580743670463562,-0.044965043271560035,-0.023190319538116455,-0.18664750456809998,-0.020829587782401404,-0.031413376331329346,-0.26707741618156433,-0.041336040551442466,-0.0378270149230957,-0.23132961988449097,-0.043315086121339164,-0.029336094856262207,-0.1875905990600586,-0.03773577099539693,0.013436853885650635,-0.1786651611328125,-0.03277473112441953,0.0055405497550964355,-0.24747434258460999,-0.044523916746157965,-0.003926455974578857,-0.23458623886108398,-0.044475137794989905,-0.0009124875068664551,-0.20225822925567627,-0.04066657980777677
E,-0.06435555219650269,-0.013184607028961182,-0.025240116722926587,-0.11731642484664917,-0.07683432102203369,-0.03999143370245406,-0.10624289512634277,-0.13667795062065125,-0.0559682538435311,-0.05594354867935181,-0.1377771496772766,-0.07000781872127959,-0.0878899097442627,-0.19545656442642212,-0.017072471760258168,-0.08766299486160278,-0.28122633695602417,-0.046270846359476536,-0.09331405162811279,-0.26858124136924744,-0.06645871975277373,-0.09259754419326782,-0.22748956084251404,-0.07694684990499923,-0.04818183183670044,-0.21157801151275635,-0.0203058002219052,-0.049845874309539795,-0.3133300542831421,-0.05300035604093978,-0.05003231763839722,-0.2686609625816345,-0.06818966843937346,-0.044928789138793945,-0.21171092987060547,-0.07060152568672606,-0.009995460510253906,-0.21093276143074036,-0.02819321580980727,-0.014295041561126709,-0.30048704147338867,-0.054111204080328434,-0.017044901847839355,-0.26191604137420654,-0.06198802494262168,-0.011893093585968018,-0.20801258087158203,-0.059896751277193516,0.029328107833862305,-0.19702264666557312,-0.039076304964765995,0.02694040536880493,-0.2743353247642517,-0.0552687672600598,0.017650842666625977,-0.26443085074424744,-0.05962021552775809,0.014919042587280273,-0.22783532738685608,-0.05906350814555594
F,-0.04592925310134888,-0.007730066776275635,-0.0230633806325784,-0.08535110950469971,-0.031219184398651123,-0.04117270408946183,-0.11216306686401367,-0.056037724018096924,-0.0598800502606025,-0.13097167015075684,-0.08571797609329224,-0.0762597605474582,-0.08828836679458618,-0.13463670015335083,-0.013802318263827829,-0.12052345275878906,-0.16122621297836304,-0.050888935465394525,-0.11551660299301147,-0.12547028064727783,-0.08007369785386231,-0.09921818971633911,-0.08912909030914307,-0.0932733178027263,-0.06135028600692749,-0.16515517234802246,-0.016390249494492082,-0.08741152286529541,-0.23959419131278992,-0.03566116689520982,-0.1003221869468689,-0.2889687418937683,-0.05169876887279656,-0.11042386293411255,-0.33506566286087036,-0.06240732445198205,-0.027198731899261475,-0.1756781041622162,-0.025263494242011575,-0.04068106412887573,-0.2455226182937622,-0.0448225386329284,-0.047987282276153564,-0.28994911909103394,-0.05713321118432191,-0.055295467376708984,-0.32971659302711487,-0.06379820256310609,0.010285794734954834,-0.16653776168823242,-0.03647139518338349,0.017604470252990723,-0.22305339574813843,-0.047915717948257,0.025271177291870117,-0.2607329487800598,-0.04935975222664979,0.03204810619354248,-0.2946230173110962,-0.04909262656050828
F,-0.045838892459869385,-0.015874624252319336,-0.02793432906960902,-0.0836685299873352,-0.04794788360595703,-0.048494595519656514,-0.10590267181396484,-0.08227792382240295,-0.06924341567551551,-0.1250370740890503,-0.11662447452545166,-0.08700655349289832,-0.08470839262008667,-0.1554986536502838,-0.01608486608361659,-0.11455374956130981,-0.19157660007476807,-0.05418908917104659,-0.11221557855606079,-0.1608416736125946,-0.08263052948510108,-0.09957349300384521,-0.12530171871185303,-0.09477802314555106,-0.053863704204559326,-0.1850842833518982,-0.017702044404501294,-0.0780264139175415,-0.26724329590797424,-0.03671026178395209,-0.09006571769714355,-0.3196679353713989,-0.050643365315551137,-0.10017770528793335,-0.3691616952419281,-0.05910679646527228,-0.01592344045639038,-0.19338208436965942,-0.026507324955815648,-0.028207838535308838,-0.27273863554000854,-0.04644686677252707,-0.03419524431228638,-0.32063528895378113,-0.056300337843055104,-0.041590988636016846,-0.3635229766368866,-0.060608423731679295,0.024836301803588867,-0.18137097358703613,-0.03838110291158614,0.03311026096343994,-0.24330377578735352,-0.050390824160928105,0.041325509548187256,-0.2842365801334381,-0.050799127153510426,0.047766804695129395,-0.320777028799057,-0.049172058186883305
F,-0.04127085208892822,-0.017504572868347168,-0.031972559819735125,-0.07707655429840088,-0.052059710025787354,-0.05403450755289896,-0.09662657976150513,-0.08720529079437256,-0.07499408600739343,-0.11124640703201294,-0.12612009048461914,-0.09284487245491846,-0.07838523387908936,-0.15997079014778137,-0.02207736736050947,-0.10116499662399292,-0.19954034686088562,-0.06238243607691629,-0.09488344192504883,-0.166334331035614,-0.09303457168749674,-0.08201348781585693,-0.129034161567688,-0.10659985123089655,-0.0447537899017334,-0.1872287392616272,-0.0211436009954582,-0.06088453531265259,-0.2694120407104492,-0.04209546623638971,-0.06802886724472046,-0.3224496841430664,-0.05830769119671686,-0.07443547248840332,-0.37125420570373535,-0.06867764769009455,-0.006793200969696045,-0.1910659670829773,-0.027437277789033487,-0.012182652950286865,-0.26692694425582886,-0.04816396413258417,-0.01458430290222168,-0.31516754627227783,-0.05969099206737383,-0.0186007022857666,-0.3594586253166199,-0.06542359916380747,0.0323408842086792,-0.17433980107307434,-0.03695389507225855,0.04527747631072998,-0.23278868198394775,-0.04866384221128328,0.05534863471984863,-0.2717170715332031,-0.04969866080097063,0.06341016292572021,-0.3069252371788025,-0.04895536480358942
F,-0.03788226842880249,-0.021207094192504883,-0.029910082761091417,-0.06910830736160278,-0.057112276554107666,-0.05236786121491832,-0.0852169394493103,-0.08987122774124146,-0.07392790431146068,-0.09302228689193726,-0.12304729223251343,-0.09282576555375499,-0.056092679500579834,-0.16183829307556152,-0.02586162539188308,-0.07969808578491211,-0.20084041357040405,-0.06639565790061397,-0.07595443725585938,-0.15813583135604858,-0.09737196827296657,-0.06495511531829834,-0.11738461256027222,-0.11183180922631664,-0.02229231595993042,-0.1803308129310608,-0.026460508648199266,-0.03378713130950928,-0.2569694519042969,-0.049924990925831025,-0.03696531057357788,-0.3082234859466553,-0.06865901017550868,-0.03894615173339844,-0.3580356240272522,-0.08134927863244457,0.013915002346038818,-0.17556160688400269,-0.033470297995847886,0.01324617862701416,-0.24876350164413452,-0.05673890078429622,0.014480233192443848,-0.2957876920700073,-0.07126166189078731,0.014997661113739014,-0.34059590101242065,-0.0791967537439291,0.04937112331390381,-0.15207338333129883,-0.043085808697981065,0.06598544120788574,-0.20823979377746582,-0.05674329290155811,0.07973122596740723,-0.2447856068611145,-0.05989882985119266,0.09211117029190063,-0.27970021963119507,-0.06100828463200969
F,-0.045833051204681396,-0.019597947597503662,-0.01615390678141182,-0.08378702402114868,-0.0593717098236084,-0.030834372464752846,-0.11405348777770996,-0.08677470684051514,-0.04705547665450638,-0.13977813720703125,-0.0999453067779541,-0.06220321853849953,-0.06433761119842529,-0.15296030044555664,-0.012703656528330498,-0.09755384922027588,-0.1803167462348938,-0.04767679174635475,-0.10244113206863403,-0.143682062625885,-0.07545448963735168,-0.09424424171447754,-0.10982382297515869,-0.0889630851635701,-0.03586232662200928,-0.17215651273727417,-0.020086276654339486,-0.054936110973358154,-0.24703925848007202,-0.041377638776040726,-0.06352353096008301,-0.30105292797088623,-0.058224604774451905,-0.06906062364578247,-0.35235023498535156,-0.06950180356595581,-0.0036839842796325684,-0.17094963788986206,-0.032588118065334015,-0.009238839149475098,-0.24817997217178345,-0.05512802799437111,-0.01196521520614624,-0.29766666889190674,-0.06898526226375168,-0.015332639217376709,-0.34396791458129883,-0.07644048457238739,0.028687655925750732,-0.1508927345275879,-0.046421491850352936,0.04293060302734375,-0.2087002992630005,-0.061099750299192124,0.054374873638153076,-0.24840831756591797,-0.06448386733625,0.06331807374954224,-0.28613436222076416,-0.06567859028670853
F,-0.05238467454910278,-0.01553809642791748,-0.022760187133101795,-0.09604555368423462,-0.060827434062957764,-0.04030019868805823,-0.12899023294448853,-0.09753328561782837,-0.05877128322318015,-0.15823811292648315,-0.11741459369659424,-0.07537182126834807,-0.08759742975234985,-0.16664975881576538,-0.014206657974867198,-0.12290668487548828,-0.20254850387573242,-0.05377322886779723,-0.12221550941467285,-0.1631050705909729,-0.08435946409299788,-0.10908418893814087,-0.12404650449752808,-0.0984122872789186,-0.05395078659057617,-0.19591480493545532,-0.019406325041202876,-0.07733386754989624,-0.2823951840400696,-0.04151208405092177,-0.08901548385620117,-0.3409448266029358,-0.05929007460072455,-0.09806245565414429,-0.39643150568008423,-0.07107282881334243,-0.015681087970733643,-0.20098960399627686,-0.031057932271508548,-0.02698838710784912,-0.28727787733078003,-0.0548416607518476,-0.03192639350891113,-0.34103745222091675,-0.06899738763168273,-0.03824639320373535,-0.3913309574127197,-0.07648375336721358,0.023855268955230713,-0.18406599760055542,-0.044770047857312534,0.03469735383987427,-0.25105202198028564,-0.059871909065989826,0.044220685958862305,-0.29619747400283813,-0.06264428500726638,0.05091887712478638,-0.33873307704925537,-0.06319560561969695
F,-0.05546480417251587,-0.027446985244750977,-0.024218319151643186,-0.09778082370758057,-0.0854138731956482,-0.041674401778820425,-0.13081574440002441,-0.13451743125915527,-0.06047895940029946,-0.16368812322616577,-0.16938066482543945,-0.07685824500406113,-0.0784463882446289,-0.19133815169334412,-0.009800377469602495,-0.10879141092300415,-0.2458486557006836,-0.051778841931465536,-0.11131250858306885,-0.2064535915851593,-0.08502434955919114,-0.10267424583435059,-0.16213369369506836,-0.1004510747083458,-0.04205280542373657,-0.21918413043022156,-0.015172359701338678,-0.0579073429107666,-0.319362610578537,-0.037399590183142095,-0.0637514591217041,-0.3824892044067383,-0.05667653696620789,-0.06592166423797607,-0.43999767303466797,-0.06979972885930863,-0.00032520294189453125,-0.2206798791885376,-0.027938310224655538,-0.002991795539855957,-0.3153691589832306,-0.05131980421030846,-0.0018092989921569824,-0.3725471794605255,-0.06543212400758591,-0.0011615157127380371,-0.42440444231033325,-0.07324023561561432,0.04212689399719238,-0.19950419664382935,-0.04333055036151734,0.05822193622589111,-0.2711047828197479,-0.05769410746181336,0.07338124513626099,-0.3162667751312256,-0.05943610535943833,0.08588576316833496,-0.35717278718948364,-0.05942105891192284
F,-0.060083210468292236,-0.03263366222381592,-0.025366376589175843,-0.10533204674720764,-0.10060065984725952,-0.04383195887052693,-0.14062848687171936,-0.1557849943637848,-0.06428240935051122,-0.17442062497138977,-0.19650015234947205,-0.08212858388864674,-0.08243626356124878,-0.21184107661247253,-0.0075663658484188545,-0.11543962359428406,-0.2708635628223419,-0.05277690986835637,-0.12265846133232117,-0.22944828867912292,-0.08882699112140813,-0.11592358350753784,-0.18080568313598633,-0.10543774018728413,-0.045200347900390625,-0.23942244052886963,-0.013197161692318105,-0.06230878829956055,-0.34576907753944397,-0.03580167839967885,-0.06794595718383789,-0.4140029102563858,-0.05429102058255353,-0.06852656602859497,-0.4746796488761902,-0.06649243036949315,-0.0013124346733093262,-0.23941808938980103,-0.027154389272567414,-0.003384411334991455,-0.3417092561721802,-0.050728830943938874,-0.003122091293334961,-0.4020308405160904,-0.06229611436569371,-0.002947509288787842,-0.4562731981277466,-0.06790699015104451,0.04351550340652466,-0.21641194820404053,-0.044260315100785874,0.06240379810333252,-0.29383349418640137,-0.05935315365636029,0.07848131656646729,-0.3444802165031433,-0.05992276916944661,0.09188145399093628,-0.3902408480644226,-0.058433133612510346
F,-0.055487096309661865,-0.03437119722366333,-0.028957706550670537,-0.09738844633102417,-0.08919426798820496,-0.048325693840695294,-0.1252400279045105,-0.14400357007980347,-0.06877865516634074,-0.15573418140411377,-0.1885243058204651,-0.08581527941913691,-0.09086942672729492,-0.19956448674201965,-0.006328313286019238,-0.11681252717971802,-0.2636604607105255,-0.04992076256365863,-0.11374634504318237,-0.23244020342826843,-0.08404567712040034,-0.10112673044204712,-0.187673419713974,-0.09859670572967616,-0.049536705017089844,-0.23015999794006348,-0.007831873978091153,-0.06766915321350098,-0.3326345682144165,-0.02755698622257796,-0.0754925012588501,-0.39490240812301636,-0.04460111134739009,-0.08077776432037354,-0.450754314661026,-0.05562418201060382,-0.003152012825012207,-0.23476558923721313,-0.018099636445356282,-0.008774816989898682,-0.32950274646282196,-0.038828062499476346,-0.011123061180114746,-0.38555116951465607,-0.04974487298221675,-0.014307141304016113,-0.43389351665973663,-0.054759523505879315,0.044175922870635986,-0.2163982391357422,-0.03187556066603747,0.0578460693359375,-0.2901899516582489,-0.043386569852543744,0.06927448511123657,-0.3369215875864029,-0.04282021769375888,0.07907402515411377,-0.37876109778881073,-0.040519388998461636
F,-0.05231654644012451,-0.026648402214050293,-0.03371236386465171,-0.09177637100219727,-0.07624715566635132,-0.05674706685113051,-0.11424189805984497,-0.1252402663230896,-0.0796246072904978,-0.14035242795944214,-0.16951358318328857,-0.099009587492219,-0.08586972951889038,-0.192529559135437,-0.01868654514419177,-0.11482048034667969,-0.24978503584861755,-0.06375662895607093,-0.10948336124420166,-0.21405354142189026,-0.09826210799383261,-0.09607923030853271,-0.1731330156326294,-0.11356989952491858,-0.046398818492889404,-0.22120442986488342,-0.018794984619489696,-0.06391394138336182,-0.3197616636753082,-0.04183770629333594,-0.07073086500167847,-0.38034093379974365,-0.06035315903591254,-0.07655400037765503,-0.4371557831764221,-0.07239949616359809,-0.0027589797973632812,-0.22380274534225464,-0.0273449877904568,-0.009188473224639893,-0.31362098455429077,-0.05060674163269141,-0.010879099369049072,-0.36898505687713623,-0.063703171040288,-0.014238893985748291,-0.41898441314697266,-0.07027226599620917,0.04151946306228638,-0.20448067784309387,-0.03951995360421279,0.056490421295166016,-0.27396702766418457,-0.053140076871386555,0.06841170787811279,-0.31979385018348694,-0.05503732996749022,0.07815980911254883,-0.36113113164901733,-0.054726000006667164
E,-0.08796572685241699,-0.01566290855407715,-0.03781964129203175,-0.16786307096481323,-0.10097396373748779,-0.06348476430767391,-0.1806073784828186,-0.17825567722320557,-0.0920557888447604,-0.11795693635940552,-0.182550847530365,-0.11763246974342678,-0.13039040565490723,-0.2750597894191742,-0.030371154308255655,-0.13530737161636353,-0.40399473905563354,-0.07763878872984264,-0.14702653884887695,-0.3881646394729614,-0.11015896371000622,-0.1430453658103943,-0.32439401745796204,-0.12786747387045239,-0.07368338108062744,-0.29515889286994934,-0.037992993950780374,-0.07255703210830688,-0.45083269476890564,-0.09516756853454922,-0.08574354648590088,-0.3917102813720703,-0.126247553735908,-0.0833091139793396,-0.307842493057251,-0.1361076819001994,-0.01966691017150879,-0.29100924730300903,-0.05210236704343174,-0.018998324871063232,-0.43469345569610596,-0.09411986789100979,-0.034276723861694336,-0.37775662541389465,-0.1083834158479533,-0.031919002532958984,-0.29601573944091797,-0.10790546110266064,0.03810882568359375,-0.26994290947914124,-0.07080476602905605,0.037198662757873535,-0.38817429542541504,-0.09768690785759304,0.02192586660385132,-0.37020647525787354,-0.10772501549118374,0.018459856510162354,-0.31271854043006897,-0.11013422033184384
E,-0.07673853635787964,-0.015482485294342041,-0.030863909252587973,-0.14470911026000977,-0.08498424291610718,-0.05086503943115872,-0.1476452350616455,-0.15465882420539856,-0.07332778369695347,-0.09311819076538086,-0.15712225437164307,-0.09359893595487279,-0.10977953672409058,-0.23308917880058289,-0.01611835529715222,-0.11156266927719116,-0.33833032846450806,-0.053986519776884734,-0.11877787113189697,-0.3198937475681305,-0.08172964697391194,-0.11520898342132568,-0.27007433772087097,-0.09641787802488011,-0.06286638975143433,-0.25160616636276245,-0.021378370203677832,-0.06410813331604004,-0.37822848558425903,-0.06342044120341939,-0.06968247890472412,-0.32590213418006897,-0.08420807515889805,-0.06480830907821655,-0.2589978873729706,-0.08840376531392735,-0.017643272876739502,-0.2509097456932068,-0.03295815011173886,-0.019459009170532227,-0.36375999450683594,-0.06592759882718724,-0.027791142463684082,-0.31591159105300903,-0.07588172351628941,-0.022858798503875732,-0.25076770782470703,-0.07312410717517537,0.029788076877593994,-0.23372980952262878,-0.048462324046198546,0.02894914150238037,-0.3290061950683594,-0.06702575480252904,0.01607435941696167,-0.3117682933807373,-0.07112284397393864,0.013291537761688232,-0.2648516297340393,-0.06971301531106633
E,-0.06474369764328003,-0.008884966373443604,-0.02453692518764683,-0.12354421615600586,-0.06391966342926025,-0.040052748104869806,-0.12779325246810913,-0.1275404691696167,-0.05744267516428181,-0.08300769329071045,-0.13427883386611938,-0.07240990438157269,-0.09499466419219971,-0.19579929113388062,-0.012266490428089583,-0.09910547733306885,-0.2845945358276367,-0.04172385000282475,-0.1029442548751831,-0.2679656744003296,-0.060857022932111704,-0.09863978624343872,-0.22983765602111816,-0.07025428750210949,-0.05496811866760254,-0.21266210079193115,-0.016912552347719156,-0.058159470558166504,-0.31724783778190613,-0.04961510263973423,-0.05839353799819946,-0.26586461067199707,-0.06068425141864964,-0.05216968059539795,-0.21421325206756592,-0.05928426497274586,-0.01581019163131714,-0.21322572231292725,-0.026891761279046023,-0.018999218940734863,-0.3081172704696655,-0.054001464328109705,-0.022328317165374756,-0.2609768807888031,-0.055100559076606714,-0.016908645629882812,-0.21007388830184937,-0.047383724531471216,0.025032460689544678,-0.19958236813545227,-0.04010559507304379,0.021791458129882812,-0.27966248989105225,-0.05568108596497723,0.013651609420776367,-0.2582777440547943,-0.054524405679046595,0.013946175575256348,-0.22021150588989258,-0.04934378974729725
E,-0.0662987232208252,-0.0034328699111938477,-0.019591369922864033,-0.1279403567314148,-0.058028340339660645,-0.03158602796088417,-0.135168194770813,-0.11465483903884888,-0.04638370431553085,-0.09170585870742798,-0.11487060785293579,-0.05896733633767326,-0.10484868288040161,-0.18464624881744385,-0.007784054405647112,-0.11548012495040894,-0.2723243236541748,-0.0346725799847718,-0.12304025888442993,-0.25522226095199585,-0.05110482804070671,-0.1166415810585022,-0.2160075306892395,-0.05855245820771415,-0.0681840181350708,-0.20151430368423462,-0.013565912168132854,-0.07705062627792358,-0.30070918798446655,-0.043232075195419384,-0.08179545402526855,-0.25417518615722656,-0.05113068528066833,-0.07330656051635742,-0.2055419683456421,-0.04768453470956047,-0.03043466806411743,-0.20342540740966797,-0.02454052798043449,-0.03897225856781006,-0.2950604557991028,-0.04768875918875892,-0.04504096508026123,-0.2494449019432068,-0.04648571393977363,-0.03716403245925903,-0.20078766345977783,-0.03807134858857353,0.010573148727416992,-0.1941928267478943,-0.0386684418429013,0.002725541591644287,-0.2704223096370697,-0.05213013223897178,-0.006566107273101807,-0.24750113487243652,-0.05049480430375297,-0.003407597541809082,-0.20926553010940552,-0.04523342407833297
E,-0.06405961513519287,-0.007036864757537842,-0.02086930098577966,-0.12060612440109253,-0.06015443801879883,-0.034110528701987164,-0.1198229193687439,-0.11744189262390137,-0.04872492449923982,-0.07663553953170776,-0.11538481712341309,-0.0616414149348401,-0.09444195032119751,-0.17880815267562866,-0.014211469614949124,-0.10085564851760864,-0.2577550411224365,-0.039754019403901,-0.09984725713729858,-0.2510373890399933,-0.05590643482848634,-0.09252548217773438,-0.21464186906814575,-0.06337039666816224,-0.056163132190704346,-0.19594764709472656,-0.018133073398914235,-0.062034428119659424,-0.2844647765159607,-0.045404983038153546,-0.0589023232460022,-0.24405935406684875,-0.05317744361802568,-0.053045690059661865,-0.19512051343917847,-0.05098131048127641,-0.018820464611053467,-0.1971995234489441,-0.026476341584768193,-0.022897422313690186,-0.2767358720302582,-0.04895468177839746,-0.0244143009185791,-0.23783430457115173,-0.04854924725934495,-0.020657241344451904,-0.19097203016281128,-0.04125928255363931,0.01873791217803955,-0.18510013818740845,-0.037607406551089184,0.01557767391204834,-0.2560156583786011,-0.05172891663953294,0.00892728567123413,-0.23760578036308289,-0.05014416324540605,0.008254647254943848,-0.20187145471572876,-0.044944436574425595
E,-0.06195187568664551,-0.006703972816467285,-0.022211675579455914,-0.11664712429046631,-0.0543748140335083,-0.0368740698795591,-0.11873745918273926,-0.10770219564437866,-0.05273585305621964,-0.07530981302261353,-0.10979115962982178,-0.06662176833560807,-0.09194588661193848,-0.17450642585754395,-0.013967762748507084,-0.09806042909622192,-0.2538670301437378,-0.0391737884383474,-0.09428459405899048,-0.24361073970794678,-0.0560330627959047,-0.08922594785690308,-0.20953959226608276,-0.06471188650539261,-0.05308645963668823,-0.19157081842422485,-0.017542016739753308,-0.05766093730926514,-0.2795358896255493,-0.04564584703257424,-0.051238834857940674,-0.23608705401420593,-0.05661539272477967,-0.04845398664474487,-0.18798446655273438,-0.05700250254085404,-0.0153578519821167,-0.19461071491241455,-0.025364386896399083,-0.019138336181640625,-0.27392399311065674,-0.04867777139952523,-0.017145931720733643,-0.2333444356918335,-0.05048956261089188,-0.015064120292663574,-0.18586713075637817,-0.04487416059782845,0.02259194850921631,-0.18468612432479858,-0.035832173238304676,0.01852715015411377,-0.25152817368507385,-0.05083644301703316,0.016112864017486572,-0.2321154773235321,-0.050555913756397786,0.016365528106689453,-0.19717943668365479,-0.04641483263185364
E,-0.06357359886169434,-0.004508316516876221,-0.029300928489064404,-0.11958098411560059,-0.05833426117897034,-0.04528662227163238,-0.1212996244430542,-0.11640313267707825,-0.0620196651674263,-0.0766410231590271,-0.12346243858337402,-0.0771578256047718,-0.09410429000854492,-0.17567002773284912,-0.01410774830797834,-0.09933406114578247,-0.25119900703430176,-0.04333072193036003,-0.10455083847045898,-0.24714601039886475,-0.06660599298844261,-0.10069841146469116,-0.21383064985275269,-0.08013146407971306,-0.05537337064743042,-0.19651255011558533,-0.015995266289209553,-0.06158113479614258,-0.29299595952033997,-0.0513971190906517,-0.06215667724609375,-0.25858327746391296,-0.07483929432997627,-0.05561906099319458,-0.20561456680297852,-0.08340761102805061,-0.01789414882659912,-0.2012505829334259,-0.02283128388295097,-0.023205280303955078,-0.2862989008426666,-0.051638823375796505,-0.027149617671966553,-0.2558438777923584,-0.06795528568396492,-0.02141791582107544,-0.20335033535957336,-0.07152882255682869,0.02193295955657959,-0.19342437386512756,-0.03268408067593498,0.014072120189666748,-0.2629660367965698,-0.05175405033001823,0.006001412868499756,-0.2555500864982605,-0.06203707717428131,0.006332576274871826,-0.21903690695762634,-0.06590347029337806
E,-0.061756014823913574,-0.01138162612915039,-0.021393128878059997,-0.11443924903869629,-0.058591246604919434,-0.034889678678098335,-0.11616450548171997,-0.11275601387023926,-0.05015472995359005,-0.07560980319976807,-0.11944311857223511,-0.06365149023253025,-0.09320330619812012,-0.17391380667686462,-0.00852388257402481,-0.10068172216415405,-0.2494262456893921,-0.03388059439379276,-0.10214012861251831,-0.24233388900756836,-0.05228366257864536,-0.09664350748062134,-0.21033316850662231,-0.06198237763959469,-0.05578690767288208,-0.19241076707839966,-0.01265593918282093,-0.061666667461395264,-0.28075870871543884,-0.0420471050055653,-0.05859464406967163,-0.24210605025291443,-0.056451439133468284,-0.051929354667663574,-0.19269490242004395,-0.058951071670833244,-0.018322467803955078,-0.19556385278701782,-0.0213432248892218,-0.023237645626068115,-0.2777663469314575,-0.045796833208385124,-0.02510005235671997,-0.24258601665496826,-0.05307770820576252,-0.020707130432128906,-0.19342729449272156,-0.05084713103491367,0.02057826519012451,-0.18538495898246765,-0.03259874807912411,0.015076518058776855,-0.25249069929122925,-0.04840556832272114,0.006390810012817383,-0.2400495707988739,-0.05218506904560627,0.004280507564544678,-0.20610284805297852,-0.05103858115393223
E,-0.058257460594177246,-0.01073068380355835,-0.022622673978219154,-0.11053848266601562,-0.05806225538253784,-0.036620090921530846,-0.10923516750335693,-0.10857945680618286,-0.05154405089200509,-0.06529450416564941,-0.11322355270385742,-0.06381399111927522,-0.08715993165969849,-0.1713038682937622,-0.012990372461388233,-0.09235590696334839,-0.2520383596420288,-0.03960385473550332,-0.08934450149536133,-0.23220866918563843,-0.05591726603091729,-0.08394473791122437,-0.19044649600982666,-0.06359735803783906,-0.0513918399810791,-0.18782198429107666,-0.0156266514408685,-0.054890453815460205,-0.27183184027671814,-0.04407300355018151,-0.04816073179244995,-0.22364026308059692,-0.05383553283394349,-0.04449057579040527,-0.17751526832580566,-0.05333502518118394,-0.016134023666381836,-0.19087624549865723,-0.02309381889284623,-0.019252002239227295,-0.268315851688385,-0.0469230257171489,-0.016668081283569336,-0.22295218706130981,-0.047825857271561745,-0.014345228672027588,-0.17664766311645508,-0.041614121963391426,0.018986165523529053,-0.1816754937171936,-0.03336295040429604,0.01622176170349121,-0.24216347932815552,-0.049527428318867806,0.013317525386810303,-0.21927177906036377,-0.05015704708279145,0.012735545635223389,-0.18707406520843506,-0.046582604964385155
E,-0.07024139165878296,-0.007864773273468018,-0.0278500532674002,-0.13494104146957397,-0.06869137287139893,-0.04623551386765712,-0.13860279321670532,-0.13467013835906982,-0.06673146876863711,-0.08938723802566528,-0.13496142625808716,-0.08428762945703738,-0.10434859991073608,-0.2096482515335083,-0.0170934507565903,-0.11154556274414062,-0.3094187378883362,-0.05101986321977847,-0.11583936214447021,-0.28261226415634155,-0.0714103961306023,-0.10966992378234863,-0.23369157314300537,-0.08060719165376895,-0.06159162521362305,-0.22615742683410645,-0.0213079033362078,-0.06853926181793213,-0.3367292582988739,-0.05764700564913028,-0.06997156143188477,-0.2784298360347748,-0.06810040119461291,-0.06294655799865723,-0.22265714406967163,-0.0654441798048424,-0.01960080862045288,-0.22698426246643066,-0.03166762831978076,-0.025062084197998047,-0.32995426654815674,-0.06187792214922183,-0.030290842056274414,-0.27719879150390625,-0.06272657308153384,-0.024733901023864746,-0.21956491470336914,-0.05385698098115199,0.024209678173065186,-0.21451938152313232,-0.045683954836647445,0.019659101963043213,-0.30060750246047974,-0.0636666724400925,0.010311245918273926,-0.28011149168014526,-0.06362321320347064,0.010897040367126465,-0.2396162748336792,-0.05849808547071689
G,-0.02980560064315796,-0.08857870101928711,0.006074039434999179,-0.09347707033157349,-0.1377904713153839,0.0022448282055407276,-0.16005992889404297,-0.15498006343841553,-0.0001308129045796136,-0.19892972707748413,-0.18113082647323608,-0.0037670385260284434,-0.10867202281951904,-0.15401321649551392,-0.031725939659416724,-0.1970239281654358,-0.1451627016067505,-0.04281504109317069,-0.24143564701080322,-0.13133090734481812,-0.04669032275491958,-0.2776758670806885,-0.1182398796081543,-0.048955075738966514,-0.12027812004089355,-0.09182342886924744,-0.0381933081131578,-0.2024328112602234,-0.09773391485214233,-0.04351137235575919,-0.1880372166633606,-0.09709674119949341,-0.03508677735739951,-0.16405349969863892,-0.09700590372085571,-0.030845718754470397,-0.12810355424880981,-0.03052884340286255,-0.041532740293085624,-0.2053471803665161,-0.05077862739562988,-0.0425965453665853,-0.18665295839309692,-0.05121070146560669,-0.024307208431899596,-0.16163575649261475,-0.048464417457580566,-0.014005668757498313,-0.1321510672569275,0.02532130479812622,-0.044043556151926566,-0.19653111696243286,-0.002388596534729004,-0.04264828592354064,-0.18253499269485474,-0.010805785655975342,-0.027349690271556426,-0.16396623849868774,-0.011254310607910156,-0.016904088033378173
G,-0.029422223567962646,-0.08316490054130554,0.005797067997747263,-0.0932435393333435,-0.1311073899269104,-0.0006334158910874521,-0.15625351667404175,-0.15241611003875732,-0.005610653324282566,-0.19936048984527588,-0.17103880643844604,-0.012094470331675211,-0.10227477550506592,-0.16097235679626465,-0.03984778060973326,-0.19519412517547607,-0.14549967646598816,-0.05661291688144843,-0.24197787046432495,-0.12602990865707397,-0.06415853708446662,-0.28037935495376587,-0.10909274220466614,-0.06857136696041266,-0.11255759000778198,-0.09744131565093994,-0.04867942690313498,-0.20308655500411987,-0.088049978017807,-0.05970994069636504,-0.18632930517196655,-0.08184561133384705,-0.05247419759095351,-0.1585460901260376,-0.08463245630264282,-0.04874111771047751,-0.12114489078521729,-0.03286668658256531,-0.05438541307509581,-0.2067732810974121,-0.038423120975494385,-0.060539611274606386,-0.18792802095413208,-0.03163310885429382,-0.04199547379673163,-0.1599215865135193,-0.0327221155166626,-0.030746486628657976,-0.12590283155441284,0.02459716796875,-0.05921356439054648,-0.19629085063934326,0.011106789112091064,-0.0614141753262345,-0.18353939056396484,0.007082939147949219,-0.04658427893579642,-0.16300368309020996,0.0027709007263183594,-0.03590882256091277
G,-0.027524828910827637,-0.08320653438568115,0.00632874240366732,-0.09637331962585449,-0.13609200716018677,-0.0012848284913786756,-0.16135454177856445,-0.1619449257850647,-0.006720016326625,-0.20009011030197144,-0.19232279062271118,-0.013708666048813711,-0.0945388674736023,-0.1801021695137024,-0.04480637618141259,-0.18734216690063477,-0.1663980782032013,-0.06343180694418038,-0.23822152614593506,-0.1494329571723938,-0.07239609964923943,-0.27946174144744873,-0.1360502541065216,-0.07836434253292168,-0.10412216186523438,-0.11703449487686157,-0.05575215452151383,-0.20735418796539307,-0.10419067740440369,-0.06894367196397866,-0.1925048828125,-0.09248769283294678,-0.06153497480588044,-0.16264772415161133,-0.09255141019821167,-0.05781412505345429,-0.11366373300552368,-0.050873905420303345,-0.0631912500484475,-0.20840156078338623,-0.0526157021522522,-0.07225781687336053,-0.1913195252418518,-0.040831178426742554,-0.052533049218226324,-0.16256535053253174,-0.0411965548992157,-0.040037047199774634,-0.11941981315612793,0.009643971920013428,-0.06941083826856698,-0.1975787878036499,-0.0009455680847167969,-0.07338988044099892,-0.18795078992843628,-0.0016517341136932373,-0.0573817641361245,-0.16835051774978638,-0.006029963493347168,-0.04578926049904908
G,-0.025092661380767822,-0.08203950524330139,0.005831075748588432,-0.08558690547943115,-0.13527953624725342,-1.0375314545285619e-05,-0.14670288562774658,-0.16206371784210205,-0.004710522098307024,-0.18729650974273682,-0.18307578563690186,-0.010933497538630377,-0.09616714715957642,-0.16780704259872437,-0.03541325087643088,-0.1865757703781128,-0.15790477395057678,-0.05120566169715346,-0.2340438961982727,-0.14298206567764282,-0.058809780133728395,-0.2730066180229187,-0.1302069127559662,-0.06354438195920409,-0.10837149620056152,-0.10760250687599182,-0.04399636442757071,-0.1964288353919983,-0.10064247250556946,-0.05496975834465445,-0.18174809217453003,-0.09149548411369324,-0.048769906712536226,-0.15610843896865845,-0.0926457941532135,-0.04562266970968665,-0.11942553520202637,-0.045416951179504395,-0.04964352081513823,-0.2014293074607849,-0.051557958126068115,-0.05606553013420523,-0.1842532753944397,-0.04133671522140503,-0.038517430974010836,-0.1574465036392212,-0.04039424657821655,-0.027690889863137613,-0.12702423334121704,0.011006414890289307,-0.05447827707028807,-0.1940029263496399,-0.0029654204845428467,-0.05688722859120787,-0.18133509159088135,-0.0025642812252044678,-0.04275069068170012,-0.16118979454040527,-0.0049881041049957275,-0.03238621409035147
G,-0.026971638202667236,-0.08999106287956238,0.008092329915285745,-0.08938556909561157,-0.14448949694633484,0.004687498401523271,-0.15363091230392456,-0.17205911874771118,0.002067353887156287,-0.19375354051589966,-0.19342836737632751,-0.002242235156103334,-0.10383963584899902,-0.17349284887313843,-0.03157804432916578,-0.19441670179367065,-0.16953647136688232,-0.04494270208883222,-0.2421504259109497,-0.15870904922485352,-0.050535282973527273,-0.28210046887397766,-0.1491968035697937,-0.054040468219994864,-0.1185351014137268,-0.11288687586784363,-0.04020739990878042,-0.2006549835205078,-0.11262968182563782,-0.04761375013399061,-0.18383830785751343,-0.10225173830986023,-0.03918740424919065,-0.1585005521774292,-0.10059899091720581,-0.03489813107657369,-0.13066035509109497,-0.0499567985534668,-0.04579915005373891,-0.20373201370239258,-0.06145516037940979,-0.048640425239085516,-0.1832534670829773,-0.05095541477203369,-0.029677464548825583,-0.15753835439682007,-0.04747474193572998,-0.018817392099975905,-0.13831782341003418,0.009206891059875488,-0.05058400232005056,-0.19911247491836548,-0.011433333158493042,-0.04982776466417249,-0.1819009780883789,-0.009760171175003052,-0.0339876664023393,-0.16090744733810425,-0.007699728012084961,-0.02298709649252828
G,-0.028615057468414307,-0.08987247943878174,0.01192976234464993,-0.0912674069404602,-0.14503183960914612,0.010270960423937936,-0.15643054246902466,-0.17324748635292053,0.008610782939783235,-0.1959599256515503,-0.19358155131340027,0.005072852391592164,-0.1091240644454956,-0.17576995491981506,-0.02731791159153829,-0.20001459121704102,-0.16712963581085205,-0.039982378687867026,-0.24730589985847473,-0.1549772024154663,-0.045520838555106025,-0.2854299545288086,-0.14518988132476807,-0.048808768596657615,-0.12211370468139648,-0.11503592133522034,-0.037044096943148475,-0.20211338996887207,-0.1080060601234436,-0.04258304854870687,-0.18579453229904175,-0.09580022096633911,-0.03318626826644788,-0.16067016124725342,-0.09628021717071533,-0.028554838355788092,-0.13270258903503418,-0.05039677023887634,-0.04360105862856756,-0.20468956232070923,-0.056548357009887695,-0.04648670202136884,-0.1858896017074585,-0.04396054148674011,-0.02805713770926843,-0.16093647480010986,-0.04260626435279846,-0.01736489331365476,-0.13882386684417725,0.011865109205245972,-0.048701159861096244,-0.20065873861312866,-0.006257563829421997,-0.04762523269296537,-0.18518805503845215,-0.0034675002098083496,-0.03142203783632169,-0.16508948802947998,-0.0031328797340393066,-0.020017886739381652
G,-0.026985883712768555,-0.08527091145515442,0.0028853990690009823,-0.08986550569534302,-0.14443054795265198,-0.005235198736826874,-0.15324896574020386,-0.17160487174987793,-0.011330801379571653,-0.19649213552474976,-0.19035208225250244,-0.018911106829236246,-0.09703487157821655,-0.17296314239501953,-0.04293901691276858,-0.19192850589752197,-0.16795554757118225,-0.05967934275109599,-0.24028384685516357,-0.15425437688827515,-0.0665753244801266,-0.27978867292404175,-0.14257779717445374,-0.07065784776646922,-0.11019200086593628,-0.10936504602432251,-0.050926203225444056,-0.20388275384902954,-0.10800659656524658,-0.0627669080539448,-0.18780571222305298,-0.09872031211853027,-0.055404389594386316,-0.16014426946640015,-0.09864133596420288,-0.05145356649596522,-0.12152624130249023,-0.044722408056259155,-0.055830860827754236,-0.20911246538162231,-0.05794218182563782,-0.06205311635572741,-0.1916285753250122,-0.049071818590164185,-0.042548889611552454,-0.1637919545173645,-0.0466783344745636,-0.030852999855468966,-0.12945842742919922,0.013592779636383057,-0.06023909369547198,-0.19939851760864258,-0.005690276622772217,-0.06276088053424189,-0.18708866834640503,-0.008148133754730225,-0.047861436699221827,-0.16700142621994019,-0.009883612394332886,-0.03722604582149813
G,-0.02645963430404663,-0.08764225244522095,0.005678904679072616,-0.08893287181854248,-0.13861513137817383,0.0005365920657567358,-0.15428048372268677,-0.1594681441783905,-0.0027360003735594773,-0.19099992513656616,-0.18940871953964233,-0.0071761538568608785,-0.10160189867019653,-0.15606620907783508,-0.03658754707460332,-0.18999266624450684,-0.1519966423511505,-0.04878399850015569,-0.23626571893692017,-0.1404581367969513,-0.052834420959996464,-0.27463072538375854,-0.12798282504081726,-0.05515452430729795,-0.11424863338470459,-0.09290975332260132,-0.043149910430955174,-0.2002161741256714,-0.10446608066558838,-0.05015746087913442,-0.1886357069015503,-0.1079753041267395,-0.04135817618255544,-0.16557157039642334,-0.10881578922271729,-0.03654252321605611,-0.12372231483459473,-0.03117549419403076,-0.046267494123028996,-0.2037847638130188,-0.05524039268493652,-0.04856991351728368,-0.1876952052116394,-0.05919772386550903,-0.03009258353297639,-0.16317230463027954,-0.05708497762680054,-0.019201503630327466,-0.12975430488586426,0.023710131645202637,-0.048438481550263646,-0.19615691900253296,-0.004814803600311279,-0.047299690108346226,-0.18344199657440186,-0.014865100383758545,-0.03166653544788289,-0.16473549604415894,-0.016233861446380615,-0.020869222964691403
G,-0.03043144941329956,-0.08826786279678345,0.009502492505383486,-0.09200578927993774,-0.13666123151779175,0.007429310712289805,-0.15429264307022095,-0.15652713179588318,0.006025067656558747,-0.19230109453201294,-0.1811848282814026,0.0031815396019041486,-0.11256641149520874,-0.14192163944244385,-0.028152926233339315,-0.1965208649635315,-0.1398327350616455,-0.03995503519170285,-0.24103474617004395,-0.13269788026809692,-0.04523875598304272,-0.277940571308136,-0.120552659034729,-0.04807519946687222,-0.12444430589675903,-0.08191639184951782,-0.034581598234105115,-0.20040613412857056,-0.09405720233917236,-0.03953965042226315,-0.18334060907363892,-0.10077232122421265,-0.031037569385695463,-0.1581500768661499,-0.09900593757629395,-0.02623396400802136,-0.13075947761535645,-0.02331787347793579,-0.03769566897742749,-0.20252478122711182,-0.04655957221984863,-0.037836879831480985,-0.18520551919937134,-0.05542474985122681,-0.0211478475152731,-0.16067147254943848,-0.05284518003463745,-0.011659596455025678,-0.1333412528038025,0.029844462871551514,-0.039517671209502225,-0.1928536295890808,0.0015886425971984863,-0.03691673685305119,-0.17953628301620483,-0.011082887649536133,-0.022184310820627218,-0.16118323802947998,-0.011477649211883545,-0.012083103288638597
G,-0.02618849277496338,-0.08261922001838684,0.007022072830551451,-0.08971303701400757,-0.13471293449401855,0.0036025916126902757,-0.15187305212020874,-0.15923812985420227,0.0013574195693593083,-0.19106507301330566,-0.18413040041923523,-0.0021267288463775458,-0.10236120223999023,-0.165958434343338,-0.032539868457860166,-0.1912137269973755,-0.1527283787727356,-0.04851385365302008,-0.2387758493423462,-0.13968932628631592,-0.05632699812824171,-0.278414249420166,-0.12763160467147827,-0.06103475178653639,-0.11227625608444214,-0.1047167181968689,-0.041414359314984495,-0.20116400718688965,-0.09508016705513,-0.05353886420900267,-0.18281489610671997,-0.08642250299453735,-0.04789192388827246,-0.15489435195922852,-0.08931535482406616,-0.04413292716319006,-0.12182635068893433,-0.04240700602531433,-0.04741024757797163,-0.20322966575622559,-0.045441120862960815,-0.05604515756542128,-0.18312615156173706,-0.03494912385940552,-0.03943222547943037,-0.15528517961502075,-0.036614447832107544,-0.02798041301841181,-0.12884539365768433,0.01582959294319153,-0.05223647664362829,-0.19533312320709229,0.004628539085388184,-0.05587129081661146,-0.17910116910934448,0.006174713373184204,-0.04159471179420393,-0.15700405836105347,0.003359764814376831,-0.030437508328503782
G,-0.02591240406036377,-0.0821954607963562,-0.002736634322424436,-0.08504742383956909,-0.14199420809745789,-0.00996637645082643,-0.1496737003326416,-0.14587706327438354,-0.014729288619925285,-0.19319742918014526,-0.12230461835861206,-0.0211237149582999,-0.1099500060081482,-0.154218852519989,-0.03765157817768028,-0.19534868001937866,-0.1666778326034546,-0.05109962283538749,-0.24444717168807983,-0.17063379287719727,-0.0554493313925164,-0.28440624475479126,-0.17223942279815674,-0.05839970542954376,-0.12569791078567505,-0.09622031450271606,-0.04155393152402809,-0.20679891109466553,-0.09217756986618042,-0.05506401344107559,-0.1861669421195984,-0.08023020625114441,-0.048391135622729564,-0.15704858303070068,-0.07660666108131409,-0.042605364908446575,-0.1346011757850647,-0.03817763924598694,-0.042950088371505046,-0.20615941286087036,-0.04032188653945923,-0.051327431787719036,-0.1838669776916504,-0.032194435596466064,-0.03460196985768249,-0.15595704317092896,-0.030302107334136963,-0.0228695163773196,-0.13838231563568115,0.016205132007598877,-0.04423934428857734,-0.19679194688796997,0.004758179187774658,-0.04738120197223594,-0.17998790740966797,0.005266427993774414,-0.03374031393693855,-0.1576780080795288,0.0071926116943359375,-0.022964561571349407
G,-0.02477133274078369,-0.08043617010116577,-0.0037717126477190277,-0.08543360233306885,-0.13636818528175354,-0.012984501773459556,-0.1506037712097168,-0.14029312133789062,-0.01961989665214503,-0.19581836462020874,-0.1270260214805603,-0.027850797044081332,-0.10179883241653442,-0.1606137752532959,-0.04121462406401122,-0.18550550937652588,-0.17658373713493347,-0.0581492647695967,-0.2338208556175232,-0.18525880575180054,-0.06510248558406317,-0.27345144748687744,-0.19295117259025574,-0.06995864735726798,-0.11714661121368408,-0.10334250330924988,-0.0457075402307936,-0.2026539444923401,-0.08962568640708923,-0.06318060831908667,-0.18088412284851074,-0.07288539409637451,-0.057853640632671954,-0.14980262517929077,-0.07047536969184875,-0.05277361871485198,-0.12684518098831177,-0.04493704438209534,-0.04784378932599509,-0.20356333255767822,-0.0403023362159729,-0.06064704956297362,-0.18155497312545776,-0.029229938983917236,-0.043723033385319354,-0.15229886770248413,-0.0289362370967865,-0.03100813889686549,-0.13165909051895142,0.008742749691009521,-0.04974379541162932,-0.19317275285720825,0.0038288235664367676,-0.05662602336887801,-0.1776023507118225,0.006891071796417236,-0.0437498033214041,-0.15529531240463257,0.007048189640045166,-0.03292001562003577
G,-0.02467167377471924,-0.08354884386062622,-0.005082131538070911,-0.08553719520568848,-0.13945633172988892,-0.013438589114226573,-0.15222203731536865,-0.13934284448623657,-0.018444307323076004,-0.19437819719314575,-0.11619171500205994,-0.024802887986876243,-0.10367727279663086,-0.14889979362487793,-0.04136265086708235,-0.18851888179779053,-0.16038233041763306,-0.05480935814557242,-0.23748207092285156,-0.16581130027770996,-0.05902823450741934,-0.2769458293914795,-0.16983485221862793,-0.06180826964554953,-0.11957097053527832,-0.08945316076278687,-0.04379833879647421,-0.20585227012634277,-0.0880245566368103,-0.056552842434026473,-0.1920415759086609,-0.07689088582992554,-0.05008552240905928,-0.16328758001327515,-0.07047909498214722,-0.04430754500208067,-0.12851661443710327,-0.031244337558746338,-0.04355376603779959,-0.20210134983062744,-0.03722101449966431,-0.051120639021970504,-0.18853092193603516,-0.032530784606933594,-0.03587680327472853,-0.16194385290145874,-0.028462529182434082,-0.024953358049966567,-0.1331964135169983,0.021026313304901123,-0.04322522523579764,-0.19296711683273315,0.009821832180023193,-0.045386992569543594,-0.1867913007736206,0.005707263946533203,-0.03361089545068907,-0.1704256534576416,0.005413055419921875,-0.02441694232402014
G,-0.026413023471832275,-0.08196085691452026,-0.008983439650559477,-0.09202593564987183,-0.13581997156143188,-0.018581951853060774,-0.16085141897201538,-0.13140493631362915,-0.02346343814971452,-0.2017921805381775,-0.10086745023727417,-0.02947724878432756,-0.10764139890670776,-0.14066892862319946,-0.045665061917328886,-0.19229137897491455,-0.14482522010803223,-0.0571822625363112,-0.23929905891418457,-0.14550435543060303,-0.05981720879318719,-0.27760201692581177,-0.1431402564048767,-0.06173958897235399,-0.12082570791244507,-0.07697230577468872,-0.046273476328873686,-0.20486122369766235,-0.07975965738296509,-0.05802207708003526,-0.1861146092414856,-0.08172470331192017,-0.05143701925518518,-0.1558476686477661,-0.07901245355606079,-0.04566568031551843,-0.1279488205909729,-0.01748412847518921,-0.04412118613364702,-0.20148718357086182,-0.02960103750228882,-0.050933102961802534,-0.18205398321151733,-0.03552359342575073,-0.03606141253950601,-0.15537136793136597,-0.033044636249542236,-0.025960729342126898,-0.13183659315109253,0.03496283292770386,-0.04209777235629564,-0.1921827793121338,0.018510401248931885,-0.04500998824479585,-0.17742514610290527,0.008731484413146973,-0.03324188187363153,-0.1575624942779541,0.008989691734313965,-0.024469631608748488
G,-0.029198825359344482,-0.08701223134994507,0.0015813200841385822,-0.08837348222732544,-0.13518548011779785,-0.0020946244369532963,-0.14979219436645508,-0.1315886378288269,-0.0035376736088927885,-0.1863216757774353,-0.1012197732925415,-0.006570385641911258,-0.11645776033401489,-0.12963968515396118,-0.0353027427229371,-0.20203202962875366,-0.13383793830871582,-0.04200534835786485,-0.24707847833633423,-0.13477635383605957,-0.04134778619141244,-0.2837056517601013,-0.1300894021987915,-0.04078770742149018,-0.12984323501586914,-0.06853938102722168,-0.03765450731248521,-0.19228345155715942,-0.07572066783905029,-0.039342861029812326,-0.17333221435546875,-0.0774112343788147,-0.028132210824200143,-0.1484752893447876,-0.07374244928359985,-0.022158726457067957,-0.13604730367660522,-0.012144207954406738,-0.036939001980730524,-0.18835926055908203,-0.028125464916229248,-0.03446875080794953,-0.16906166076660156,-0.030362069606781006,-0.018825239840456476,-0.1465168595314026,-0.026501893997192383,-0.011412949639865388,-0.13830417394638062,0.03810107707977295,-0.03575764537186288,-0.18415063619613647,0.016244113445281982,-0.030512388202854623,-0.1658618450164795,0.011580467224121094,-0.016692496243425836,-0.1460147500038147,0.01568394899368286,-0.008232438344069948
G,-0.029084384441375732,-0.07485616207122803,-0.0009225282249367694,-0.08526879549026489,-0.11642992496490479,-0.005183908868520604,-0.1397114396095276,-0.11198544502258301,-0.006833706762581215,-0.1721184253692627,-0.08521699905395508,-0.009587398976027117,-0.10992896556854248,-0.11617249250411987,-0.03292756552243148,-0.18637287616729736,-0.11964339017868042,-0.040952828027247534,-0.22803497314453125,-0.11829286813735962,-0.04146749178314124,-0.26112133264541626,-0.11220496892929077,-0.041402988381623373,-0.12085723876953125,-0.06129986047744751,-0.03505548486852561,-0.18647748231887817,-0.06353968381881714,-0.04079460377240096,-0.1681506633758545,-0.06484270095825195,-0.0320580008103839,-0.14253395795822144,-0.06278437376022339,-0.025808766730069266,-0.12487143278121948,-0.009453892707824707,-0.03467091942572509,-0.1813502311706543,-0.019989311695098877,-0.03644974554324065,-0.16168439388275146,-0.02441948652267456,-0.02249713825428401,-0.1388201117515564,-0.023321151733398438,-0.014045372851132498,-0.12466508150100708,0.037511467933654785,-0.03396496946358596,-0.17225176095962524,0.022224605083465576,-0.03225164140009795,-0.1559690237045288,0.014794766902923584,-0.019992729894756422,-0.1375611424446106,0.016020536422729492,-0.011430090539096938
G,-0.023954033851623535,-0.07105934619903564,-0.001006226489963069,-0.07843464612960815,-0.11242946982383728,-0.007292280408265128,-0.13597655296325684,-0.10964414477348328,-0.011520524478228822,-0.17381936311721802,-0.09353470802307129,-0.016949050097437635,-0.0938805341720581,-0.1295527219772339,-0.03143878091749741,-0.16718518733978271,-0.13261300325393677,-0.04333867688355042,-0.20994436740875244,-0.13054358959197998,-0.047694032980771794,-0.24424642324447632,-0.12669479846954346,-0.05019788999733521,-0.10595887899398804,-0.0778387188911438,-0.03493000005063607,-0.18098050355911255,-0.07088655233383179,-0.04550210942205979,-0.1688494086265564,-0.05798059701919556,-0.04009959284839226,-0.14380156993865967,-0.051752686500549316,-0.03523525033769204,-0.11268085241317749,-0.026420533657073975,-0.036077031834693685,-0.17819446325302124,-0.028864800930023193,-0.0424915048914869,-0.16556626558303833,-0.021291077136993408,-0.028658136694403424,-0.1420932412147522,-0.01713508367538452,-0.01857799474773003,-0.11506730318069458,0.020207524299621582,-0.0368573721188028,-0.16859960556030273,0.010686933994293213,-0.03824676756438805,-0.1619938611984253,0.009732604026794434,-0.02667316977557732,-0.14643627405166626,0.01066213846206665,-0.017468210278721585
G,-0.02501511573791504,-0.07675695419311523,0.0010994465761058336,-0.08584761619567871,-0.12537309527397156,-0.006104318288137733,-0.1484314203262329,-0.12930944561958313,-0.011937898446788608,-0.19167321920394897,-0.11996495723724365,-0.019409677808155834,-0.10220831632614136,-0.1595950424671173,-0.033999184940924465,-0.18223756551742554,-0.1647675633430481,-0.05023791534172517,-0.2289801836013794,-0.16538047790527344,-0.05849887696372491,-0.2667315602302551,-0.16570481657981873,-0.06422222671376687,-0.11530333757400513,-0.10491877794265747,-0.04030356449352723,-0.19538134336471558,-0.07846099138259888,-0.0547747899340294,-0.17920321226119995,-0.05820879340171814,-0.049954282914271175,-0.15210247039794922,-0.055979639291763306,-0.0464490566896103,-0.12315088510513306,-0.04710209369659424,-0.044368090902437984,-0.196649432182312,-0.03440248966217041,-0.05523735177980882,-0.18008840084075928,-0.020063847303390503,-0.039761110072007,-0.1541340947151184,-0.019731849431991577,-0.02894030032025796,-0.1256324052810669,0.005868136882781982,-0.04784046379195672,-0.185522198677063,0.007877498865127563,-0.05350873885022622,-0.175761878490448,0.012183070182800293,-0.04131333795653802,-0.15748131275177002,0.009631186723709106,-0.031364037518372356
G,-0.027392864227294922,-0.08515363931655884,0.005293795322387496,-0.09062391519546509,-0.14195942878723145,0.0009025798135837704,-0.15705370903015137,-0.1437741219997406,-0.002922932435438952,-0.19966274499893188,-0.12376496195793152,-0.008783063902200183,-0.11910456418991089,-0.17866049706935883,-0.029209699532628974,-0.20896875858306885,-0.17906078696250916,-0.043282514488936386,-0.259801983833313,-0.1787218153476715,-0.04981047851467224,-0.30072689056396484,-0.17873387038707733,-0.05446344432854744,-0.13548988103866577,-0.11810937523841858,-0.03699835208678337,-0.21658390760421753,-0.08910837769508362,-0.04916430456066223,-0.19414979219436646,-0.07123824954032898,-0.04274972719574066,-0.1631685495376587,-0.07289746403694153,-0.03821399626755806,-0.1454066038131714,-0.05396401882171631,-0.04224344534301849,-0.21577990055084229,-0.034552186727523804,-0.05027349484586807,-0.19263112545013428,-0.020306050777435303,-0.034381968951464614,-0.16431421041488647,-0.024406373500823975,-0.023948540961981735,-0.14903026819229126,0.007625073194503784,-0.04671529499316307,-0.2084084153175354,0.011399835348129272,-0.0490878467025766,-0.1896950602531433,0.01712515950202942,-0.03490649355077835,-0.16625362634658813,0.014113962650299072,-0.02400888135159107
G,-0.03219747543334961,-0.10104736685752869,-0.006992055486023219,-0.1090812087059021,-0.16252881288528442,-0.015190529554217846,-0.1906273365020752,-0.1537928283214569,-0.019083171068757565,-0.24147599935531616,-0.11896467208862305,-0.024254615335792096,-0.136030912399292,-0.17887762188911438,-0.04643137279066423,-0.2419874668121338,-0.18023592233657837,-0.06118175285968164,-0.30116188526153564,-0.174917072057724,-0.06619586694154123,-0.349895179271698,-0.1661432683467865,-0.069768904625505,-0.1536899209022522,-0.10677158832550049,-0.04791745814594606,-0.24036771059036255,-0.09831503033638,-0.05894623222860673,-0.2143946886062622,-0.08909019827842712,-0.04969158294710496,-0.18058687448501587,-0.08680149912834167,-0.04353079470905641,-0.16368889808654785,-0.03626817464828491,-0.047082616864770443,-0.23829340934753418,-0.04173469543457031,-0.05251114341530183,-0.21067899465560913,-0.03652459383010864,-0.03378670561227182,-0.1793140172958374,-0.03452575206756592,-0.02231680872949937,-0.16815370321273804,0.02852576971054077,-0.04667351666006425,-0.22841525077819824,0.011831045150756836,-0.04750309410604814,-0.20738136768341064,0.008565425872802734,-0.033143172889083417,-0.18324893712997437,0.010177433490753174,-0.022868811070054562
H,-0.04732048511505127,-0.11192536354064941,-0.00932582457130593,-0.13235104084014893,-0.166961669921875,-0.025293244873637377,-0.21233850717544556,-0.14094382524490356,-0.038244982143396555,-0.2571967840194702,-0.08480638265609741,-0.0515609578094427,-0.1583821177482605,-0.17615166306495667,-0.06470124878501338,-0.28539562225341797,-0.1643277406692505,-0.08613279916858119,-0.34901702404022217,-0.15476647019386292,-0.09428270616149348,-0.4035258889198303,-0.14598649740219116,-0.09799450345849436,-0.16535073518753052,-0.08749407529830933,-0.07145601220940989,-0.30040693283081055,-0.08710920810699463,-0.09148632444953364,-0.37399494647979736,-0.09553977847099304,-0.09437690385198039,-0.4288531243801117,-0.09665969014167786,-0.09684264369820994,-0.16775131225585938,-0.005162298679351807,-0.07427482016896647,-0.2827950119972229,-0.015627145767211914,-0.09029128857469004,-0.2563633322715759,-0.03886091709136963,-0.07721297897910517,-0.2179630994796753,-0.04377090930938721,-0.06422930665826243,-0.16757714748382568,0.0632966160774231,-0.07749889500951213,-0.24988651275634766,0.02925693988800049,-0.08594784595584315,-0.23301362991333008,0.0032604336738586426,-0.07213107951497477,-0.20618009567260742,-0.004851996898651123,-0.05915368058299464
H,-0.042587339878082275,-0.10625970363616943,0.003716063920990109,-0.13231319189071655,-0.14998236298561096,-0.01053185737447393,-0.21762984991073608,-0.10865870118141174,-0.024323688584729553,-0.264646053314209,-0.05182573199272156,-0.03948222822265279,-0.1580556035041809,-0.2008386254310608,-0.05917799449281347,-0.27806395292282104,-0.19036640226840973,-0.0872795318694557,-0.34393733739852905,-0.1865752935409546,-0.10458165011124265,-0.4005420207977295,-0.1825924813747406,-0.11567053547815931,-0.1619909405708313,-0.11978143453598022,-0.07200990221218717,-0.29229068756103516,-0.12310358881950378,-0.09508666000084531,-0.36915409564971924,-0.12894824147224426,-0.10595405450777662,-0.42860865592956543,-0.12745922803878784,-0.11679900041536939,-0.1645747423171997,-0.03722524642944336,-0.0790191849203552,-0.27738380432128906,-0.025258153676986694,-0.09117476991133344,-0.2432432770729065,-0.029307514429092407,-0.07404400012211454,-0.2039201855659485,-0.030147790908813477,-0.06108180037455213,-0.16420429944992065,0.03675734996795654,-0.08572522154764783,-0.24360507726669312,0.02789643406867981,-0.08836800209002149,-0.21812766790390015,0.019862443208694458,-0.06918809166865003,-0.1888514757156372,0.014307528734207153,-0.05393565050081861
H,-0.043267905712127686,-0.10942628979682922,-0.006472643317977145,-0.12851977348327637,-0.16237354278564453,-0.02333763599614258,-0.20968514680862427,-0.13958445191383362,-0.03775409966925736,-0.2563285231590271,-0.0858089029788971,-0.053531583251754,-0.14992856979370117,-0.1828020215034485,-0.06827324614147301,-0.272444486618042,-0.17090854048728943,-0.09442312255720253,-0.3362346887588501,-0.16009658575057983,-0.106285080166856,-0.3903900980949402,-0.15121161937713623,-0.11249022916177864,-0.15562385320663452,-0.09784337878227234,-0.07762950644115563,-0.2885092496871948,-0.0953475832939148,-0.10115264341453667,-0.3633483648300171,-0.10137265920639038,-0.1065483836851513,-0.4197579622268677,-0.10122224688529968,-0.1114326192460453,-0.1588154435157776,-0.01633131504058838,-0.08256812378982659,-0.27529406547546387,-0.020650804042816162,-0.10016476348260994,-0.2505176067352295,-0.03850823640823364,-0.08583351955036278,-0.21259939670562744,-0.04077744483947754,-0.07243216023067589,-0.16006594896316528,0.05463361740112305,-0.0877158789358532,-0.24710118770599365,0.030169963836669922,-0.09725023791412468,-0.2314407229423523,0.00857311487197876,-0.08234686389783974,-0.20463263988494873,0.0015243887901306152,-0.06862045064787026
H,-0.041449904441833496,-0.11036622524261475,-0.01066908125457644,-0.12363666296005249,-0.15859895944595337,-0.024675818874214883,-0.1990419626235962,-0.12556904554367065,-0.03523447249708056,-0.23904657363891602,-0.07012027502059937,-0.04626803730306506,-0.14440417289733887,-0.16353803873062134,-0.061652968420361276,-0.2620130777359009,-0.15232878923416138,-0.08021651466069102,-0.32132071256637573,-0.1421118974685669,-0.08647833277163386,-0.3720882534980774,-0.1340421438217163,-0.0889830838578689,-0.15343034267425537,-0.08048701286315918,-0.06527195383486628,-0.2775525450706482,-0.07888340950012207,-0.08280088265118479,-0.34689128398895264,-0.08530330657958984,-0.08551802743849635,-0.397708535194397,-0.08735531568527222,-0.08771924932179331,-0.158194899559021,-0.0034941434860229492,-0.06492342312512278,-0.2570406198501587,-0.017148613929748535,-0.07862990607199549,-0.22704893350601196,-0.033532142639160156,-0.0660072367328155,-0.19076097011566162,-0.034342408180236816,-0.053504655851696725,-0.1590108871459961,0.06010168790817261,-0.06499178220209956,-0.22934454679489136,0.027380406856536865,-0.07053365816054225,-0.2069210410118103,0.01055830717086792,-0.0558916356104362,-0.17911207675933838,0.009225428104400635,-0.04266295839724421
H,-0.04661250114440918,-0.10066330432891846,-0.015019542948323306,-0.13240748643875122,-0.14033478498458862,-0.026990347021239813,-0.20442479848861694,-0.09754234552383423,-0.03395728249194008,-0.23723483085632324,-0.03532707691192627,-0.04014689330102783,-0.1552203893661499,-0.12155693769454956,-0.059563065358418044,-0.26890110969543457,-0.12036716938018799,-0.07549162436367851,-0.3254874348640442,-0.11636102199554443,-0.07758541632534843,-0.3725575804710388,-0.10882431268692017,-0.07583336014391762,-0.1637551188468933,-0.042120516300201416,-0.05785937089564186,-0.27992570400238037,-0.052173495292663574,-0.07169278938414436,-0.34766796231269836,-0.05911064147949219,-0.07190134603621345,-0.39667290449142456,-0.05770796537399292,-0.07055583823563438,-0.16578394174575806,0.028255105018615723,-0.052692825385349806,-0.24427074193954468,0.010330021381378174,-0.06099204946400505,-0.21846210956573486,-0.009988248348236084,-0.0498418756210981,-0.18576085567474365,-0.013377964496612549,-0.03800765279771667,-0.16319358348846436,0.08325636386871338,-0.04859252128841263,-0.2101452350616455,0.04760181903839111,-0.04601934779526573,-0.19065850973129272,0.0311506986618042,-0.031848958172815856,-0.16755622625350952,0.0320776104927063,-0.01926589984537941
H,-0.050412654876708984,-0.09969574213027954,-0.009355227325897886,-0.12677395343780518,-0.1442471742630005,-0.016094504718523694,-0.19256097078323364,-0.10846418142318726,-0.019137161646824552,-0.21907320618629456,-0.04938805103302002,-0.02184640323076792,-0.1620984673500061,-0.11702066659927368,-0.04548587915752478,-0.2736425995826721,-0.12332069873809814,-0.05577453491542883,-0.33030110597610474,-0.1207207441329956,-0.05469300491068907,-0.3768939971923828,-0.11230570077896118,-0.05015783277605124,-0.17603182792663574,-0.039871156215667725,-0.043876255725365354,-0.28727513551712036,-0.056882500648498535,-0.048994581078034116,-0.354026734828949,-0.0650673508644104,-0.046879279290180875,-0.40163058042526245,-0.06367814540863037,-0.043367120300274564,-0.17913031578063965,0.0293615460395813,-0.03886993122551985,-0.23811283707618713,0.004579782485961914,-0.03857775298212118,-0.21446633338928223,-0.01329338550567627,-0.030982789446454717,-0.18362480401992798,-0.016175806522369385,-0.022020622019510938,-0.17551934719085693,0.08447879552841187,-0.03473872957084723,-0.20499593019485474,0.0483860969543457,-0.024586940978508665,-0.18735134601593018,0.03328913450241089,-0.011648353983503057,-0.16591602563858032,0.03330475091934204,6.372895467166018e-05
H,-0.05423253774642944,-0.09027230739593506,0.0020939247601177158,-0.13503509759902954,-0.11287769675254822,-0.005188936282650047,-0.20337116718292236,-0.06208595633506775,-0.01241149046342116,-0.24072948098182678,-0.005268990993499756,-0.020574701399311834,-0.17218273878097534,-0.1317560374736786,-0.03670082558761578,-0.2826552093029022,-0.12647667527198792,-0.051093637392625624,-0.34223291277885437,-0.1229293942451477,-0.05460045804153424,-0.3897063732147217,-0.11629176139831543,-0.053290612444982344,-0.1816331148147583,-0.057888299226760864,-0.04347620849381428,-0.299459844827652,-0.05594354867935181,-0.05330026094685536,-0.36857423186302185,-0.06005758047103882,-0.05452984516392689,-0.4188436269760132,-0.06102904677391052,-0.05354943816433888,-0.18089723587036133,0.014095485210418701,-0.04600793440710049,-0.24363774061203003,0.029350459575653076,-0.04879758079420071,-0.2158506214618683,0.020071208477020264,-0.03889749144087773,-0.18482160568237305,0.01517939567565918,-0.02835454177926522,-0.17243951559066772,0.07906931638717651,-0.04836200867663365,-0.20862096548080444,0.07265228033065796,-0.04029349555145245,-0.18537497520446777,0.06264561414718628,-0.02319919635425549,-0.1613253951072693,0.059736430644989014,-0.00827698633889895
H,-0.053227782249450684,-0.0934782326221466,0.026231757763468977,-0.12929511070251465,-0.11442932486534119,0.027004416498982664,-0.19243595004081726,-0.06819173693656921,0.021766123760187384,-0.22262272238731384,-0.006036341190338135,0.01451608950986838,-0.18065771460533142,-0.15490663051605225,-0.01517482620880628,-0.29534828662872314,-0.1453024446964264,-0.026457708861983065,-0.3567901849746704,-0.14539355039596558,-0.02984202333942676,-0.40469470620155334,-0.14239546656608582,-0.029915465575015787,-0.1905825436115265,-0.08717930316925049,-0.03325250425592685,-0.3113310933113098,-0.08619147539138794,-0.04526764207736278,-0.3845410943031311,-0.09130272269248962,-0.05085082777992511,-0.4354307949542999,-0.0938194990158081,-0.05341818982020641,-0.1908341646194458,-0.012389153242111206,-0.04484485515610004,-0.2574073374271393,0.03248167037963867,-0.042941824134743456,-0.22562330961227417,0.03741362690925598,-0.02889166825667644,-0.19287657737731934,0.033380746841430664,-0.016726311829245333,-0.18156680464744568,0.0593591034412384,-0.054868944522297625,-0.22518223524093628,0.07681915163993835,-0.041304510619795565,-0.1972644329071045,0.0744333267211914,-0.01983082720295215,-0.1695709228515625,0.06701043248176575,-0.002311612546748165
H,-0.05004477500915527,-0.09407463669776917,0.015048019320857975,-0.1307307481765747,-0.12788771092891693,0.004531459150058481,-0.2017008662223816,-0.08559820055961609,-0.009972962817954567,-0.23736858367919922,-0.029225975275039673,-0.027513450278746632,-0.16529637575149536,-0.17936773598194122,-0.044756621389495876,-0.2745034098625183,-0.17300328612327576,-0.07297331493984416,-0.33542829751968384,-0.180692657828331,-0.09097850721965983,-0.38480445742607117,-0.1855170875787735,-0.10226337265859797,-0.16546285152435303,-0.11077143251895905,-0.06488997888456538,-0.2870051860809326,-0.11590972542762756,-0.08889330577741816,-0.3597497344017029,-0.12680953741073608,-0.10245907705913737,-0.41335994005203247,-0.13274119794368744,-0.11406794589649394,-0.16236144304275513,-0.03443223237991333,-0.0788207168568249,-0.26118654012680054,-0.0004886090755462646,-0.08921701860319331,-0.2286231517791748,0.0016548633575439453,-0.07198228341232493,-0.1932997703552246,-0.005786865949630737,-0.058788366882907894,-0.1545565128326416,0.03809875249862671,-0.09181381416212275,-0.23198097944259644,0.05345064401626587,-0.09152806204448893,-0.20610153675079346,0.04784402251243591,-0.06947620612274363,-0.1765669584274292,0.035673052072525024,-0.052150815992462185
H,-0.04400676488876343,-0.09210842847824097,-0.004098934220252204,-0.12377595901489258,-0.12582281231880188,-0.013337947992710042,-0.1897752285003662,-0.07936671376228333,-0.021239360427586007,-0.22276151180267334,-0.022937536239624023,-0.030294078966704774,-0.15237325429916382,-0.14040607213974,-0.042011757945743966,-0.25891876220703125,-0.1380135715007782,-0.05968646854731219,-0.31769269704818726,-0.13577446341514587,-0.06716265678974764,-0.36578425765037537,-0.13470298051834106,-0.0695484593567528,-0.16371804475784302,-0.06897509098052979,-0.046407600497929025,-0.27197039127349854,-0.0736926794052124,-0.05863611922237055,-0.335848867893219,-0.0794554352760315,-0.0627445071992554,-0.3839799165725708,-0.08246612548828125,-0.06532077640864031,-0.1669335961341858,-0.00024431943893432617,-0.047291641688076425,-0.23864978551864624,0.005391895771026611,-0.053718303894726205,-0.21109670400619507,-0.003036201000213623,-0.04487192035290377,-0.18016654253005981,-0.005299568176269531,-0.035561894631115365,-0.16358262300491333,0.06127876043319702,-0.048390199994770455,-0.21235668659210205,0.05137425661087036,-0.04499897510382311,-0.1911531686782837,0.04237455129623413,-0.029897825425592828,-0.1678692102432251,0.04107874631881714,-0.016818673914400506
I,-0.0676913857460022,-0.008986175060272217,-0.02497072681097734,-0.13214713335037231,-0.05562734603881836,-0.04372724308876741,-0.16697531938552856,-0.1143198013305664,-0.06401970028190362,-0.1746056079864502,-0.18289023637771606,-0.07865796773938882,-0.1335720419883728,-0.17035818099975586,-0.010541220896527648,-0.15958958864212036,-0.2395959496498108,-0.045034928016946196,-0.1441819667816162,-0.20397406816482544,-0.06399193941859949,-0.12375038862228394,-0.15246295928955078,-0.06985694705753076,-0.09413480758666992,-0.1951393485069275,-0.012328838699147582,-0.11472046375274658,-0.2533738613128662,-0.057125100635573745,-0.10027027130126953,-0.18230867385864258,-0.07524662255553949,-0.08540099859237671,-0.119720458984375,-0.07672860264091241,-0.050524890422821045,-0.21243488788604736,-0.019760543250129103,-0.07278174161911011,-0.2844237685203552,-0.05995886563567865,-0.06944435834884644,-0.22204887866973877,-0.06400011270551431,-0.0626949667930603,-0.16213244199752808,-0.05528795509843576,-0.007214784622192383,-0.21977579593658447,-0.029022020988747954,-0.010066568851470947,-0.3054562211036682,-0.05493832915334451,-0.01181107759475708,-0.36136648058891296,-0.06354366033582437,-0.016166269779205322,-0.41363728046417236,-0.06374037056474435
I,-0.06927812099456787,-0.010426640510559082,-0.023754507800347824,-0.13071417808532715,-0.059549689292907715,-0.040806876992590446,-0.1642627716064453,-0.12275928258895874,-0.06013500553906681,-0.16950833797454834,-0.19110095500946045,-0.07469952342451336,-0.13256067037582397,-0.16447532176971436,-0.004401896180368681,-0.15695643424987793,-0.2394588589668274,-0.03978767481983425,-0.14512932300567627,-0.22426563501358032,-0.060762880867130775,-0.1254633665084839,-0.18104064464569092,-0.06746314701975109,-0.09259462356567383,-0.19124054908752441,-0.006714539633847494,-0.11234676837921143,-0.2567947208881378,-0.05221903932631733,-0.0950663685798645,-0.19924795627593994,-0.07290762898863079,-0.07923901081085205,-0.14104515314102173,-0.07576939699590923,-0.050053179264068604,-0.21167710423469543,-0.014931167972989101,-0.07072913646697998,-0.29175615310668945,-0.05714101207793476,-0.06428974866867065,-0.24012154340744019,-0.06418669459760906,-0.05473792552947998,-0.18316292762756348,-0.056600159531242866,-0.006011545658111572,-0.2234092652797699,-0.02476133455873253,-0.0103074312210083,-0.31005650758743286,-0.0503657744580579,-0.013574481010437012,-0.3671399652957916,-0.05900005114615681,-0.018797338008880615,-0.4175640046596527,-0.05905784902513744
I,-0.06529486179351807,-0.014829635620117188,-0.024885268871912558,-0.12287288904190063,-0.06344163417816162,-0.0433209296215864,-0.15211594104766846,-0.12462300062179565,-0.06371811590088328,-0.15614980459213257,-0.19281131029129028,-0.07884440383804758,-0.12135720252990723,-0.17368710041046143,-0.00661991163087805,-0.13882750272750854,-0.2449532151222229,-0.04120665228856524,-0.12127745151519775,-0.21545320749282837,-0.0608818586815687,-0.10180532932281494,-0.16666585206985474,-0.06688913515699824,-0.08181148767471313,-0.19563519954681396,-0.00822445935500582,-0.09486722946166992,-0.2575604021549225,-0.052711008106598456,-0.07619327306747437,-0.19106769561767578,-0.07144865206373652,-0.06214296817779541,-0.13094741106033325,-0.07306069693458994,-0.03940528631210327,-0.21086937189102173,-0.01576593703521212,-0.05530953407287598,-0.28464454412460327,-0.05694342589868029,-0.04755431413650513,-0.2279425859451294,-0.06204993463052233,-0.03900498151779175,-0.17050230503082275,-0.0532226730038019,0.003641366958618164,-0.21772319078445435,-0.02504064141703566,0.003253340721130371,-0.3022187352180481,-0.05009918472660502,0.004722714424133301,-0.35668304562568665,-0.057961048548349936,0.0030115842819213867,-0.4055684804916382,-0.057476328675875266
I,-0.05960017442703247,-0.014024138450622559,-0.025246330078118717,-0.11508297920227051,-0.06343674659729004,-0.043662021409147656,-0.14077794551849365,-0.12041252851486206,-0.06340294192301599,-0.14011788368225098,-0.182716965675354,-0.07766639302241174,-0.10943770408630371,-0.1759440302848816,-0.013400823350423252,-0.1242300271987915,-0.24131888151168823,-0.047195764731043255,-0.10837656259536743,-0.20016342401504517,-0.06605174998509256,-0.09268152713775635,-0.15034621953964233,-0.07216803590523568,-0.06936389207839966,-0.19340640306472778,-0.014665161732011711,-0.07920372486114502,-0.24660497903823853,-0.05773500586616365,-0.06701391935348511,-0.17501747608184814,-0.07472119341360894,-0.057891011238098145,-0.11489689350128174,-0.07611360261904565,-0.026503801345825195,-0.2039443850517273,-0.021407004918330585,-0.03765416145324707,-0.27096956968307495,-0.06111585954892007,-0.034838318824768066,-0.20869368314743042,-0.0643545226262745,-0.031383395195007324,-0.1502266526222229,-0.05509118596779672,0.014976799488067627,-0.2063734531402588,-0.029911501805656826,0.019672691822052002,-0.2870802879333496,-0.05479746917950479,0.0245169997215271,-0.33901190757751465,-0.06211780245172349,0.025864839553833008,-0.3874551057815552,-0.06147804344760743
I,-0.06151902675628662,-0.0118979811668396,-0.022418337482093875,-0.11854392290115356,-0.05976986885070801,-0.03927788564848811,-0.1485394835472107,-0.115348219871521,-0.05745460519480616,-0.1487048864364624,-0.17756801843643188,-0.070249856057643,-0.11214339733123779,-0.16660195589065552,-0.011368413995086257,-0.1293913722038269,-0.23390144109725952,-0.043351676854371135,-0.11683136224746704,-0.19217771291732788,-0.060450457575797145,-0.10158777236938477,-0.14200133085250854,-0.06580917591142565,-0.07385838031768799,-0.18460649251937866,-0.012986997681736057,-0.08796185255050659,-0.23949068784713745,-0.05387768948364169,-0.07806247472763062,-0.17033767700195312,-0.06980472857046038,-0.06758397817611694,-0.11313962936401367,-0.0709822928338042,-0.03232550621032715,-0.19602328538894653,-0.019730788263558452,-0.04756194353103638,-0.2613726258277893,-0.05683977955865771,-0.04822492599487305,-0.20289748907089233,-0.06070436591195971,-0.04630708694458008,-0.1487044095993042,-0.0528424909143439,0.00837719440460205,-0.19958096742630005,-0.027926328199981754,0.012599527835845947,-0.2789704203605652,-0.051971484514950816,0.016762495040893555,-0.32897740602493286,-0.06021866256284625,0.01728004217147827,-0.3762389123439789,-0.060688447746514385
I,-0.06682813167572021,-0.014872968196868896,-0.02087086744418798,-0.12644153833389282,-0.06877976655960083,-0.036429972646743636,-0.15801095962524414,-0.13057786226272583,-0.05427543565443216,-0.16756737232208252,-0.19753926992416382,-0.06712169691732583,-0.11624807119369507,-0.1738121509552002,-0.0030604459140306517,-0.13908767700195312,-0.24931585788726807,-0.036141266373903136,-0.13921713829040527,-0.22355759143829346,-0.054250632671625,-0.13111776113510132,-0.17584645748138428,-0.05983662351778207,-0.07964491844177246,-0.1953209638595581,-0.00608740633165894,-0.10260945558547974,-0.2607607841491699,-0.049443395135909896,-0.09916698932647705,-0.19666165113449097,-0.06724983200243173,-0.08871757984161377,-0.1379472017288208,-0.06851212426832376,-0.03897339105606079,-0.20931267738342285,-0.014907260684282164,-0.061396121978759766,-0.2860713005065918,-0.05364897966197191,-0.06799298524856567,-0.2287294864654541,-0.0591620255987948,-0.06746715307235718,-0.1721707582473755,-0.05182557299545465,0.003210127353668213,-0.21454471349716187,-0.025327491832882743,0.007091343402862549,-0.2982681393623352,-0.05054666966012178,0.009985208511352539,-0.3520680069923401,-0.060675096956998686,0.010009229183197021,-0.40303632616996765,-0.06227522089889703
I,-0.07142776250839233,-0.016030430793762207,-0.021989506375618362,-0.13457787036895752,-0.07561862468719482,-0.03777746547443428,-0.17017173767089844,-0.1430400013923645,-0.056472547989912414,-0.1803099513053894,-0.21494516730308533,-0.07049846712929764,-0.1294471025466919,-0.17900091409683228,0.0007010033613852329,-0.15514153242111206,-0.25827479362487793,-0.033714615446157836,-0.14919841289520264,-0.24626025557518005,-0.054415513467617416,-0.1348535418510437,-0.2017020583152771,-0.060678110164232635,-0.08932507038116455,-0.20399776101112366,-0.0026865363443420165,-0.11301326751708984,-0.27666348218917847,-0.046118852388687515,-0.10502177476882935,-0.22297731041908264,-0.06728805665356674,-0.09383469820022583,-0.16371101140975952,-0.07078816060406723,-0.046186625957489014,-0.22279763221740723,-0.012260765474863433,-0.06832695007324219,-0.31187188625335693,-0.05188585881573715,-0.06833899021148682,-0.26370102167129517,-0.060507454615660095,-0.06228750944137573,-0.2065233588218689,-0.054897018414564513,-0.0017085671424865723,-0.2321767508983612,-0.02357519109231987,-0.002161741256713867,-0.32355231046676636,-0.048025254797764205,-0.002286255359649658,-0.3841401934623718,-0.058358312290735626,-0.003680706024169922,-0.436300665140152,-0.06016356561762848
I,-0.06956374645233154,-0.020367860794067383,-0.02802988968851139,-0.13097161054611206,-0.08290231227874756,-0.046446577534695166,-0.1629701852798462,-0.15907812118530273,-0.06635353423716595,-0.16155481338500977,-0.23474621772766113,-0.0812188506877618,-0.13426697254180908,-0.19028332829475403,-0.006164604221154946,-0.15549027919769287,-0.2702760100364685,-0.04265676893355419,-0.13549911975860596,-0.2648584246635437,-0.06458413310410549,-0.1087532639503479,-0.22967925667762756,-0.072138656750937,-0.09079647064208984,-0.2183496356010437,-0.0067874345748322185,-0.10525518655776978,-0.291741281747818,-0.05346365355016758,-0.08188289403915405,-0.23451852798461914,-0.0745778799808221,-0.06451129913330078,-0.17741486430168152,-0.07762256719233562,-0.0443384051322937,-0.23725086450576782,-0.013707385287304419,-0.059767186641693115,-0.3263486623764038,-0.057072848901768225,-0.04958677291870117,-0.2793773114681244,-0.06448305852772762,-0.039102792739868164,-0.22380918264389038,-0.05709148652913143,0.0033347606658935547,-0.2439417541027069,-0.022631588280816572,0.004348933696746826,-0.3362135887145996,-0.04871843837263157,0.007146120071411133,-0.3966539353132248,-0.05758477829458286,0.00678861141204834,-0.4484572112560272,-0.057917022035141486
I,-0.058842360973358154,-0.029632568359375,-0.0258425122196968,-0.11282342672348022,-0.09833979606628418,-0.041762890487461846,-0.12189584970474243,-0.18188923597335815,-0.059519084363728325,-0.08213835954666138,-0.23454272747039795,-0.07038853150561408,-0.11728405952453613,-0.2061786651611328,-0.004468922696560185,-0.13180261850357056,-0.2675638496875763,-0.03801263329341964,-0.1081816554069519,-0.201099693775177,-0.054708423286228935,-0.09120595455169678,-0.15922236442565918,-0.05954186078861312,-0.07260310649871826,-0.2254076600074768,-0.0048251796583826945,-0.0803443193435669,-0.2815069854259491,-0.04812417757466392,-0.06219273805618286,-0.19479095935821533,-0.06067488920643882,-0.050628662109375,-0.14163482189178467,-0.05685285311892585,-0.02682030200958252,-0.23478859663009644,-0.011460272788553993,-0.0338747501373291,-0.29609835147857666,-0.051748415648489754,-0.028889119625091553,-0.2114325761795044,-0.04916170445039825,-0.025252461433410645,-0.14754843711853027,-0.0331371856923397,0.01687544584274292,-0.2362392544746399,-0.020456684946566384,0.011603355407714844,-0.3191167712211609,-0.040645925521403115,0.011110186576843262,-0.37451672554016113,-0.04337508809521751,0.008688092231750488,-0.4301573634147644,-0.038978940069227974
I,-0.052357256412506104,-0.02591526508331299,-0.028123700437134858,-0.10010421276092529,-0.08660370111465454,-0.045101433438247795,-0.10393780469894409,-0.15772885084152222,-0.0626848707022134,-0.0638965368270874,-0.20324832201004028,-0.07363954131025707,-0.09599065780639648,-0.19770050048828125,-0.010652448427862282,-0.10793280601501465,-0.24530911445617676,-0.0413366140844289,-0.09114795923233032,-0.18091118335723877,-0.05515756775159275,-0.07729119062423706,-0.1434164047241211,-0.058781761121935006,-0.05444139242172241,-0.20997190475463867,-0.008950027083045597,-0.060769617557525635,-0.24908781051635742,-0.050574737978166695,-0.04933518171310425,-0.16386562585830688,-0.061291351360267754,-0.04156452417373657,-0.11319959163665771,-0.057103562545961495,-0.012407422065734863,-0.21388256549835205,-0.013368955259210225,-0.017144978046417236,-0.25812816619873047,-0.05497665275353825,-0.01738286018371582,-0.1759786605834961,-0.054665084374136086,-0.016428351402282715,-0.1163516640663147,-0.040243159425443764,0.02833402156829834,-0.21209073066711426,-0.019813568708485718,0.033598482608795166,-0.2874111533164978,-0.04233575184363758,0.039984047412872314,-0.3381999135017395,-0.04759896863717472,0.043730854988098145,-0.3903581202030182,-0.04490026776213085
I,-0.06391406059265137,-0.02431952953338623,-0.02188817564740475,-0.1297760009765625,-0.09279358386993408,-0.03639141809537705,-0.14431697130203247,-0.17757302522659302,-0.0532520074804097,-0.10098975896835327,-0.23382216691970825,-0.06333101507618721,-0.12121075391769409,-0.22143232822418213,-0.0018966188828244412,-0.14326363801956177,-0.27645719051361084,-0.03567221727564629,-0.12498563528060913,-0.20438063144683838,-0.05225203153088387,-0.10557907819747925,-0.160555899143219,-0.057604968215969166,-0.07558220624923706,-0.23809093236923218,-0.004886675294187626,-0.09338724613189697,-0.28519487380981445,-0.05073663186624344,-0.08131754398345947,-0.18906378746032715,-0.06310876425698098,-0.06831163167953491,-0.1285179853439331,-0.05878342654898461,-0.02765136957168579,-0.2445286512374878,-0.01434437711134251,-0.04556143283843994,-0.2978481948375702,-0.05841907080605324,-0.045871734619140625,-0.20854049921035767,-0.057171132083681186,-0.04165095090866089,-0.14099258184432983,-0.04165309634402092,0.019960999488830566,-0.2426888346672058,-0.025573094974902233,0.02176767587661743,-0.3310200572013855,-0.05023660105064209,0.025696098804473877,-0.3893378973007202,-0.05631669950082596,0.026608288288116455,-0.4493381083011627,-0.054207030351903995
I,-0.07516688108444214,-0.03865671157836914,-0.026302848309683213,-0.1470775008201599,-0.1192750334739685,-0.04516193859319628,-0.16105127334594727,-0.22071945667266846,-0.06721366412978114,-0.10853338241577148,-0.2947044372558594,-0.08154251642565669,-0.14145410060882568,-0.2515333592891693,-0.0015646002212861276,-0.16490191221237183,-0.3190896213054657,-0.041365010962294946,-0.13863849639892578,-0.23819059133529663,-0.06222767226438464,-0.11763197183609009,-0.18510079383850098,-0.0695793501291746,-0.08848422765731812,-0.27508753538131714,-0.005160467997598062,-0.10420125722885132,-0.33687281608581543,-0.05826659716706217,-0.0844348669052124,-0.2255185842514038,-0.07378953166346491,-0.06887549161911011,-0.15143358707427979,-0.06991341926197947,-0.03341066837310791,-0.2879196107387543,-0.016329452693867097,-0.051525652408599854,-0.36253681778907776,-0.06519749231676997,-0.048379361629486084,-0.2585536241531372,-0.06262961991171778,-0.04239147901535034,-0.17413252592086792,-0.044568265155362496,0.02061009407043457,-0.29087740182876587,-0.02991589374880732,0.021128475666046143,-0.39864644408226013,-0.05638135068159045,0.02314162254333496,-0.4691145718097687,-0.06200053013901652,0.02074068784713745,-0.5379093587398529,-0.05909003905992449
I,-0.07194042205810547,-0.031241297721862793,-0.027765700483314504,-0.14625394344329834,-0.1096036434173584,-0.04622882779835891,-0.16620653867721558,-0.21194905042648315,-0.06729138072728347,-0.1172565221786499,-0.28852343559265137,-0.08061025466918181,-0.14036816358566284,-0.2481951117515564,-0.0033489718396140233,-0.16647011041641235,-0.3226913511753082,-0.043354151660196294,-0.14408260583877563,-0.24269244074821472,-0.062227675580970754,-0.12253463268280029,-0.19002628326416016,-0.06784165080784987,-0.0872235894203186,-0.2725257873535156,-0.005068775621793975,-0.1050226092338562,-0.3302924931049347,-0.05659607973097991,-0.08907288312911987,-0.22177493572235107,-0.07034351106881331,-0.074587881565094,-0.1572355031967163,-0.06618607964514922,-0.03006899356842041,-0.28608083724975586,-0.014646512345962037,-0.04640465974807739,-0.3611966669559479,-0.06703217502831649,-0.047398388385772705,-0.2557477355003357,-0.06542527850865554,-0.044599056243896484,-0.17671042680740356,-0.04757215630411338,0.026300370693206787,-0.2898922562599182,-0.02613912325500678,0.029254138469696045,-0.3938765525817871,-0.05692704197167586,0.032522618770599365,-0.46087609231472015,-0.06447425659894179,0.03172111511230469,-0.5314050018787384,-0.06218115415572356
J,0.0652819275856018,-0.05713015794754028,-0.0008608124197735378,0.10249042510986328,-0.14360398054122925,-0.003743012072732199,0.09325498342514038,-0.2357311248779297,-0.0031175979974022994,0.0507662296295166,-0.24785739183425903,-0.0015725931015140304,0.042594313621520996,-0.20546060800552368,-0.030389704844196785,0.0198785662651062,-0.28302115201950073,-0.026425323551734436,0.02920740842819214,-0.2506893277168274,-0.02124071969672059,0.03535252809524536,-0.21988403797149658,-0.018917611902793396,-0.006652355194091797,-0.19942063093185425,-0.03011518447681283,-0.016451001167297363,-0.2707996964454651,-0.016002482837279786,-0.008343636989593506,-0.23979943990707397,-0.006196634946604718,-0.005646824836730957,-0.2149296998977661,-0.0065227314925095925,-0.04850965738296509,-0.18436545133590698,-0.026453864863356102,-0.053553760051727295,-0.2503630220890045,-0.014857044546147335,-0.04481381177902222,-0.2297579050064087,-0.007377873743166674,-0.04133749008178711,-0.20158898830413818,-0.00954980785979842,-0.08377784490585327,-0.1657336950302124,-0.021825400283773888,-0.10674017667770386,-0.2508451044559479,-0.016659394940575112,-0.12261593341827393,-0.29239916801452637,-0.013366039945026387,-0.13657987117767334,-0.3216969072818756,-0.014834613641937722
J,0.061254680156707764,-0.06255584955215454,0.010713505965583181,0.09720885753631592,-0.13631677627563477,0.012113372270874834,0.08884042501449585,-0.21060386300086975,0.014673910510651922,0.055130183696746826,-0.23612016439437866,0.01685243606280551,0.04928469657897949,-0.2281416654586792,-0.02438771032083764,0.0026302337646484375,-0.28213974833488464,-0.01677757181514039,0.0035104751586914062,-0.24712765216827393,-0.006873805134631539,0.015272974967956543,-0.21687763929367065,-0.0006715616915187184,-0.0007224678993225098,-0.2151903510093689,-0.028982287797219897,-0.03613358736038208,-0.2596428394317627,-0.014826607483513499,-0.036218881607055664,-0.2222316563129425,-0.003551425005383635,-0.026701271533966064,-0.19435545802116394,-0.0019309956702215914,-0.046959102153778076,-0.19011226296424866,-0.028596370074041033,-0.07687127590179443,-0.23511385917663574,-0.016978875326998377,-0.07596617937088013,-0.20443877577781677,-0.006767357292659426,-0.0649569034576416,-0.17479389905929565,-0.00631315080735817,-0.0906912088394165,-0.15820404887199402,-0.025857938977964068,-0.11943662166595459,-0.23793157935142517,-0.020371558669097567,-0.14369261264801025,-0.2732289433479309,-0.013114153000600481,-0.16175329685211182,-0.30002397298812866,-0.01030304055947795
J,0.05981004238128662,-0.060363948345184326,0.005785736285048415,0.0957801342010498,-0.13647150993347168,0.004205519828843762,0.08664822578430176,-0.2128295600414276,0.004373020056533505,0.0499916672706604,-0.2334369719028473,0.004426062136786868,0.04874056577682495,-0.21353021264076233,-0.029306211013448547,0.007706582546234131,-0.27819889783859253,-0.025620170373571227,0.011402368545532227,-0.2462361454963684,-0.018641921196234534,0.022004783153533936,-0.21713727712631226,-0.014603084389221976,-0.0006652474403381348,-0.20349428057670593,-0.0326546565332535,-0.03018563985824585,-0.2601894438266754,-0.020372223544967483,-0.029038846492767334,-0.2248389720916748,-0.009329225372624705,-0.02195078134536743,-0.1994132399559021,-0.008329292263937305,-0.04560023546218872,-0.1834927797317505,-0.03189374736334116,-0.06966513395309448,-0.23869973421096802,-0.02082863679910929,-0.0680662989616394,-0.21053999662399292,-0.010156820032847236,-0.059592366218566895,-0.18090859055519104,-0.009887040097368072,-0.08744215965270996,-0.15709710121154785,-0.029564287949455093,-0.11343568563461304,-0.23864063620567322,-0.024939127702367614,-0.13497179746627808,-0.2771401107311249,-0.019326048407805274,-0.15203416347503662,-0.3060910701751709,-0.01833874403322966
J,0.0570184588432312,-0.05654996633529663,0.004092524233698214,0.09726673364639282,-0.13135093450546265,0.0016683763223284132,0.09324866533279419,-0.21038806438446045,0.0013167473352098114,0.057697176933288574,-0.23540574312210083,0.0013570533464246637,0.05322527885437012,-0.19602876901626587,-0.032184023935855066,0.015199780464172363,-0.27565252780914307,-0.03127299301749531,0.013810932636260986,-0.24562805891036987,-0.023990294490516817,0.0217551589012146,-0.2142035961151123,-0.018797375787556803,0.005768418312072754,-0.1888355016708374,-0.03539330564862553,-0.023318111896514893,-0.26093506813049316,-0.02802453801459137,-0.026445090770721436,-0.2264423966407776,-0.017136226002634203,-0.01971125602722168,-0.20112502574920654,-0.014625442740083372,-0.03832763433456421,-0.17492669820785522,-0.034922395427287256,-0.06175786256790161,-0.2435029149055481,-0.029120201770723497,-0.0632886290550232,-0.21595311164855957,-0.018788163144648706,-0.05597752332687378,-0.18689388036727905,-0.01684277557259861,-0.0808834433555603,-0.15687644481658936,-0.03281709231859509,-0.10611653327941895,-0.24317961931228638,-0.03170142747885052,-0.1276986002922058,-0.28492289781570435,-0.027551528592169916,-0.14401668310165405,-0.3174327611923218,-0.02678833581930462
J,0.05634331703186035,-0.05301773548126221,-0.003290106667918735,0.09554779529571533,-0.13268965482711792,-0.008780604819548898,0.0900997519493103,-0.2185346484184265,-0.010792036200655275,0.051756858825683594,-0.24049389362335205,-0.011941383252633386,0.04905062913894653,-0.1826179027557373,-0.039495686660302454,0.014879047870635986,-0.2670031189918518,-0.04139703385044413,0.018346548080444336,-0.23842263221740723,-0.0354478756289609,0.02738356590270996,-0.20821112394332886,-0.03113216220845061,0.0019611716270446777,-0.174915611743927,-0.03992286197353678,-0.02148205041885376,-0.2560216784477234,-0.035786657253993326,-0.020563721656799316,-0.22399193048477173,-0.02599692217518168,-0.015457570552825928,-0.19919633865356445,-0.023872908795965486,-0.040006160736083984,-0.16195833683013916,-0.0373813907008298,-0.0592958927154541,-0.23965156078338623,-0.035133803854478174,-0.056819260120391846,-0.21564394235610962,-0.026772548104418092,-0.050715506076812744,-0.18709802627563477,-0.025591638530386263,-0.07938545942306519,-0.14751583337783813,-0.03384178004671412,-0.10542500019073486,-0.23414063453674316,-0.036048772404683405,-0.12644672393798828,-0.2780846953392029,-0.03536814324070292,-0.14342975616455078,-0.3124624490737915,-0.037238015453112894
J,0.06452888250350952,-0.05396127700805664,-0.008301282182713976,0.10301941633224487,-0.13034570217132568,-0.01733151811399125,0.09367877244949341,-0.21539676189422607,-0.021177165091415873,0.0538904070854187,-0.2330622673034668,-0.02300485770442151,0.03840041160583496,-0.16902470588684082,-0.048628883317491045,0.024835824966430664,-0.2598721981048584,-0.05105911369659566,0.03629136085510254,-0.22963905334472656,-0.04491681407429837,0.03937029838562012,-0.19723719358444214,-0.0402993838045802,-0.009560048580169678,-0.16557979583740234,-0.04520026768781804,-0.010514795780181885,-0.25093042850494385,-0.03830821614005231,0.0004939436912536621,-0.2236066460609436,-0.02753691735901498,0.0007526278495788574,-0.19865703582763672,-0.025827212140342226,-0.048013389110565186,-0.1565806269645691,-0.03851705963947438,-0.045706093311309814,-0.23532593250274658,-0.03278559993245267,-0.03557306528091431,-0.2170470952987671,-0.024049997210880747,-0.03561168909072876,-0.1897781491279602,-0.023944007113954058,-0.07773768901824951,-0.14630335569381714,-0.03129945869781636,-0.10187846422195435,-0.23500382900238037,-0.03218343283273839,-0.11419403553009033,-0.2803576588630676,-0.03226791124083661,-0.12532716989517212,-0.3128688335418701,-0.03515920589902066
J,0.06326168775558472,-0.056108176708221436,0.0003958471877183456,0.09728729724884033,-0.13993549346923828,-0.0008494736451041263,0.08765625953674316,-0.2285468578338623,0.0008107447008285362,0.04646420478820801,-0.2405194640159607,0.0031097787957321543,0.03286260366439819,-0.21231895685195923,-0.020610600657420264,0.012017369270324707,-0.2809109091758728,-0.015570821188049422,0.022968709468841553,-0.24884378910064697,-0.013406091317193614,0.02897012233734131,-0.2182084023952484,-0.01301976194943677,-0.013068079948425293,-0.20615306496620178,-0.01993858995254527,-0.020747661590576172,-0.26277637481689453,-0.001831170817496286,-0.011108756065368652,-0.23229718208312988,0.006030317448420419,-0.00849980115890503,-0.21023747324943542,0.0038514403219949145,-0.0528070330619812,-0.18795299530029297,-0.016281681082801924,-0.05516403913497925,-0.24031198024749756,-0.002165307471187816,-0.04696297645568848,-0.21970012784004211,0.003873230476273193,-0.044829607009887695,-0.1929042935371399,0.0008150782611835439,-0.08630156517028809,-0.1655721664428711,-0.011625050514595614,-0.10993510484695435,-0.25009241700172424,-0.005016130808400021,-0.12500321865081787,-0.2919612228870392,-0.0008600981730353396,-0.136857271194458,-0.3214383125305176,-0.001129972113886879
J,0.06242215633392334,-0.05717432498931885,0.012272542929224528,0.10034310817718506,-0.12392830848693848,0.014552009878627814,0.09530526399612427,-0.19297373294830322,0.017122558904759444,0.06504827737808228,-0.2195766270160675,0.019108688114158667,0.05028802156448364,-0.22438129782676697,-0.017020890833862268,0.006783843040466309,-0.2691536843776703,-0.009818001063592874,0.007184922695159912,-0.23417407274246216,-0.0037605074421094287,0.018778860569000244,-0.20447343587875366,4.272927714055186e-05,0.0011725425720214844,-0.21619540452957153,-0.022400230513937913,-0.03005814552307129,-0.2474147379398346,-0.005899892998911582,-0.031318068504333496,-0.21016448736190796,0.001692182389035679,-0.022032618522644043,-0.1835397481918335,0.00027318398230136154,-0.04442036151885986,-0.19441890716552734,-0.02294955064547821,-0.06968343257904053,-0.2247735559940338,-0.00948029325348898,-0.06952649354934692,-0.1922704577445984,-0.0023773222882823575,-0.05831193923950195,-0.1636030375957489,-0.004030627077497684,-0.08741027116775513,-0.1654621958732605,-0.02122610841882988,-0.10998213291168213,-0.24326196312904358,-0.013478900650568448,-0.13223785161972046,-0.2788785696029663,-0.0056568694953398335,-0.14770448207855225,-0.30572110414505005,-0.0023102440126763213
J,0.06019854545593262,-0.056216657161712646,0.012472606350712567,0.09456956386566162,-0.1253495216369629,0.01510074463956812,0.08160156011581421,-0.18857839703559875,0.016980877232782632,0.046149611473083496,-0.20876187086105347,0.01795100243114689,0.052739858627319336,-0.22727277874946594,-0.009898147459097117,0.0037409067153930664,-0.26636651158332825,-0.004541195376731366,0.0012299418449401855,-0.23352885246276855,-0.0010360923194809857,0.012683987617492676,-0.20674645900726318,0.001126690621532589,0.004680752754211426,-0.22130087018013,-0.017364637839563102,-0.031688153743743896,-0.2516123056411743,-0.004801597825206727,-0.0350763201713562,-0.21735602617263794,-3.8492086531505265e-05,-0.0250512957572937,-0.1915832757949829,-0.0018917734566628042,-0.04140132665634155,-0.20238366723060608,-0.020686052652962417,-0.07080751657485962,-0.23342689871788025,-0.0119107159850671,-0.07254046201705933,-0.20132094621658325,-0.007192124060310334,-0.060763776302337646,-0.17299330234527588,-0.008566647681362838,-0.08597731590270996,-0.1754177212715149,-0.021728083404667586,-0.10836952924728394,-0.2529418170452118,-0.01698895907676956,-0.13046354055404663,-0.2881607711315155,-0.010085786606140346,-0.1446790099143982,-0.31690582633018494,-0.006420988502867431
J,0.05557161569595337,-0.05165213346481323,0.001151684033715128,0.09832018613815308,-0.12546300888061523,-0.001601104680418075,0.09794199466705322,-0.20670074224472046,-0.002133329454778732,0.0629168152809143,-0.23102730512619019,-0.001976772034510077,0.05851447582244873,-0.18375492095947266,-0.030616326779096426,0.021274209022521973,-0.2623291611671448,-0.032953439801900686,0.02081984281539917,-0.23410958051681519,-0.028629469275443853,0.029765009880065918,-0.20554804801940918,-0.024996450692384542,0.013548970222473145,-0.17859989404678345,-0.033230035155980886,-0.015775978565216064,-0.2509809136390686,-0.03030353464183122,-0.01888418197631836,-0.22041893005371094,-0.02214667066928655,-0.011999130249023438,-0.1968245506286621,-0.020386828631131948,-0.029202818870544434,-0.16817247867584229,-0.032972457408874334,-0.05440455675125122,-0.23689186573028564,-0.031458640992610754,-0.05592256784439087,-0.21157729625701904,-0.02275849558409959,-0.048436105251312256,-0.1837140917778015,-0.02033823408183366,-0.07084721326828003,-0.1562354564666748,-0.03157473966476232,-0.08998942375183105,-0.24325299263000488,-0.033481369316547216,-0.10790687799453735,-0.29068809747695923,-0.03150282666084081,-0.12112671136856079,-0.32928478717803955,-0.03163804352280408
K,-0.054188430309295654,-0.04915118217468262,-0.0252333556898634,-0.07269418239593506,-0.1405860185623169,-0.0371384912767212,-0.05556982755661011,-0.2266026735305786,-0.04830845013640328,-0.05389171838760376,-0.29121214151382446,-0.056420955214719015,-0.0703621506690979,-0.2009275257587433,-0.030608722347835737,-0.09104567766189575,-0.28962525725364685,-0.05854670271656914,-0.10362577438354492,-0.34441810846328735,-0.07236107752106591,-0.10955119132995605,-0.39907997846603394,-0.08032077119133874,-0.02330535650253296,-0.20867228507995605,-0.03337390289090081,-0.005470156669616699,-0.29420971870422363,-0.076832409355859,0.01108616590499878,-0.36075127124786377,-0.10080243960402413,0.029742956161499023,-0.4188794493675232,-0.11037845477841302,0.019536972045898438,-0.19704905152320862,-0.03701876417181893,0.039736032485961914,-0.1912592649459839,-0.08324200973294182,0.019127190113067627,-0.1139380931854248,-0.08041339680931969,0.0009450912475585938,-0.05932497978210449,-0.06427095398686333,0.058098435401916504,-0.17518854141235352,-0.0427714021541874,0.07014822959899902,-0.162814199924469,-0.07587572500489159,0.05389809608459473,-0.10050702095031738,-0.06899150029204293,0.03474104404449463,-0.056765198707580566,-0.053844954226235586
K,-0.05828094482421875,-0.05859577655792236,-0.023161298818251908,-0.07603245973587036,-0.1576210856437683,-0.029817962310573876,-0.06160545349121094,-0.245673269033432,-0.03707534376468402,-0.06441652774810791,-0.31089502573013306,-0.04073360864009601,-0.07908380031585693,-0.2152995467185974,-0.011321651972195923,-0.09637194871902466,-0.30140969157218933,-0.033442749864718735,-0.10680341720581055,-0.35646578669548035,-0.04627380821790439,-0.11177974939346313,-0.41155101358890533,-0.05482447076525432,-0.029797255992889404,-0.21890324354171753,-0.015108981392643273,-0.014055907726287842,-0.3097479045391083,-0.05189969319786769,0.0016187429428100586,-0.382065087556839,-0.07534365657653552,0.018656015396118164,-0.4461888074874878,-0.08618540618505222,0.015809178352355957,-0.2017838954925537,-0.021448035947344124,0.03628396987915039,-0.21373188495635986,-0.0665185630687688,0.01859956979751587,-0.13721385598182678,-0.06605907086219531,0.0020038485527038574,-0.0807548463344574,-0.051727357543370545,0.057019174098968506,-0.17575085163116455,-0.029916466436645806,0.06840240955352783,-0.1815783679485321,-0.06449469480600101,0.0522075891494751,-0.12314832210540771,-0.06001125205244762,0.032875776290893555,-0.07900881767272949,-0.046943239159247696
K,-0.06014049053192139,-0.0498276948928833,-0.021203764804965886,-0.0797993540763855,-0.1468859314918518,-0.02976783280945483,-0.06327688694000244,-0.2365124523639679,-0.039688938387996586,-0.06348913908004761,-0.30364274978637695,-0.04649517787373725,-0.07554978132247925,-0.20972192287445068,-0.015749064364797505,-0.0954098105430603,-0.29844629764556885,-0.04061178965247336,-0.10791230201721191,-0.3529236316680908,-0.054685087033874424,-0.11519217491149902,-0.4072270691394806,-0.06334084374583426,-0.027651607990264893,-0.21745318174362183,-0.02070154910660449,-0.015569508075714111,-0.30345115065574646,-0.06125623089945975,-0.003020763397216797,-0.3740551471710205,-0.08612965894616309,0.01133584976196289,-0.4376963973045349,-0.09691891921437445,0.017779648303985596,-0.2067364752292633,-0.027197933846480282,0.023948192596435547,-0.20652446150779724,-0.07064792616046134,0.005264878273010254,-0.12886518239974976,-0.0666477913943595,-0.010600566864013672,-0.07423466444015503,-0.05013820258653823,0.06050342321395874,-0.18790382146835327,-0.03595925224698249,0.058506011962890625,-0.18549883365631104,-0.06487277997410956,0.040984511375427246,-0.1257506012916565,-0.05511760441339675,0.02296525239944458,-0.08355146646499634,-0.03869519112384978
K,-0.05699378252029419,-0.05264180898666382,-0.01876690596344588,-0.0750664472579956,-0.14929163455963135,-0.025772368386412836,-0.056693315505981445,-0.23353075981140137,-0.03427821196618197,-0.053530752658843994,-0.29853203892707825,-0.03991461716594813,-0.06886428594589233,-0.2189604640007019,-0.013433866985167242,-0.08730530738830566,-0.30260714888572693,-0.03631608732047198,-0.09878510236740112,-0.35363560914993286,-0.048636888936187006,-0.1039038896560669,-0.40498507022857666,-0.05586052857341883,-0.020768046379089355,-0.22719258069992065,-0.01879603773357985,-0.008834362030029297,-0.3063066303730011,-0.05541967026891825,0.005104541778564453,-0.37176287174224854,-0.07799590922894595,0.022466301918029785,-0.4294445514678955,-0.0872692445665848,0.023941636085510254,-0.21438658237457275,-0.025622837096477724,0.023960888385772705,-0.19826668500900269,-0.06484699793162463,0.0008307695388793945,-0.12349754571914673,-0.06184987522664187,-0.015213966369628906,-0.07087212800979614,-0.04701710663738368,0.06486976146697998,-0.19149231910705566,-0.03466401048007128,0.05663865804672241,-0.17266201972961426,-0.060357848033333994,0.036234140396118164,-0.11350202560424805,-0.05183652214708445,0.01944136619567871,-0.07362586259841919,-0.036982541754866816
K,-0.052733421325683594,-0.05390453338623047,-0.01881831827932956,-0.06846147775650024,-0.147000253200531,-0.025465938629452012,-0.04937976598739624,-0.22616028785705566,-0.03290097545260551,-0.042748093605041504,-0.28532588481903076,-0.037379899429026864,-0.0612754225730896,-0.20923399925231934,-0.014693895721677563,-0.07269221544265747,-0.2895285487174988,-0.03689673672789695,-0.07996153831481934,-0.3383689522743225,-0.04878860841864707,-0.08257067203521729,-0.38774406909942627,-0.055900142894927285,-0.01673990488052368,-0.2147647738456726,-0.019021266506854317,-0.0006157159805297852,-0.28783589601516724,-0.053419278370085976,0.014558792114257812,-0.3456869125366211,-0.07390582691306236,0.031691908836364746,-0.39731138944625854,-0.0821805981861985,0.023905515670776367,-0.20225608348846436,-0.024911932082716248,0.04004240036010742,-0.18889236450195312,-0.0631289122569001,0.019375920295715332,-0.11873972415924072,-0.06089610736245277,0.00173109769821167,-0.06913435459136963,-0.04699251558059814,0.060577332973480225,-0.17874085903167725,-0.0328721640574372,0.07074731588363647,-0.16122084856033325,-0.05940241496438148,0.05106908082962036,-0.106259286403656,-0.05307041983479621,0.030342459678649902,-0.06808781623840332,-0.039913167612496636
K,-0.05524104833602905,-0.043521881103515625,-0.021693105171891602,-0.07487189769744873,-0.1325330138206482,-0.031076336573335084,-0.0490795373916626,-0.20568972826004028,-0.03967152565297738,-0.024734079837799072,-0.25867706537246704,-0.0460382628398861,-0.05787956714630127,-0.1880587935447693,-0.025900304611297997,-0.06902205944061279,-0.26636195182800293,-0.04866727843460694,-0.07672387361526489,-0.31503307819366455,-0.05976879626092568,-0.07894790172576904,-0.3636798858642578,-0.0667233842569317,-0.014536917209625244,-0.19715148210525513,-0.028202591757747086,0.00017493963241577148,-0.2710789442062378,-0.06204985484060899,0.013594269752502441,-0.3297733664512634,-0.08060696005401269,0.03070288896560669,-0.38130688667297363,-0.0883162471610035,0.023223400115966797,-0.18780618906021118,-0.03170743614015237,0.04085642099380493,-0.17617374658584595,-0.07051963388499871,0.021588146686553955,-0.10430961847305298,-0.06861276953992501,0.005761146545410156,-0.053651511669158936,-0.055438876445862206,0.05771595239639282,-0.16776913404464722,-0.037154663647982034,0.06798285245895386,-0.14453816413879395,-0.06728439062413827,0.05065983533859253,-0.08566081523895264,-0.06400042056617394,0.03237760066986084,-0.04500764608383179,-0.053005561526390466
K,-0.05613785982131958,-0.04296565055847168,-0.017885357442878558,-0.0791059136390686,-0.13091778755187988,-0.025519062135003878,-0.06098783016204834,-0.21063852310180664,-0.03501221008934863,-0.05377739667892456,-0.2702362537384033,-0.04193971149959452,-0.07046979665756226,-0.19283390045166016,-0.010329160209380461,-0.09564173221588135,-0.26999223232269287,-0.030167328495167567,-0.11191880702972412,-0.3195461630821228,-0.041406615007304026,-0.12339681386947632,-0.36761271953582764,-0.04884916015305407,-0.026381254196166992,-0.20042389631271362,-0.01683070354499705,-0.023993074893951416,-0.287418007850647,-0.048047194558762385,-0.01608884334564209,-0.35309022665023804,-0.0673889911953438,-0.005680561065673828,-0.41157546639442444,-0.07588711597361453,0.015256345272064209,-0.18635410070419312,-0.025328258353852107,0.010594010353088379,-0.20374441146850586,-0.0644542373005379,-0.003636658191680908,-0.1319858431816101,-0.06158276863732226,-0.012140929698944092,-0.08174949884414673,-0.04701161228456385,0.054814279079437256,-0.16275238990783691,-0.03536271520295031,0.04351526498794556,-0.17947936058044434,-0.06299651630558856,0.026997745037078857,-0.12631690502166748,-0.05442052923478968,0.014533638954162598,-0.08656227588653564,-0.03987292789258845
K,-0.06408095359802246,-0.04698443412780762,-0.016343209957597082,-0.09083735942840576,-0.13192546367645264,-0.021790981357810324,-0.07272195816040039,-0.21301764249801636,-0.02964899881732208,-0.06307965517044067,-0.2703886926174164,-0.03546411736857635,-0.07893085479736328,-0.1866055727005005,-0.0019719445331816132,-0.10726737976074219,-0.2655091881752014,-0.019672717964169806,-0.12409597635269165,-0.3163485527038574,-0.03080007254135353,-0.13772660493850708,-0.36462128162384033,-0.03802088840853912,-0.03590965270996094,-0.19652360677719116,-0.008444008482513254,-0.03734511137008667,-0.2952607274055481,-0.03333521454584343,-0.03342825174331665,-0.36105501651763916,-0.049024963816520994,-0.027493774890899658,-0.4183102548122406,-0.05554688914668304,0.006052553653717041,-0.18545043468475342,-0.017994234403488463,-0.0021791458129882812,-0.22058910131454468,-0.0550478120053981,-0.017908930778503418,-0.1528300940990448,-0.05469943403255684,-0.026215314865112305,-0.10085427761077881,-0.041744390567657774,0.04692786931991577,-0.1643584966659546,-0.028743585636732405,0.03362244367599487,-0.1982237696647644,-0.05469501583826286,0.01668602228164673,-0.14962896704673767,-0.04680510803115112,0.00656813383102417,-0.10699242353439331,-0.033126397123453444
K,-0.0586627721786499,-0.06637167930603027,-0.014923016692250712,-0.07709938287734985,-0.15608960390090942,-0.01753070500001286,-0.06181424856185913,-0.2377370297908783,-0.022954237798899157,-0.060062408447265625,-0.2937973439693451,-0.025721469114273532,-0.07318437099456787,-0.20521476864814758,0.0069662349645795985,-0.09240990877151489,-0.286239892244339,-0.009571252542286857,-0.10367131233215332,-0.33710822463035583,-0.0216042205344138,-0.11226248741149902,-0.38693667948246,-0.02909000512465809,-0.0287972092628479,-0.20864728093147278,0.0005121485677364035,-0.021668672561645508,-0.302835077047348,-0.023294483463018878,-0.014583408832550049,-0.3681679368019104,-0.04112865697845791,-0.007234930992126465,-0.42615431547164917,-0.04933009218677853,0.013727724552154541,-0.19195663928985596,-0.009316045011132701,0.0217171311378479,-0.2311164140701294,-0.04545082073911999,0.00747370719909668,-0.1678168773651123,-0.047667260433286174,-0.0034772157669067383,-0.11784791946411133,-0.03646939542397831,0.053885698318481445,-0.16585463285446167,-0.02021648843094681,0.05440068244934082,-0.20552536845207214,-0.044498901034444316,0.03940695524215698,-0.162209153175354,-0.037129632348865016,0.02714449167251587,-0.12288367748260498,-0.023926877568214877
K,-0.06187319755554199,-0.06606477499008179,-0.022467565158365232,-0.07396495342254639,-0.1770954728126526,-0.03127635307049559,-0.03811913728713989,-0.2676967978477478,-0.04230872205829428,-0.02001899480819702,-0.3375585079193115,-0.05028507150149153,-0.05127072334289551,-0.24770212173461914,-0.009264312120137674,-0.06680375337600708,-0.34316515922546387,-0.033757996181009275,-0.07720917463302612,-0.4065394103527069,-0.04828197918271826,-0.08245372772216797,-0.46663162112236023,-0.05753778330421255,0.0018113255500793457,-0.24411064386367798,-0.017037330562232,0.01590961217880249,-0.3495570421218872,-0.05518653280472563,0.030829906463623047,-0.4293249547481537,-0.07908520139193342,0.04773533344268799,-0.49841228127479553,-0.08922500945067213,0.04885786771774292,-0.21552014350891113,-0.027717378357408506,0.04443037509918213,-0.23898249864578247,-0.07687014378046797,0.015967845916748047,-0.15719306468963623,-0.07404885477757261,-0.0032303333282470703,-0.09945178031921387,-0.055819351593015654,0.09139484167098999,-0.17598462104797363,-0.040256932744739515,0.07989317178726196,-0.20106714963912964,-0.0746868628952484,0.05249464511871338,-0.14100027084350586,-0.06396531350350187,0.03152197599411011,-0.09666264057159424,-0.045544319221733076
L,-0.06595492362976074,-0.008516669273376465,-0.04251840504012705,-0.14460784196853638,-0.04954487085342407,-0.07452497424684168,-0.21223127841949463,-0.06689620018005371,-0.10657034607730509,-0.2687944173812866,-0.05429631471633911,-0.13840607347093226,-0.12264329195022583,-0.22547641396522522,-0.05046935545406939,-0.13098478317260742,-0.32476627826690674,-0.0868985855778277,-0.131972074508667,-0.39917054772377014,-0.10472437532745005,-0.12739092111587524,-0.4614413380622864,-0.11626517566047312,-0.07402253150939941,-0.25246328115463257,-0.04963651465378405,-0.04471510648727417,-0.22949817776679993,-0.0993851402600825,-0.04692983627319336,-0.13753628730773926,-0.10283568294845225,-0.06155550479888916,-0.11792856454849243,-0.09504527391992212,-0.01983475685119629,-0.25165432691574097,-0.05396579744420649,0.007009565830230713,-0.21168074011802673,-0.10502993108831049,-0.003545105457305908,-0.13080823421478271,-0.09339512677989603,-0.022156894207000732,-0.1170194149017334,-0.07457558604083658,0.03145962953567505,-0.23636788129806519,-0.062115641107183706,0.0510174036026001,-0.21655654907226562,-0.0924120971759379,0.037451326847076416,-0.15161198377609253,-0.08121499957643152,0.018885910511016846,-0.1305219531059265,-0.0656079927285731
L,-0.0666695237159729,-0.010417044162750244,-0.04621832148915317,-0.14601004123687744,-0.05148190259933472,-0.08149618731623676,-0.21605408191680908,-0.07184606790542603,-0.11631254927998569,-0.2739677429199219,-0.06553047895431519,-0.15083189384823825,-0.1279425024986267,-0.22680649161338806,-0.0556082174349406,-0.1386672854423523,-0.33157914876937866,-0.09625604824906375,-0.14065712690353394,-0.4064289927482605,-0.11777176784163501,-0.13894689083099365,-0.47105035185813904,-0.13193328754788425,-0.07669532299041748,-0.2497006356716156,-0.05519693793540981,-0.04877060651779175,-0.2521551251411438,-0.11485657917147662,-0.04775947332382202,-0.15143707394599915,-0.12290138827448871,-0.06298530101776123,-0.1164277195930481,-0.11588850693589237,-0.020880401134490967,-0.24869641661643982,-0.05994205625539806,0.006110787391662598,-0.23325300216674805,-0.12038349436408069,-0.002681732177734375,-0.14264929294586182,-0.10989380704051044,-0.02359473705291748,-0.11421680450439453,-0.08894268499499347,0.031115353107452393,-0.2340940237045288,-0.06817409472352054,0.05147582292556763,-0.23360669612884521,-0.10439138935690906,0.03927254676818848,-0.1629369556903839,-0.09286182449942615,0.018261969089508057,-0.1331143081188202,-0.07564254181271579
L,-0.06922447681427002,-0.003496110439300537,-0.03960795629024716,-0.14927077293395996,-0.0428888201713562,-0.06789454746246548,-0.21718376874923706,-0.058061301708221436,-0.09580288010835858,-0.27067744731903076,-0.049209773540496826,-0.12372613626718731,-0.12910807132720947,-0.20899206399917603,-0.047172426462175565,-0.13920176029205322,-0.3106899559497833,-0.08339399772882672,-0.14077287912368774,-0.3834555447101593,-0.1046027832031271,-0.1393006443977356,-0.4462123215198517,-0.11948781388998242,-0.07917386293411255,-0.23853462934494019,-0.04806610125303479,-0.06652498245239258,-0.21893349289894104,-0.10129678922891827,-0.06163293123245239,-0.12716323137283325,-0.11042816120386334,-0.06645989418029785,-0.09925597906112671,-0.1062301688194296,-0.024563610553741455,-0.2412077784538269,-0.05346747043729039,-0.012340784072875977,-0.20321598649024963,-0.1057542331814787,-0.016623198986053467,-0.12127816677093506,-0.0955785505771658,-0.02844822406768799,-0.10410100221633911,-0.07736377346515866,0.027071237564086914,-0.22988122701644897,-0.06227714496851178,0.03445136547088623,-0.20835253596305847,-0.09239462691545697,0.02502763271331787,-0.1414760947227478,-0.07989404278993817,0.012169599533081055,-0.11995697021484375,-0.06337395983934613
L,-0.061360061168670654,-0.002673923969268799,-0.03322716344938215,-0.1318233609199524,-0.03634905815124512,-0.057057372376775106,-0.19047623872756958,-0.05009263753890991,-0.08089198832259115,-0.2374761700630188,-0.04563164710998535,-0.10450021092638906,-0.11348927021026611,-0.18356376886367798,-0.039963631973122915,-0.1218767762184143,-0.2705821394920349,-0.07263286326870855,-0.12542420625686646,-0.3342766761779785,-0.09090908531889852,-0.12653464078903198,-0.38790422677993774,-0.10338225130782064,-0.07117563486099243,-0.21280834078788757,-0.04116641645178731,-0.06137120723724365,-0.18788504600524902,-0.08883655731425222,-0.05592375993728638,-0.10739481449127197,-0.09576303426966604,-0.05639088153839111,-0.081825852394104,-0.09020436470255788,-0.024754464626312256,-0.21605655550956726,-0.04640496809825834,-0.013655543327331543,-0.1701500415802002,-0.0911275959466451,-0.01497340202331543,-0.10120141506195068,-0.08106278543219503,-0.02067035436630249,-0.08989918231964111,-0.06399549458966192,0.01947605609893799,-0.20571866631507874,-0.05493879605874952,0.026978671550750732,-0.16851860284805298,-0.07960898344263967,0.0201682448387146,-0.11231100559234619,-0.06933240507588323,0.012096524238586426,-0.10060954093933105,-0.05534837310061391
L,-0.061885714530944824,0.0015172362327575684,-0.027661471854571573,-0.13265115022659302,-0.031185925006866455,-0.04517914656889843,-0.18934810161590576,-0.040110647678375244,-0.06255569611084866,-0.2316666841506958,-0.03597348928451538,-0.07986384187233853,-0.11533057689666748,-0.17097049951553345,-0.033813978772286646,-0.12544655799865723,-0.2534293532371521,-0.06172439758074688,-0.12957477569580078,-0.3103674054145813,-0.07809032056820797,-0.13096821308135986,-0.3627849519252777,-0.09025229070675778,-0.07295513153076172,-0.20302563905715942,-0.03542621363294529,-0.07266765832901001,-0.1697867512702942,-0.07653662864458965,-0.06342458724975586,-0.09573113918304443,-0.08244255487215923,-0.05418264865875244,-0.07191038131713867,-0.07821444724095272,-0.027526259422302246,-0.20538681745529175,-0.04060903866184162,-0.026338160037994385,-0.15183693170547485,-0.07831943337214398,-0.025166034698486328,-0.0898202657699585,-0.06874499027026104,-0.023329973220825195,-0.08103179931640625,-0.05407832119954037,0.01583343744277954,-0.19416701793670654,-0.04882997203958439,0.014112472534179688,-0.15369188785552979,-0.06960938427937435,0.00747990608215332,-0.10105544328689575,-0.060402638505820505,0.003930211067199707,-0.08977025747299194,-0.048362727503899805
L,-0.057446062564849854,-0.004705369472503662,-0.031876576425069914,-0.1174933910369873,-0.03489375114440918,-0.05606888729476367,-0.1680241823196411,-0.047971129417419434,-0.08032985526465808,-0.21076124906539917,-0.04993021488189697,-0.10381226736449634,-0.09775012731552124,-0.1677151918411255,-0.03715366247438823,-0.10088437795639038,-0.24093955755233765,-0.06563211727284823,-0.10129684209823608,-0.2965906858444214,-0.08085240918540393,-0.09824526309967041,-0.3424813747406006,-0.09165939438485537,-0.058086395263671875,-0.1944199800491333,-0.03806656721376811,-0.04509377479553223,-0.1587679386138916,-0.0773262431039754,-0.045266807079315186,-0.08804702758789062,-0.08158956217908298,-0.04922360181808472,-0.07419943809509277,-0.07642163831138049,-0.015324711799621582,-0.19393527507781982,-0.042958234728807554,-0.0036764144897460938,-0.13161379098892212,-0.07847869146012698,-0.008933007717132568,-0.07551658153533936,-0.06710787612342273,-0.015161514282226562,-0.07292687892913818,-0.05226153257631694,0.023579120635986328,-0.177947998046875,-0.0517295089676324,0.031189441680908203,-0.12589919567108154,-0.07329220074557696,0.022841215133666992,-0.08153408765792847,-0.06484663236283694,0.015158891677856445,-0.07633185386657715,-0.0531563249542657
L,-0.06040680408477783,-0.004970848560333252,-0.028495195415166208,-0.12459933757781982,-0.04093170166015625,-0.04962042262807209,-0.17843705415725708,-0.05596613883972168,-0.07117934813752491,-0.22325783967971802,-0.05045199394226074,-0.09278658321156819,-0.10360944271087646,-0.17258703708648682,-0.03325109472527821,-0.11060905456542969,-0.2558322548866272,-0.0618986441756757,-0.1131330132484436,-0.31299108266830444,-0.07852123966470081,-0.11191582679748535,-0.363034188747406,-0.09019772997155506,-0.0629308819770813,-0.19223064184188843,-0.035956799146083185,-0.055084824562072754,-0.18059778213500977,-0.07856394639268238,-0.050362586975097656,-0.10647928714752197,-0.08582430621638615,-0.05059778690338135,-0.084583580493927,-0.08177462508931477,-0.018707334995269775,-0.19154351949691772,-0.042179985996630975,-0.011292695999145508,-0.16389304399490356,-0.08352066120162327,-0.0124281644821167,-0.09900552034378052,-0.07393296351685841,-0.01749587059020996,-0.08735215663909912,-0.057944982406047174,0.023189246654510498,-0.18030107021331787,-0.0509089185859235,0.026315152645111084,-0.16590213775634766,-0.0741705848838361,0.020483732223510742,-0.11513304710388184,-0.06271322360291798,0.013848543167114258,-0.10263490676879883,-0.048143460508731195
L,-0.06749951839447021,-0.0008955001831054688,-0.03371840399667292,-0.14226430654525757,-0.03676724433898926,-0.05865778085752993,-0.20597094297409058,-0.05579167604446411,-0.08425954413577585,-0.2554059624671936,-0.05403769016265869,-0.10979675185843973,-0.12149667739868164,-0.18894490599632263,-0.03571240288182764,-0.13411027193069458,-0.28251492977142334,-0.06876188200875788,-0.13989019393920898,-0.3481450080871582,-0.08684432935878306,-0.14077287912368774,-0.4034454822540283,-0.09924605918094187,-0.07633435726165771,-0.2111864984035492,-0.03856659737392931,-0.07838040590286255,-0.20477598905563354,-0.08777001184388666,-0.06716686487197876,-0.11637735366821289,-0.09337084424659281,-0.06283801794052124,-0.09043288230895996,-0.08574445229932337,-0.027455449104309082,-0.2140401005744934,-0.04608579781815081,-0.028418362140655518,-0.18839743733406067,-0.09319234323665171,-0.024680018424987793,-0.11045169830322266,-0.07891434860393076,-0.027087688446044922,-0.09453505277633667,-0.05770655405684977,0.019721269607543945,-0.20513388514518738,-0.056922045172896674,0.01555854082107544,-0.18850216269493103,-0.0831506220714715,0.01137685775756836,-0.12776321172714233,-0.06896008235379725,0.0069089531898498535,-0.11161714792251587,-0.0512023573832181
L,-0.07007277011871338,-0.0056441426277160645,-0.032252896788222074,-0.15017741918563843,-0.05181163549423218,-0.05574011078725505,-0.21678555011749268,-0.07282650470733643,-0.0797786230469768,-0.27101683616638184,-0.06135910749435425,-0.1043871829534595,-0.1326674222946167,-0.20096546411514282,-0.03757141179094958,-0.1498289704322815,-0.3086663484573364,-0.07255950218687701,-0.15306627750396729,-0.37926559150218964,-0.09458361214647937,-0.15644538402557373,-0.44024187326431274,-0.11019277221213031,-0.08522665500640869,-0.21931758522987366,-0.04223407081018138,-0.07638180255889893,-0.2400779128074646,-0.09920253253231692,-0.06382191181182861,-0.15165114402770996,-0.11305955446015048,-0.06669241189956665,-0.10655277967453003,-0.11065604931364703,-0.0334438681602478,-0.22108149528503418,-0.05049759170661616,-0.02348613739013672,-0.22600939869880676,-0.10568520075331378,-0.01946169137954712,-0.14422917366027832,-0.09738709426174808,-0.030031561851501465,-0.10841602087020874,-0.07874752974758792,0.01670593023300171,-0.21149545907974243,-0.06074041149268794,0.02288949489593506,-0.22987312078475952,-0.0931576902295177,0.018963098526000977,-0.164166659116745,-0.07992406583080935,0.004247486591339111,-0.12895748019218445,-0.06205484292159724
L,-0.059556007385253906,-0.011377215385437012,-0.0339232369754896,-0.12553143501281738,-0.055860280990600586,-0.05738411317211245,-0.1811540722846985,-0.07986140251159668,-0.08047573486906145,-0.227752685546875,-0.07973796129226685,-0.10337145845037554,-0.09984272718429565,-0.1901308298110962,-0.037876123884736046,-0.10624158382415771,-0.2761147916316986,-0.06860710898977374,-0.10677307844161987,-0.33633899688720703,-0.08594247172218417,-0.10427612066268921,-0.3872572183609009,-0.09781070272070025,-0.05709868669509888,-0.2036961317062378,-0.03896380061846827,-0.04448920488357544,-0.20180124044418335,-0.08640017578941439,-0.043121933937072754,-0.12097764015197754,-0.09403988192421053,-0.04808574914932251,-0.09279000759124756,-0.08864011088949297,-0.011504173278808594,-0.19874697923660278,-0.04415944064599131,-0.0003133416175842285,-0.1803644299507141,-0.09093246082407092,-0.004955589771270752,-0.10995250940322876,-0.081812823513566,-0.014065444469451904,-0.09472048282623291,-0.06436880151373003,0.031783998012542725,-0.18488925695419312,-0.052058374831496224,0.03810042142868042,-0.18068790435791016,-0.07838093707901095,0.02920907735824585,-0.12671345472335815,-0.06713089565378283,0.019261538982391357,-0.11112052202224731,-0.052004846135197624
O,-0.07635676860809326,-0.033689677715301514,0.007482448112114071,-0.1298026442527771,-0.07996022701263428,0.0032352257835555065,-0.16699916124343872,-0.11394256353378296,-0.009925594102696778,-0.18490684032440186,-0.15624156594276428,-0.02088336880888164,-0.07920414209365845,-0.19674068689346313,0.03355032343779385,-0.12339305877685547,-0.2482515573501587,0.011555354561551212,-0.1623913049697876,-0.22556093335151672,-0.010637389976636769,-0.18617266416549683,-0.1923365592956543,-0.024042483899847866,-0.06174111366271973,-0.20386183261871338,0.014365224618359207,-0.12335455417633057,-0.2649953365325928,-0.007674742039398552,-0.1683005690574646,-0.23033976554870605,-0.027583152536408306,-0.18735718727111816,-0.18814602494239807,-0.03863457452143848,-0.05119436979293823,-0.19819337129592896,-0.009175444502488972,-0.11021727323532104,-0.2614779472351074,-0.028609004352347256,-0.1589069366455078,-0.2299875020980835,-0.03995225812877834,-0.18171805143356323,-0.1869475543498993,-0.044410331655399204,-0.050829291343688965,-0.17756187915802002,-0.033232326168672444,-0.09955787658691406,-0.22990188002586365,-0.04640478875126064,-0.1411978006362915,-0.21940472722053528,-0.051513949889795185,-0.16751497983932495,-0.1920296847820282,-0.05318167294944942
O,-0.07544547319412231,-0.02811330556869507,0.009567233143513931,-0.12580037117004395,-0.07031869888305664,0.009619391864305271,-0.15838515758514404,-0.10949638485908508,-0.001196579084592031,-0.16811376810073853,-0.1594603955745697,-0.010040669360989796,-0.10125434398651123,-0.1678229570388794,0.048295469364290966,-0.13045144081115723,-0.23145249485969543,0.029860183006292118,-0.15575605630874634,-0.20734897255897522,0.01139256485379292,-0.16119271516799927,-0.1709369421005249,0.0015465270179788604,-0.08360022306442261,-0.18305426836013794,0.029163341378932728,-0.11745679378509521,-0.2621641159057617,0.0084884170127566,-0.1492670178413391,-0.22506296634674072,-0.008752354079717861,-0.1551157832145691,-0.17773300409317017,-0.015350456939870583,-0.06437379121780396,-0.19044816493988037,0.004767153287446035,-0.09879565238952637,-0.2727063000202179,-0.012843477198714481,-0.13726383447647095,-0.2324756681919098,-0.02285334154390739,-0.14654290676116943,-0.18085873126983643,-0.02457479819082664,-0.047063469886779785,-0.18857741355895996,-0.020319639364117847,-0.08673781156539917,-0.24613133072853088,-0.030051747927302586,-0.12352156639099121,-0.22431886196136475,-0.03307886666976856,-0.13847702741622925,-0.18628919124603271,-0.032561528155440556
O,-0.07403451204299927,-0.025683164596557617,0.010761931843148886,-0.12259596586227417,-0.07494574785232544,0.00922295202224177,-0.15678834915161133,-0.11067968606948853,-0.0021887737540282615,-0.17792671918869019,-0.1526794135570526,-0.011919403144133867,-0.07303088903427124,-0.18525448441505432,0.0376511535858981,-0.11617660522460938,-0.23489341139793396,0.018123478001939475,-0.1524273157119751,-0.20923343300819397,-0.0005980764846071907,-0.16571182012557983,-0.17249920964241028,-0.01123685638697225,-0.055148422718048096,-0.19559499621391296,0.017046938023554503,-0.1137927770614624,-0.2536671459674835,-0.0026512634223081477,-0.1568981409072876,-0.21539470553398132,-0.018882916935694993,-0.16839700937271118,-0.17094117403030396,-0.02681935920656997,-0.04424571990966797,-0.19253531098365784,-0.007928332940650762,-0.10384029150009155,-0.2576180100440979,-0.02801988429666835,-0.15121346712112427,-0.21899345517158508,-0.03648975274802524,-0.1666243076324463,-0.17363199591636658,-0.038084355809701265,-0.045503437519073486,-0.1750926375389099,-0.03293641812445003,-0.10037016868591309,-0.22696563601493835,-0.048509815403235734,-0.14050590991973877,-0.21012181043624878,-0.052375835993302644,-0.1590443253517151,-0.17837393283843994,-0.05216948098779994
O,-0.06745415925979614,-0.03502774238586426,0.008097519323285951,-0.1149975061416626,-0.08283376693725586,0.00708082613354577,-0.14707732200622559,-0.12050947546958923,-0.003727356746736632,-0.1594427227973938,-0.166965514421463,-0.012553999975267516,-0.08089941740036011,-0.176223486661911,0.04370189194386853,-0.10638672113418579,-0.23201602697372437,0.02537182641034974,-0.13456779718399048,-0.20999589562416077,0.0069629858881796736,-0.14701318740844727,-0.1781119406223297,-0.003445057041886912,-0.06200528144836426,-0.18636366724967957,0.025200967833455934,-0.09531646966934204,-0.25508207082748413,0.005088473361041679,-0.13198882341384888,-0.2254440188407898,-0.012443371891919242,-0.14640116691589355,-0.18614616990089417,-0.02024129483098136,-0.04370439052581787,-0.18757206201553345,0.0016136655286516088,-0.07859104871749878,-0.2584325671195984,-0.016672667890730963,-0.12183356285095215,-0.2288898229598999,-0.0271845560818349,-0.14075887203216553,-0.18774324655532837,-0.029633871123138533,-0.030580878257751465,-0.17898035049438477,-0.022499243572298155,-0.07224661111831665,-0.23000067472457886,-0.033734048560205565,-0.11167466640472412,-0.218618243932724,-0.03800870741898166,-0.13376837968826294,-0.1927676796913147,-0.038510824397150145
O,-0.06715279817581177,-0.03239321708679199,0.006502631704876194,-0.11528956890106201,-0.08341175317764282,0.005001672662416468,-0.1477360725402832,-0.12230437994003296,-0.005400800027331343,-0.16298162937164307,-0.16785115003585815,-0.01368752156608366,-0.07935237884521484,-0.18379271030426025,0.03696450835801102,-0.10929304361343384,-0.23570984601974487,0.01829692407287098,-0.13800376653671265,-0.2100890874862671,-0.00018783288882673332,-0.1508713960647583,-0.17579567432403564,-0.010888232265045872,-0.061279892921447754,-0.19356080889701843,0.019818815055856476,-0.10145735740661621,-0.2549545168876648,0.0012406312186215018,-0.1373385190963745,-0.22282299399375916,-0.014507029552390804,-0.15119397640228271,-0.1842975616455078,-0.02197968901359104,-0.04539114236831665,-0.19188573956489563,-0.0020194166548606063,-0.08873450756072998,-0.2526113986968994,-0.019530215647449722,-0.129288911819458,-0.21838656067848206,-0.027897403922310104,-0.14623719453811646,-0.17679283022880554,-0.029811024081340065,-0.036115944385528564,-0.17804986238479614,-0.02454215229712986,-0.07915771007537842,-0.22229310870170593,-0.03633012750410103,-0.11745893955230713,-0.20657771825790405,-0.03970714041255974,-0.1391577124595642,-0.17739197611808777,-0.03974753373526596
O,-0.07090544700622559,-0.03450077772140503,0.007577444758624097,-0.11417794227600098,-0.07859951257705688,0.00274802358484294,-0.14506906270980835,-0.10954594612121582,-0.009793985303133468,-0.1631929874420166,-0.1448453664779663,-0.020400019961982707,-0.06723189353942871,-0.18376022577285767,0.02181633501908209,-0.11359000205993652,-0.2241329550743103,0.002879818767667075,-0.14173412322998047,-0.19169992208480835,-0.014269622642189006,-0.14672964811325073,-0.15593308210372925,-0.024371771741300563,-0.05266714096069336,-0.18728619813919067,0.004614263639211913,-0.11143124103546143,-0.2344176173210144,-0.011823726486056785,-0.1441134214401245,-0.19491040706634521,-0.023138611245542506,-0.14674198627471924,-0.15751391649246216,-0.029376982379346828,-0.043798208236694336,-0.17679935693740845,-0.01585519187489126,-0.10122013092041016,-0.22622859477996826,-0.030995220545321445,-0.1373661756515503,-0.18748867511749268,-0.03422663420775507,-0.14364778995513916,-0.1492975950241089,-0.03448315397241686,-0.0441858172416687,-0.15220504999160767,-0.036701813939600925,-0.09163135290145874,-0.19422566890716553,-0.04758631125429247,-0.1256859302520752,-0.17535102367401123,-0.04802959472277735,-0.13945859670639038,-0.1461901068687439,-0.04669012561777208
O,-0.08285385370254517,-0.03639274835586548,0.004391138027187935,-0.13321322202682495,-0.08281761407852173,-0.0049725467760595166,-0.17121553421020508,-0.11736708879470825,-0.0220471727151903,-0.19192522764205933,-0.15685588121414185,-0.03684131935727919,-0.06824743747711182,-0.21610704064369202,0.01720731943356668,-0.13209211826324463,-0.259396493434906,-0.00784183335048283,-0.16948556900024414,-0.22286367416381836,-0.030469353725436576,-0.180103600025177,-0.17854031920433044,-0.04393982649338568,-0.05342984199523926,-0.21845883131027222,-0.0008120610800119721,-0.13353437185287476,-0.26816797256469727,-0.022845163424733528,-0.173736572265625,-0.22090959548950195,-0.03864195332420195,-0.1805790662765503,-0.17459815740585327,-0.0481204403985771,-0.04767405986785889,-0.20498991012573242,-0.022608097126010307,-0.12374937534332275,-0.26952409744262695,-0.042775546615246185,-0.16865062713623047,-0.22574645280838013,-0.04825280741346205,-0.18037807941436768,-0.1778796911239624,-0.04956366256368483,-0.055286705493927,-0.17364007234573364,-0.04495241255057181,-0.11779069900512695,-0.227666437625885,-0.06149669498694266,-0.15888690948486328,-0.21109536290168762,-0.06464117527497137,-0.1778937578201294,-0.17885571718215942,-0.0643882653166088
O,-0.08605813980102539,-0.020708829164505005,0.009206010676848564,-0.1509723663330078,-0.06932693719863892,0.011618777826356563,-0.194308340549469,-0.11316952109336853,0.002142083780768189,-0.20743942260742188,-0.17263081669807434,-0.005128501731974211,-0.11750674247741699,-0.18752259016036987,0.06265006092928616,-0.15137916803359985,-0.2423374354839325,0.045039265133368644,-0.18468749523162842,-0.22008845210075378,0.023242304749715004,-0.20102274417877197,-0.18446025252342224,0.01020716754339901,-0.09758442640304565,-0.20760580897331238,0.04118571308993069,-0.1382671594619751,-0.2844657152891159,0.01932053519033161,-0.1811714768409729,-0.2523950934410095,-0.003592709828240004,-0.19802623987197876,-0.19981524348258972,-0.013915267124843922,-0.07489919662475586,-0.21668237447738647,0.01331297279887167,-0.11892569065093994,-0.29784372448921204,-0.008785302102637615,-0.16902679204940796,-0.25877542793750763,-0.023671743743193474,-0.18902570009231567,-0.20358723402023315,-0.027243488751423683,-0.054764389991760254,-0.21294593811035156,-0.015328462518823471,-0.10570269823074341,-0.2742464691400528,-0.030396391920817223,-0.1545385718345642,-0.2528497576713562,-0.036521145425808754,-0.18048542737960815,-0.21110796928405762,-0.03714991109825405
O,-0.08640241622924805,-0.04924875497817993,0.01344823516683391,-0.14009231328964233,-0.1060628890991211,0.010057346483336005,-0.17618471384048462,-0.14890196919441223,-0.005992705880089488,-0.1946122646331787,-0.205922931432724,-0.020453691894545045,-0.07929158210754395,-0.23068803548812866,0.04887929517553857,-0.12348729372024536,-0.2884938418865204,0.024875295867786917,-0.1608070731163025,-0.25743037462234497,-3.624137480073841e-05,-0.17725718021392822,-0.21678268909454346,-0.015130139368011442,-0.05546993017196655,-0.24036556482315063,0.022459059541688475,-0.11480492353439331,-0.3100845366716385,-0.003098319463788357,-0.1622687578201294,-0.2683400511741638,-0.027360212469830003,-0.17965567111968994,-0.21966716647148132,-0.040552642608417955,-0.039066195487976074,-0.23607701063156128,-0.009204011822475877,-0.09902739524841309,-0.31306642293930054,-0.03429948579741904,-0.153708815574646,-0.2716131806373596,-0.04753567692114302,-0.1761532425880432,-0.21987861394882202,-0.05168522563053557,-0.034829020500183105,-0.21596136689186096,-0.040882185513510194,-0.09212785959243774,-0.2803255617618561,-0.05852034356666991,-0.14029467105865479,-0.26503950357437134,-0.06325959455443808,-0.16721069812774658,-0.23106417059898376,-0.0635693226404328
O,-0.08054995536804199,-0.04718053340911865,0.027343092380249345,-0.12662291526794434,-0.10369151830673218,0.026521000905120218,-0.16656053066253662,-0.1427934765815735,0.015026029093348825,-0.18794557452201843,-0.17636477947235107,0.003525648392894709,-0.05349034070968628,-0.23138046264648438,0.03185307410188898,-0.12380504608154297,-0.2706974744796753,0.021301193056785905,-0.1631241738796234,-0.2358536720275879,0.00731628889792546,-0.1732221245765686,-0.19566339254379272,-0.0022930303717316747,-0.04360741376876831,-0.22994595766067505,0.005166059719556415,-0.1292417049407959,-0.2755945920944214,0.002251968147390926,-0.16931775212287903,-0.23715800046920776,-0.00451761634445802,-0.1743994951248169,-0.19692987203598022,-0.012402635173714316,-0.04522019624710083,-0.208787202835083,-0.021924359829938567,-0.126021146774292,-0.26647061109542847,-0.02589124824277178,-0.1667414903640747,-0.22852671146392822,-0.0228376259224774,-0.17418628931045532,-0.19017088413238525,-0.022969320522463477,-0.06107300519943237,-0.17040294408798218,-0.04773079800776259,-0.1347132921218872,-0.22450286149978638,-0.05187968734077231,-0.16483446955680847,-0.2052978277206421,-0.04637474763563887,-0.17183449864387512,-0.17175418138504028,-0.042576169701135314
P,-0.06616365909576416,0.05127155780792236,-0.017643489024578685,-0.08918142318725586,0.1428011953830719,-0.0317399092828623,-0.07894408702850342,0.2304101288318634,-0.03969901808255827,-0.055789053440093994,0.2855894863605499,-0.045896854332625026,-0.07557708024978638,0.16144320368766785,-0.07195762552970564,-0.08206397294998169,0.30218306183815,-0.08917611100429212,-0.07826381921768188,0.36892035603523254,-0.0891449154233328,-0.07041794061660767,0.42055758833885193,-0.08536855884545957,-0.019137561321258545,0.1694084107875824,-0.06572417922967588,-0.0036333799362182617,0.3126954734325409,-0.08470328160279905,0.005583226680755615,0.38789525628089905,-0.08436997987979566,0.015838921070098877,0.4395771920681,-0.08141570546382582,0.026276350021362305,0.17216375470161438,-0.05516546227687513,0.011338293552398682,0.25742611289024353,-0.06646039345019972,-0.003942430019378662,0.23124650120735168,-0.0552311726724497,-0.005613386631011963,0.19809162616729736,-0.04272074632996237,0.05739736557006836,0.17376381158828735,-0.04537111156338369,0.02872568368911743,0.22437241673469543,-0.04591462396734869,0.017903149127960205,0.20331278443336487,-0.03358724348896658,0.018474996089935303,0.17811110615730286,-0.0213804022287718
P,-0.06671947240829468,0.04838080704212189,-0.02577523186198505,-0.08991080522537231,0.14858795702457428,-0.04738947606972488,-0.07414555549621582,0.24046207964420319,-0.06057854227117332,-0.051194190979003906,0.3026888519525528,-0.0721958712427977,-0.08136600255966187,0.14738844335079193,-0.09506301439694198,-0.08474481105804443,0.2951192408800125,-0.12009510255745681,-0.08328241109848022,0.36446429789066315,-0.12371650196007522,-0.07837021350860596,0.4200841933488846,-0.12223001427344116,-0.018882334232330322,0.15052206814289093,-0.0886947125881079,-0.0012487173080444336,0.31010742485523224,-0.11484532661131652,0.007384359836578369,0.3888794332742691,-0.11470360166720184,0.018002986907958984,0.4437425285577774,-0.11231155551365646,0.03178858757019043,0.1526005119085312,-0.07781325138500961,0.017761170864105225,0.2618073970079422,-0.09685633934429916,-0.0019878745079040527,0.2311023324728012,-0.0814339727847937,-0.00586092472076416,0.1938071995973587,-0.06562742448738845,0.06743478775024414,0.15632279217243195,-0.06803848452261718,0.03703665733337402,0.22990985214710236,-0.07560855753115447,0.02449136972427368,0.20145182311534882,-0.061014423587835154,0.025275468826293945,0.17152096331119537,-0.04717583067110809
P,-0.06923937797546387,0.050326138734817505,-0.022647055210228473,-0.09272444248199463,0.1514149010181427,-0.04141655226206353,-0.07754206657409668,0.24427348375320435,-0.052854583011622935,-0.051705777645111084,0.3078244924545288,-0.06295532395100167,-0.08607983589172363,0.16460388898849487,-0.083628010349031,-0.09188580513000488,0.3101472854614258,-0.1049057732984977,-0.088656485080719,0.38015204668045044,-0.10856020112490228,-0.08108550310134888,0.4368845224380493,-0.10793547739243081,-0.027395188808441162,0.16919493675231934,-0.07742258568262628,-0.01243966817855835,0.3184340000152588,-0.10052635927652886,-0.001959502696990967,0.3965935707092285,-0.10159056295609048,0.010929405689239502,0.45211201906204224,-0.10081445087647012,0.021654725074768066,0.17071586847305298,-0.06692395021175912,0.007691740989685059,0.27110815048217773,-0.08248997141575387,-0.010897934436798096,0.2456367015838623,-0.06974821199631265,-0.014207541942596436,0.21190643310546875,-0.0569977912769275,0.05677372217178345,0.17274662852287292,-0.05750332062100938,0.028294146060943604,0.24014461040496826,-0.06239337136005929,0.01617056131362915,0.21717774868011475,-0.04938904230451158,0.015985608100891113,0.18895959854125977,-0.03729841147517732
P,-0.060494840145111084,0.05564478039741516,-0.018074738755501585,-0.07518494129180908,0.14576482772827148,-0.03105791933802493,-0.05512315034866333,0.22730255126953125,-0.03845819920269378,-0.028121888637542725,0.2761039733886719,-0.04356386229363807,-0.0673222541809082,0.16496044397354126,-0.06325540780989058,-0.06459200382232666,0.3044138550758362,-0.08066829383341201,-0.058167338371276855,0.3700968027114868,-0.08113282263246901,-0.049207985401153564,0.42098498344421387,-0.0771810868379248,-0.011449158191680908,0.1710669994354248,-0.05673724502292998,0.006400585174560547,0.30948877334594727,-0.07631629049745925,0.015206694602966309,0.38376349210739136,-0.07743389248815902,0.024431288242340088,0.4350356459617615,-0.07409618139234908,0.033833086490631104,0.17261481285095215,-0.04685665011373885,0.02021193504333496,0.24287360906600952,-0.059786890595830755,0.004931926727294922,0.21667206287384033,-0.05131052151290305,0.0024408698081970215,0.18454545736312866,-0.03898558855024703,0.06617182493209839,0.17353695631027222,-0.03783602356878646,0.03760969638824463,0.2136257290840149,-0.038596183955348806,0.02607905864715576,0.19223737716674805,-0.0276687265929354,0.025935888290405273,0.16803032159805298,-0.01569028288093932
P,-0.06679022312164307,0.05398154258728027,-0.014372116771227184,-0.08853715658187866,0.15596365928649902,-0.028874591809397998,-0.07103723287582397,0.24820232391357422,-0.03808668896246559,-0.04353022575378418,0.3093711733818054,-0.04682854458380348,-0.08757513761520386,0.18807125091552734,-0.06858568161416656,-0.09004199504852295,0.3291643261909485,-0.08545095741439468,-0.08441042900085449,0.3984861969947815,-0.08843298524308807,-0.074709951877594,0.4536794424057007,-0.08763300895381576,-0.029749691486358643,0.19157099723815918,-0.06382207840371734,-0.008678853511810303,0.33401936292648315,-0.08292863785911209,0.00463944673538208,0.41061270236968994,-0.08465306728768951,0.02030879259109497,0.4657058119773865,-0.08399054675984985,0.018233299255371094,0.1868240237236023,-0.054061679986006084,0.011329412460327148,0.27075523138046265,-0.06467913359094268,-0.007874786853790283,0.24773246049880981,-0.05378124385762817,-0.011900603771209717,0.21579349040985107,-0.04275354638386375,0.052750587463378906,0.1809970736503601,-0.04471237852860099,0.026432394981384277,0.23317742347717285,-0.045069380548483196,0.012487053871154785,0.21533530950546265,-0.03203903406549102,0.009101152420043945,0.19180363416671753,-0.020000307705885234
P,-0.06817960739135742,0.05471530556678772,-0.02398064166541758,-0.08863675594329834,0.15999603271484375,-0.04688675321872893,-0.07000494003295898,0.2546541094779968,-0.06273395933445158,-0.04588395357131958,0.3223090171813965,-0.07766492285068693,-0.09253853559494019,0.1684437096118927,-0.08891827978428068,-0.09510433673858643,0.31923049688339233,-0.1129939518147296,-0.08911001682281494,0.3911193609237671,-0.1195629797154254,-0.08029943704605103,0.45052993297576904,-0.12123410769041243,-0.03451943397521973,0.16696017980575562,-0.08413814373548689,-0.012666642665863037,0.3194316625595093,-0.11004290350015822,0.0027719736099243164,0.40340739488601685,-0.11338573314483824,0.018523335456848145,0.4668148159980774,-0.11538124449785414,0.016474246978759766,0.16427847743034363,-0.0748273692303485,0.009863615036010742,0.2795225977897644,-0.09364421285923186,-0.008205652236938477,0.2538822293281555,-0.07974653311308089,-0.011787235736846924,0.21703362464904785,-0.06661388643320265,0.054738521575927734,0.16502615809440613,-0.0665592811280078,0.02889084815979004,0.2448527216911316,-0.07545762874420348,0.015303313732147217,0.22390878200531006,-0.0616071931296176,0.013222575187683105,0.1948186159133911,-0.0488094314211196
P,-0.07200253009796143,0.056653231382369995,-0.020415695842928017,-0.10222351551055908,0.1680639237165451,-0.046783036079830254,-0.0874738097190857,0.2707654982805252,-0.066399919327921,-0.06688761711120605,0.3435411900281906,-0.08625296735448273,-0.11752918362617493,0.16829751431941986,-0.0996754565207425,-0.11592555046081543,0.33101312816143036,-0.1277596154181424,-0.10784798860549927,0.4111263006925583,-0.13784965359849366,-0.10001438856124878,0.48036740720272064,-0.14323797309083375,-0.053002774715423584,0.16384641826152802,-0.09993758284730347,-0.029612302780151367,0.3339933604001999,-0.12931760632676514,-0.01137387752532959,0.42710278928279877,-0.13337055825871857,0.0047013163566589355,0.4973776787519455,-0.13797652208489808,0.006106197834014893,0.16325868666172028,-0.0947044663993779,0.00098419189453125,0.30827657878398895,-0.1152975656954709,-0.016724109649658203,0.2774799317121506,-0.09668284886760148,-0.02164822816848755,0.23431141674518585,-0.08180085801762971,0.053983330726623535,0.1673891395330429,-0.09019087487143906,0.027872860431671143,0.2732550650835037,-0.10179148846549424,0.013530075550079346,0.24835215508937836,-0.08503266656083497,0.009937703609466553,0.21457834541797638,-0.0707522951929036
P,-0.0736355185508728,0.05101573467254639,-0.01584015600687394,-0.10544571280479431,0.15659844875335693,-0.035445734861554,-0.09158876538276672,0.2608080506324768,-0.04931614548272023,-0.06977170705795288,0.33246833086013794,-0.06371607259220013,-0.10939598083496094,0.1871742606163025,-0.08535172418064008,-0.1129150390625,0.3521217703819275,-0.10937393829530606,-0.10765433311462402,0.4356009364128113,-0.1160462982983006,-0.10048776865005493,0.5055161118507385,-0.11768323555892835,-0.048646628856658936,0.19258123636245728,-0.08312112465804944,-0.025090932846069336,0.3589538335800171,-0.10638139024680981,-0.010279476642608643,0.44511085748672485,-0.10690097883647809,0.003616631031036377,0.5105657577514648,-0.10630742833322415,0.004976809024810791,0.19107717275619507,-0.0753750912875546,0.003413379192352295,0.2955273389816284,-0.08991758153146634,-0.010759830474853516,0.2643788456916809,-0.07334217801994214,-0.013620615005493164,0.22604340314865112,-0.058187495920122956,0.04852575063705444,0.1860073208808899,-0.06819151714748273,0.02852499485015869,0.2546514868736267,-0.07236599549955258,0.018802881240844727,0.22890228033065796,-0.0546691492230309,0.01834946870803833,0.19759392738342285,-0.03853475302761922
P,-0.07231509685516357,0.0598982572555542,-0.01996126789853747,-0.09081029891967773,0.16239047050476074,-0.03730230238542731,-0.07022303342819214,0.2561742663383484,-0.04826159607873137,-0.04357069730758667,0.32124507427215576,-0.0573344549189585,-0.08390754461288452,0.18105405569076538,-0.07481075655923064,-0.07716608047485352,0.33331459760665894,-0.09171593021855529,-0.06981533765792847,0.402262806892395,-0.0938332362125891,-0.06187152862548828,0.4594663977622986,-0.09252043646083052,-0.02273106575012207,0.18313413858413696,-0.06841932814822371,1.0669231414794922e-05,0.3307068943977356,-0.08781145345673735,0.013201713562011719,0.41167008876800537,-0.08945190739140685,0.026518940925598145,0.4715791344642639,-0.0895457549046057,0.026806950569152832,0.18342185020446777,-0.057655750031329944,0.019876599311828613,0.29161661863327026,-0.07015698980794127,-0.0019753575325012207,0.26782333850860596,-0.05950754713521178,-0.009692072868347168,0.23240691423416138,-0.04874368962154563,0.05998474359512329,0.18659758567810059,-0.0477761534999388,0.032537221908569336,0.25629347562789917,-0.05179595407352622,0.015379369258880615,0.23824810981750488,-0.0411807170163172,0.008801460266113281,0.21297144889831543,-0.03080869298682387
P,-0.06449359655380249,0.05208241939544678,-0.025525737011150795,-0.07759475708007812,0.1410236358642578,-0.04318436553450056,-0.05554354190826416,0.22377628087997437,-0.05324747359128423,-0.026350319385528564,0.270332396030426,-0.06045883094640203,-0.0644194483757019,0.15679419040679932,-0.07932811921210714,-0.05910378694534302,0.2996312379837036,-0.10132007991643377,-0.050902366638183594,0.3648340702056885,-0.10451947098346182,-0.041435956954956055,0.41745465993881226,-0.10278708433480688,-0.006481468677520752,0.1641387939453125,-0.0693867648181481,0.013139128684997559,0.30081605911254883,-0.09236559217544027,0.021442055702209473,0.372441828250885,-0.09413973187776037,0.030459940433502197,0.4218461513519287,-0.09180607592435308,0.03572523593902588,0.16723012924194336,-0.05602722560735174,0.017876148223876953,0.2400151491165161,-0.07049873416991659,-0.003478825092315674,0.21744900941848755,-0.06251952742906042,-0.009113907814025879,0.1869564652442932,-0.05154130553574987,0.0633554458618164,0.170432448387146,-0.04436786791058012,0.02722609043121338,0.20763808488845825,-0.04838537743063398,0.012232482433319092,0.1900120973587036,-0.0412328386840386,0.010242342948913574,0.1702750325202942,-0.03248394971461721
P,-0.07857412099838257,0.05775575339794159,-0.03104476972964676,-0.11010503768920898,0.17748115956783295,-0.060748558188947754,-0.10000395774841309,0.2911136895418167,-0.08087398826626213,-0.08164095878601074,0.37590475380420685,-0.0994055119111863,-0.11572080850601196,0.1733141392469406,-0.11332325607088478,-0.12427973747253418,0.35482020676136017,-0.14440038024929436,-0.12140485644340515,0.441269114613533,-0.15275453745869072,-0.1149330735206604,0.5133514553308487,-0.15503572642353447,-0.04514282941818237,0.17504389584064484,-0.10771368413713844,-0.027570903301239014,0.3670607954263687,-0.14137027382400902,-0.016691505908966064,0.4696604162454605,-0.14548284530189903,-0.005195140838623047,0.5472493320703506,-0.1480473500445214,0.016102492809295654,0.17929430305957794,-0.09687925844934853,-0.00029987096786499023,0.3274025470018387,-0.12268808453825386,-0.020126760005950928,0.2942839413881302,-0.10546263277080925,-0.023141801357269287,0.24978037178516388,-0.08879199593809517,0.0625220537185669,0.1888609677553177,-0.08727822422531517,0.025012314319610596,0.2907456308603287,-0.1008483019426194,0.009045004844665527,0.2625708431005478,-0.08497001200464638,0.00719529390335083,0.2275756150484085,-0.07009204446819695
P,-0.04609644412994385,0.03209492564201355,-0.007223277797349326,-0.07095503807067871,0.10158857703208923,-0.021666873691030375,-0.06869524717330933,0.17109346389770508,-0.033011245054551,-0.06454449892044067,0.220740407705307,-0.04573067880923354,-0.0897754430770874,0.10385432839393616,-0.05571323863918387,-0.09238749742507935,0.20654809474945068,-0.07261246673519217,-0.08851328492164612,0.2596551775932312,-0.07887429229671561,-0.08528554439544678,0.30489230155944824,-0.08249324790889823,-0.05157339572906494,0.09981518983840942,-0.0600628913169583,-0.036531925201416016,0.21725919842720032,-0.07664805881435477,-0.022991657257080078,0.2772771716117859,-0.07820125154907309,-0.011252880096435547,0.32218462228775024,-0.08075007281953894,-0.013555347919464111,0.09890782833099365,-0.06078376851732337,-0.009050488471984863,0.1948644518852234,-0.07470546893531882,-0.013041138648986816,0.17079249024391174,-0.06201005585248076,-0.014092862606048584,0.14287447929382324,-0.05195227123553359,0.021499156951904297,0.10055357217788696,-0.06122100211436354,0.01504737138748169,0.1744721531867981,-0.07052456818277442,0.012978434562683105,0.1532299518585205,-0.05772411308939063,0.01326686143875122,0.1281583309173584,-0.04665482647473418
P,-0.05026942491531372,0.03189694881439209,-0.0057017054274837164,-0.07651716470718384,0.10495775938034058,-0.018146250942365327,-0.07315868139266968,0.18030434846878052,-0.02819485644401709,-0.06248897314071655,0.2333437204360962,-0.03972202221454779,-0.09369799494743347,0.1262626349925995,-0.05116307044924895,-0.09449324011802673,0.23035597801208496,-0.06796426008047263,-0.09166333079338074,0.28679054975509644,-0.0745427874714295,-0.08888360857963562,0.3350551128387451,-0.07780924121441046,-0.05383336544036865,0.12535232305526733,-0.054956071624175706,-0.03774452209472656,0.2417193055152893,-0.07164167294801871,-0.026396989822387695,0.303503155708313,-0.07406878153385321,-0.017132163047790527,0.3500838279724121,-0.07595617751182715,-0.014574170112609863,0.1221294105052948,-0.055038739541188875,-0.008021950721740723,0.200717031955719,-0.06749151329101721,-0.011477470397949219,0.17431241273880005,-0.0561629837244908,-0.012075662612915039,0.14665740728378296,-0.04602276588381926,0.020273029804229736,0.11851558089256287,-0.054872006723300615,0.015123486518859863,0.17507684230804443,-0.05927500183285872,0.013766884803771973,0.1540825366973877,-0.04580418447555701,0.01416027545928955,0.1320737600326538,-0.034120344170943895
P,-0.05214303731918335,0.0296594500541687,-0.004631462543308373,-0.08022713661193848,0.10101759433746338,-0.013393865934610005,-0.07836702466011047,0.17793560028076172,-0.020577176510393258,-0.07316964864730835,0.23030179738998413,-0.02916309893041813,-0.0983782410621643,0.1253577470779419,-0.03970558479338848,-0.1009029746055603,0.2278854250907898,-0.053555886297523614,-0.10133060812950134,0.28144747018814087,-0.05829715639263355,-0.10179075598716736,0.326129674911499,-0.059958255886137124,-0.0619376003742218,0.13191115856170654,-0.04252512663513386,-0.04854863882064819,0.24082046747207642,-0.05511385857969486,-0.038487523794174194,0.29746198654174805,-0.056771463750898477,-0.030949801206588745,0.33928781747817993,-0.05746153280049526,-0.02546706795692444,0.13260960578918457,-0.04250972255974972,-0.012842178344726562,0.19110232591629028,-0.05160610660821163,-0.014581441879272461,0.16178160905838013,-0.04438817784100735,-0.01786983013153076,0.1343126893043518,-0.03727158814579212,0.008127450942993164,0.13091623783111572,-0.04243280276566708,0.009931027889251709,0.1672716736793518,-0.04482576534062588,0.011108636856079102,0.1419394612312317,-0.03498386502176487,0.010128557682037354,0.11990666389465332,-0.026014986484348412
P,-0.05324411392211914,0.029936790466308594,-0.006944666203850147,-0.07254379987716675,0.09982776641845703,-0.014318666939431068,-0.06387031078338623,0.16778022050857544,-0.019216906797879574,-0.04972684383392334,0.21397864818572998,-0.024172284227603313,-0.0759580135345459,0.13049912452697754,-0.03865365363358819,-0.07759159803390503,0.22573226690292358,-0.047698934149735805,-0.07415848970413208,0.27470242977142334,-0.0495532532751497,-0.07005661725997925,0.3156701326370239,-0.04943366028069818,-0.03785419464111328,0.1386287808418274,-0.035910141241544125,-0.02513289451599121,0.23055851459503174,-0.04467678121923768,-0.017638742923736572,0.28408658504486084,-0.045943569910519955,-0.009975910186767578,0.3238064646720886,-0.04653053410052621,-0.00568467378616333,0.13808995485305786,-0.02982301316856706,-0.00826483964920044,0.1854708194732666,-0.0325447922170099,-0.017311692237854004,0.1659259796142578,-0.025837157440179226,-0.018510520458221436,0.14248132705688477,-0.019963948574655888,0.01892751455307007,0.1338556408882141,-0.024067821499698994,0.005228877067565918,0.16030091047286987,-0.021049410623305675,-0.0003204345703125,0.14593476057052612,-0.012264523242407677,-0.0014479756355285645,0.1280389428138733,-0.0045950022123690815
P,-0.054257988929748535,0.029335379600524902,-0.00877092757255582,-0.06975448131561279,0.09955519437789917,-0.015467420006103794,-0.05760735273361206,0.16613543033599854,-0.01865829971612243,-0.04248309135437012,0.20973265171051025,-0.02106324654997138,-0.06953543424606323,0.12708622217178345,-0.04035512802184371,-0.06919252872467041,0.22832399606704712,-0.04796279293478278,-0.06630313396453857,0.27540868520736694,-0.04758300331414489,-0.06266534328460693,0.31524932384490967,-0.04541293603361396,-0.03038322925567627,0.1384928822517395,-0.03417519551695136,-0.019138336181640625,0.2347230315208435,-0.042414040090449134,-0.014926671981811523,0.28582096099853516,-0.0428714051562622,-0.009528398513793945,0.32384324073791504,-0.04205948186100272,0.000568389892578125,0.14200901985168457,-0.024487946899540702,-0.006948232650756836,0.19061481952667236,-0.026334187732942382,-0.01911383867263794,0.17250245809555054,-0.021384085314281265,-0.021283626556396484,0.15012377500534058,-0.016208450095660965,0.022638797760009766,0.14311933517456055,-0.015100173437900821,0.0023592710494995117,0.16457229852676392,-0.010563370557434837,-0.004315674304962158,0.14942562580108643,-0.003672108072720448,-0.00513148307800293,0.13132619857788086,0.002602319680221399
P,-0.05472773313522339,0.029386401176452637,-0.014885093921265025,-0.07852828502655029,0.10190826654434204,-0.026808598914584536,-0.07010751962661743,0.17436456680297852,-0.033544704222521204,-0.05614030361175537,0.22491365671157837,-0.03925217678531112,-0.0755077600479126,0.11638087034225464,-0.05708980550750198,-0.07943892478942871,0.22225284576416016,-0.06914602955563964,-0.07639074325561523,0.27134692668914795,-0.06978213777526321,-0.07175326347351074,0.3122732639312744,-0.06833746274693908,-0.03349345922470093,0.12520533800125122,-0.05170361315592231,-0.02443748712539673,0.2306850552558899,-0.06569929411395492,-0.01801478862762451,0.28754788637161255,-0.06645121415837707,-0.00992816686630249,0.33059626817703247,-0.06624732156976165,0.0008037686347961426,0.1287161111831665,-0.04276252900942268,-0.01140373945236206,0.19528305530548096,-0.05171247934683265,-0.024332880973815918,0.1764926314353943,-0.04422325631364288,-0.026191651821136475,0.15250176191329956,-0.03681408976896705,0.02434539794921875,0.1314430832862854,-0.03436502804740371,-0.0006312131881713867,0.16855639219284058,-0.03741630902274551,-0.010159075260162354,0.1542225480079651,-0.030293488779506106,-0.012134015560150146,0.1373046636581421,-0.023299079292854685
Q,-0.06275719404220581,0.047150492668151855,-0.004584110022811672,-0.0978165864944458,0.13854175806045532,-0.011628886365620872,-0.09402859210968018,0.22437453269958496,-0.014543432423202773,-0.07119232416152954,0.2774120569229126,-0.01871965421113231,-0.09463423490524292,0.1545904278755188,-0.051137128525702735,-0.09546858072280884,0.2867162823677063,-0.062204038405148765,-0.09457308053970337,0.35344499349594116,-0.062223726564376136,-0.09059429168701172,0.40584874153137207,-0.06145993401977279,-0.043055057525634766,0.16618132591247559,-0.053152987414328834,-0.04691171646118164,0.2914373278617859,-0.06280265157791831,-0.05037349462509155,0.26794636249542236,-0.05223369380208709,-0.04878300428390503,0.22441446781158447,-0.04392992859455802,0.003407120704650879,0.17138952016830444,-0.051923392021386405,-0.008894741535186768,0.2743222713470459,-0.054897477531163474,-0.013395547866821289,0.24618899822235107,-0.03716851925226905,-0.011311709880828857,0.20982128381729126,-0.026354647853700897,0.04395478963851929,0.17483478784561157,-0.05068170806142547,0.026086628437042236,0.2552506923675537,-0.05065632020804145,0.02040201425552368,0.2290107011795044,-0.036573292368380805,0.022781014442443848,0.19814318418502808,-0.02682218668731906
Q,-0.0641281008720398,0.046167612075805664,-0.006605311648215206,-0.09258449077606201,0.135191410779953,-0.013992434253211172,-0.08408784866333008,0.2181265950202942,-0.016787739356274756,-0.05821734666824341,0.2664368748664856,-0.020513772850151213,-0.07961761951446533,0.15137478709220886,-0.052350817133898886,-0.07423162460327148,0.27941322326660156,-0.06300085957836643,-0.0699719786643982,0.3426337242126465,-0.0628069284160091,-0.05975252389907837,0.3924254775047302,-0.0617022420067741,-0.028075814247131348,0.16191041469573975,-0.05134194146585003,-0.03556734323501587,0.2780861258506775,-0.05776097055267826,-0.0468410849571228,0.256275475025177,-0.046446246911997946,-0.04746878147125244,0.21610069274902344,-0.03844798903655544,0.015944063663482666,0.16668951511383057,-0.04724025528621212,-0.0015453100204467773,0.2596973180770874,-0.04604068573307529,-0.010120093822479248,0.2339532971382141,-0.028450351094122084,-0.007327854633331299,0.20122474431991577,-0.01897499140095249,0.05150187015533447,0.17047834396362305,-0.043485393633361014,0.02948141098022461,0.23739123344421387,-0.03993059497069851,0.021317899227142334,0.21382933855056763,-0.026766601835603865,0.024635910987854004,0.18876761198043823,-0.01861679915081993
Q,-0.06577199697494507,0.04585304856300354,-0.0043700797467352,-0.09598672389984131,0.13289490342140198,-0.00865008719105731,-0.08769804239273071,0.21047529578208923,-0.008878416752708063,-0.06131190061569214,0.253052681684494,-0.00964722540069829,-0.07633453607559204,0.16122660040855408,-0.044304486735057935,-0.07964473962783813,0.28841128945350647,-0.05180078409452449,-0.07861846685409546,0.3528435528278351,-0.050026264412593946,-0.07121151685714722,0.4028349816799164,-0.04822819344539653,-0.0262414813041687,0.17607668042182922,-0.04247969798583995,-0.04112839698791504,0.2848363220691681,-0.04518944062132846,-0.054696500301361084,0.26322218775749207,-0.03330836482186328,-0.055816709995269775,0.22382459044456482,-0.025291180609059438,0.014778673648834229,0.1796756088733673,-0.03756723962564479,-0.008231103420257568,0.265204519033432,-0.03310578726072322,-0.01867729425430298,0.24105927348136902,-0.01671494021852027,-0.015183627605438232,0.2086220681667328,-0.008664987420928583,0.047572433948516846,0.18051722645759583,-0.03291323818106662,0.020681023597717285,0.23833170533180237,-0.026952337844562635,0.012508809566497803,0.21637007594108582,-0.014745633488786325,0.017456769943237305,0.19227543473243713,-0.0075608071855128856
Q,-0.07096511125564575,0.03516831994056702,-0.0013738130118134961,-0.10224491357803345,0.12244656682014465,-0.005112473959233199,-0.09936583042144775,0.2050982415676117,-0.005480965240057145,-0.08003437519073486,0.2584480941295624,-0.007180286212022935,-0.10108023881912231,0.15891960263252258,-0.043333141705151235,-0.10973715782165527,0.28516891598701477,-0.05022353177344385,-0.1130189299583435,0.35215339064598083,-0.048523577502127324,-0.11226630210876465,0.40387144684791565,-0.047129216244574224,-0.051611363887786865,0.17643621563911438,-0.04355226700579706,-0.05704373121261597,0.28024914860725403,-0.0467911647764403,-0.061576902866363525,0.2550526559352875,-0.03440806513106409,-0.06062448024749756,0.21377190947532654,-0.026355092054362927,-0.008214354515075684,0.1808294951915741,-0.04028306027328554,-0.021170377731323242,0.2586502134799957,-0.03569712360775057,-0.02637326717376709,0.2315565049648285,-0.01811810453807894,-0.022827506065368652,0.19887730479240417,-0.009605029238517915,0.027783095836639404,0.17940011620521545,-0.03701882307803217,0.011376380920410156,0.2373734414577484,-0.030051354890819226,0.007118046283721924,0.2127504050731659,-0.0156385252383906,0.010816872119903564,0.18633922934532166,-0.006928249834235345
Q,-0.06757104396820068,0.03293502330780029,0.003198352016944739,-0.10087156295776367,0.11749982833862305,-0.00023487494004115206,-0.10701727867126465,0.19587969779968262,-0.0020891431919594083,-0.09506964683532715,0.2490229606628418,-0.006516126144241241,-0.1091541051864624,0.16047221422195435,-0.041402160815458444,-0.11831122636795044,0.28124403953552246,-0.0522672456424047,-0.12354743480682373,0.3477764129638672,-0.05397643863366142,-0.12433642148971558,0.4017481803894043,-0.055059455029230264,-0.06236916780471802,0.17330271005630493,-0.046684968910675195,-0.059664130210876465,0.2817557454109192,-0.05469250648425117,-0.05883777141571045,0.2508525848388672,-0.04298170252845779,-0.05626136064529419,0.20807063579559326,-0.03443055941865936,-0.016968727111816406,0.17285674810409546,-0.0485823747436811,-0.018992841243743896,0.25592780113220215,-0.0504267547945787,-0.021968424320220947,0.2235804796218872,-0.032037794284086374,-0.02080434560775757,0.18930590152740479,-0.021081402591924814,0.023311972618103027,0.16605722904205322,-0.049893989853124765,0.01660853624343872,0.23202282190322876,-0.04798079996512428,0.013853311538696289,0.20510601997375488,-0.032536752216081766,0.015448331832885742,0.17698854207992554,-0.021894305638532785
Q,-0.05560785531997681,0.052099525928497314,0.0016560257732116668,-0.08655166625976562,0.13656479120254517,-0.005238011936359754,-0.08982628583908081,0.21312063932418823,-0.01112786726158177,-0.07446467876434326,0.26757413148880005,-0.01917325471591269,-0.09527921676635742,0.16501089930534363,-0.041665957766287676,-0.10045301914215088,0.28581559658050537,-0.055855908888094774,-0.10482099652290344,0.3504107594490051,-0.05955156822752272,-0.10777226090431213,0.4015868306159973,-0.06167693202447211,-0.04754340648651123,0.1706492006778717,-0.050179929929488054,-0.03847688436508179,0.28520727157592773,-0.06402722139906203,-0.03489428758621216,0.25555819272994995,-0.055786443399899355,-0.03594017028808594,0.2133147120475769,-0.04871688549470221,-0.00035703182220458984,0.1667414903640747,-0.055597526478283754,0.000568389892578125,0.25987857580184937,-0.06463459272932326,-0.0004563331604003906,0.22838586568832397,-0.04603807394456183,-0.0015561580657958984,0.19184467196464539,-0.033142933147662035,0.04225426912307739,0.15820273756980896,-0.06049384688090598,0.035803020000457764,0.2352944016456604,-0.06377033283066069,0.03239840269088745,0.20964878797531128,-0.04685140912484442,0.03336864709854126,0.17817538976669312,-0.03383903344225203
Q,-0.06333780288696289,0.03370267152786255,0.008511436043548315,-0.09586268663406372,0.10699653625488281,0.006466874724495142,-0.09550392627716064,0.17817139625549316,0.004316735418754547,-0.07732057571411133,0.22390031814575195,-0.0008423238296444424,-0.09850418567657471,0.16235840320587158,-0.032663337083292276,-0.1040489673614502,0.28249621391296387,-0.04438476184172657,-0.10644233226776123,0.3487933278083801,-0.047594013752174646,-0.10663855075836182,0.40146827697753906,-0.04925018841190365,-0.054926931858062744,0.17783743143081665,-0.038801371248197825,-0.04353940486907959,0.27091795206069946,-0.04518979707522419,-0.0387188196182251,0.2395523190498352,-0.03289329925341633,-0.03900867700576782,0.20030450820922852,-0.024236948357653887,-0.011180102825164795,0.17811650037765503,-0.041625823022556574,-0.003529489040374756,0.24763637781143188,-0.04158439034385708,-0.004022419452667236,0.21740323305130005,-0.02260994272096184,-0.005766153335571289,0.1844722032546997,-0.011497663462293417,0.029338836669921875,0.16967159509658813,-0.04354047694964436,0.02704256772994995,0.2256210446357727,-0.03881821328563717,0.02613741159439087,0.19962549209594727,-0.022025856317711145,0.025854110717773438,0.17260313034057617,-0.010328137444091112
Q,-0.07260870933532715,0.033750295639038086,-0.0036492074474026026,-0.09842830896377563,0.1173754334449768,-0.005265453980051404,-0.09254664182662964,0.19354724884033203,-0.003187693339519626,-0.07385969161987305,0.2387492060661316,-0.0011509050715048375,-0.09369450807571411,0.1580638885498047,-0.03643894303657902,-0.09481602907180786,0.2815714478492737,-0.03984879810430897,-0.09495002031326294,0.34461867809295654,-0.035273374207996255,-0.09110820293426514,0.39223533868789673,-0.03132375065305126,-0.044732749462127686,0.17686742544174194,-0.03242561329224003,-0.05585885047912598,0.27152061462402344,-0.031103422083639032,-0.06367164850234985,0.2509358525276184,-0.018926204331897623,-0.06359875202178955,0.21174025535583496,-0.010877153985880739,-0.005043625831604004,0.18247991800308228,-0.025640620999716646,-0.023666203022003174,0.24345487356185913,-0.016376868971370584,-0.029399335384368896,0.22190696001052856,-0.0031553752820272507,-0.025012671947479248,0.191852867603302,0.002061878414146179,0.026163041591644287,0.18546444177627563,-0.019409299977802164,0.004678487777709961,0.22041523456573486,-0.008149900623344308,0.0005908012390136719,0.19875657558441162,0.001886465437031859,0.004089236259460449,0.17634665966033936,0.006914069726384753
Q,-0.07005578279495239,0.044383704662323,-0.003585566680541774,-0.09405481815338135,0.12564653158187866,-0.005712417101150891,-0.08500927686691284,0.19567155838012695,-0.004781630968338391,-0.06345862150192261,0.23245549201965332,-0.003389969847759744,-0.06840592622756958,0.16588956117630005,-0.03433369533870234,-0.06917744874954224,0.281826376914978,-0.04016104774329676,-0.06527471542358398,0.34254902601242065,-0.03911813037250056,-0.05592668056488037,0.39070528745651245,-0.038088702277875086,-0.02175384759902954,0.17835843563079834,-0.03086898537132754,-0.04322075843811035,0.2633684277534485,-0.032934722171759745,-0.05850273370742798,0.24603313207626343,-0.023837935791945597,-0.06067240238189697,0.21321189403533936,-0.017511647807097575,0.01260751485824585,0.18024832010269165,-0.02477406585369124,-0.01658385992050171,0.24395400285720825,-0.019190580265259882,-0.028370797634124756,0.22471433877944946,-0.006609149889683863,-0.025636017322540283,0.1973867416381836,-0.0008459755057828033,0.036654889583587646,0.17922455072402954,-0.019195870177483698,0.0034804940223693848,0.21859902143478394,-0.011413272151386877,-0.005334973335266113,0.20017540454864502,-0.001837421006186446,-0.0014595389366149902,0.18001210689544678,0.00367353772033141
Q,-0.062051236629486084,0.045547276735305786,-0.010610867059668294,-0.08915197849273682,0.13485443592071533,-0.019061264349957696,-0.07687675952911377,0.21244969964027405,-0.022088267608424417,-0.045080602169036865,0.24875107407569885,-0.02561570587648987,-0.05697441101074219,0.1449020504951477,-0.05558048444881081,-0.049427032470703125,0.264599472284317,-0.06821053731336235,-0.04449230432510376,0.32177963852882385,-0.07029621559276222,-0.03368103504180908,0.3642915189266205,-0.07100367802276253,-0.0062926411628723145,0.1519280970096588,-0.05354596930637001,-0.017681896686553955,0.26898685097694397,-0.06209307792677521,-0.03633725643157959,0.2580986022949219,-0.05471527832641243,-0.040628790855407715,0.22570288181304932,-0.04989420878781914,0.03320103883743286,0.1528913676738739,-0.048539577751299134,0.014193058013916016,0.25718775391578674,-0.04934166628017067,-0.0032561421394348145,0.2434147596359253,-0.03544839355244278,-0.005656182765960693,0.21502670645713806,-0.02870950545265316,0.0622783899307251,0.1520107388496399,-0.044225579826971284,0.039019882678985596,0.22990068793296814,-0.043242643355270616,0.023429572582244873,0.21698343753814697,-0.03307678434147476,0.022785067558288574,0.1946515440940857,-0.027490325971385232
Q,-0.05759310722351074,0.036705270409584045,-0.00022536440632237031,-0.08942514657974243,0.12129093706607819,-0.007983293691030013,-0.09183996915817261,0.20168210566043854,-0.013414044239869582,-0.07564646005630493,0.2554580420255661,-0.02107142128919648,-0.09363710880279541,0.13842983543872833,-0.048534054615846145,-0.09449195861816406,0.25702498853206635,-0.06334177435313748,-0.09432709217071533,0.31803636252880096,-0.0673516395774989,-0.09021681547164917,0.3654404729604721,-0.0694142434087901,-0.046981632709503174,0.14370767772197723,-0.05513392792021321,-0.04147416353225708,0.2637268155813217,-0.06852500916396664,-0.042009711265563965,0.23602767288684845,-0.05954263017450856,-0.04044431447982788,0.19417588412761688,-0.05249748037134694,-0.001635730266571045,0.14308176934719086,-0.058540456303706634,-0.004803359508514404,0.24612362682819366,-0.06627249748384045,-0.008651137351989746,0.21602271497249603,-0.04718995870029019,-0.007751405239105225,0.18030117452144623,-0.03474424065028714,0.039332568645477295,0.13921545445919037,-0.06144925237571286,0.027492046356201172,0.22284461557865143,-0.06525572420035886,0.02288222312927246,0.19757603108882904,-0.04990280450259732,0.02555304765701294,0.16695456206798553,-0.03885556788121747
Q,-0.05964130163192749,0.041985124349594116,-0.0006731844598029113,-0.08857595920562744,0.12862208485603333,-0.0057180009291109,-0.08359372615814209,0.2092648148536682,-0.008929288710707084,-0.06230050325393677,0.2588613033294678,-0.013527117434197322,-0.09036797285079956,0.16571158170700073,-0.0374954619885024,-0.09311330318450928,0.28895217180252075,-0.04715182422404851,-0.09268629550933838,0.3526366353034973,-0.047560171920114414,-0.08984899520874023,0.40160876512527466,-0.04721211432223882,-0.043372154235839844,0.1736844778060913,-0.04119023470883931,-0.0370938777923584,0.2796398401260376,-0.050355406242662326,-0.036971986293792725,0.2541458010673523,-0.04135783924465741,-0.03839111328125,0.21489453315734863,-0.03399071260099973,0.0007913112640380859,0.17229735851287842,-0.04202491952782239,-0.0011110305786132812,0.2537282109260559,-0.044968062776380435,-0.003410935401916504,0.22588562965393066,-0.028019517424755946,-0.0033458471298217773,0.1921188235282898,-0.017335079374962703,0.039875149726867676,0.16693073511123657,-0.042724491792970554,0.030114948749542236,0.23235642910003662,-0.0414765456200179,0.02560371160507202,0.2079283595085144,-0.026944262671523944,0.025767147541046143,0.17890244722366333,-0.016272464531713382
Q,-0.06202268600463867,0.03780549764633179,-0.0031073890212951483,-0.08275079727172852,0.12350773811340332,-0.008177805976572472,-0.07295191287994385,0.20198380947113037,-0.010537737333777386,-0.05183553695678711,0.2514638304710388,-0.014101085537674862,-0.0892646312713623,0.16337239742279053,-0.03710181946456714,-0.08690899610519409,0.2773822546005249,-0.045744295516612965,-0.08505755662918091,0.34086400270462036,-0.0471480258792667,-0.07962191104888916,0.39035725593566895,-0.04811479831636234,-0.04237246513366699,0.17385810613632202,-0.03846944803893848,-0.03696548938751221,0.27166616916656494,-0.04448042000234409,-0.04152160882949829,0.2480403184890747,-0.036153878369930226,-0.0438266396522522,0.21012210845947266,-0.030337012657525975,-1.3232231140136719e-05,0.17266428470611572,-0.03713588351905628,-0.004228532314300537,0.2449934482574463,-0.03608464757502361,-0.00967860221862793,0.2211371660232544,-0.020697529712322194,-0.008945703506469727,0.19054681062698364,-0.012634248757365185,0.03616750240325928,0.1672716736793518,-0.03616336295903011,0.0253259539604187,0.21961897611618042,-0.032125338265302616,0.020189881324768066,0.1969345211982727,-0.019313575053217846,0.021435320377349854,0.1721184253692627,-0.01105901068598314
Q,-0.0581170916557312,0.03544646501541138,-0.0017510836657237405,-0.07788681983947754,0.10796290636062622,-0.004256269097524523,-0.07160371541976929,0.17279702425003052,-0.004274675291227936,-0.05329751968383789,0.2129254937171936,-0.005183459393876433,-0.07343494892120361,0.14137136936187744,-0.03130359774847591,-0.07002133131027222,0.2437208890914917,-0.035814685881334185,-0.06749880313873291,0.2971588373184204,-0.03424379056711757,-0.06266665458679199,0.33878093957901,-0.03288649594803417,-0.03215676546096802,0.15087604522705078,-0.030447613582211375,-0.03317713737487793,0.23409605026245117,-0.03144223070164287,-0.03885143995285034,0.21620702743530273,-0.022266965493756175,-0.040860772132873535,0.1841173768043518,-0.01645112237353885,0.003228425979614258,0.15090960264205933,-0.02707468545456493,-0.005963325500488281,0.21046358346939087,-0.02184469266255462,-0.010532855987548828,0.19055324792861938,-0.008965664677518248,-0.008883237838745117,0.1643524169921875,-0.0031984077246960396,0.03231501579284668,0.14830899238586426,-0.023988090589838862,0.018709003925323486,0.1894509196281433,-0.017419539526301264,0.014649391174316406,0.1697096824645996,-0.007095131226080298,0.016200602054595947,0.14860105514526367,-0.0010571364725109333
Q,-0.05158722400665283,0.03365671634674072,0.008049719600435878,-0.07375645637512207,0.09717732667922974,0.006897057971414711,-0.07005393505096436,0.15271830558776855,0.00454109730800667,-0.05169636011123657,0.18540513515472412,-0.00042628597564942083,-0.08446013927459717,0.14837181568145752,-0.0196656243815454,-0.08688178658485413,0.24206960201263428,-0.02715984302902541,-0.08996301889419556,0.29552942514419556,-0.0288158053472074,-0.09096258878707886,0.338428795337677,-0.03013591225588641,-0.04838663339614868,0.15903723239898682,-0.026527683617118214,-0.032240450382232666,0.22767561674118042,-0.03278348352158389,-0.027395009994506836,0.19849032163619995,-0.02491723317051253,-0.02863752841949463,0.16542285680770874,-0.018887439177873944,-0.012061476707458496,0.1564640998840332,-0.03083765077734313,0.0008615255355834961,0.20429766178131104,-0.03218979518258891,0.001345217227935791,0.17718172073364258,-0.019115857215169285,-0.0015717148780822754,0.15120339393615723,-0.011287679330948208,0.02189791202545166,0.1471680998802185,-0.03446400667870364,0.027396857738494873,0.18413764238357544,-0.0314150130316051,0.026424407958984375,0.160442054271698,-0.019032924802544926,0.023888230323791504,0.13920176029205322,-0.010052425222042416
R,-0.0564122200012207,-0.028941452503204346,-0.02867366450601594,-0.09313708543777466,-0.09020531177520752,-0.04506320024603383,-0.0713876485824585,-0.14936551451683044,-0.06145251433127896,-0.028408169746398926,-0.16897118091583252,-0.07622191945785062,-0.07465505599975586,-0.19020652770996094,-0.02410714405351655,-0.06957966089248657,-0.2664254307746887,-0.05010215828889386,-0.06232500076293945,-0.3180655241012573,-0.06935933868163602,-0.05425286293029785,-0.3689992427825928,-0.08353084961646573,-0.03857600688934326,-0.19977086782455444,-0.029127052824435395,-0.05869185924530029,-0.2937350571155548,-0.0574633393692352,-0.06649863719940186,-0.34684258699417114,-0.0736911732959129,-0.07084554433822632,-0.401189461350441,-0.08270124981874005,-2.4318695068359375e-05,-0.1865578293800354,-0.03772243375652806,0.007297098636627197,-0.24654540419578552,-0.08044092993014829,0.002632617950439453,-0.16972693800926208,-0.08233450243943707,-0.0027291178703308105,-0.11025983095169067,-0.07177492121928708,0.03889191150665283,-0.15505045652389526,-0.04869456852549092,0.039923787117004395,-0.18456017971038818,-0.08489010373824613,0.029290378093719482,-0.13256150484085083,-0.08500360588305966,0.020173251628875732,-0.09131932258605957,-0.07703860739940183
R,-0.05343782901763916,-0.03610962629318237,-0.0290179962946695,-0.0824701189994812,-0.10353165864944458,-0.04405688705878674,-0.05434149503707886,-0.16144168376922607,-0.05919479790168225,-0.015181303024291992,-0.18744748830795288,-0.07281989443140446,-0.06790167093276978,-0.1985815465450287,-0.019434202714137427,-0.06237834692001343,-0.2727378010749817,-0.04422198074894368,-0.05582010746002197,-0.32376740872859955,-0.06455602335768162,-0.04802143573760986,-0.3744718134403229,-0.08002172994451939,-0.031858980655670166,-0.20771518349647522,-0.023252846924833648,-0.05078303813934326,-0.2966972589492798,-0.050443893550209395,-0.05980706214904785,-0.3485848158597946,-0.0684766231759113,-0.06436097621917725,-0.4018152952194214,-0.07950498747663914,0.0052225589752197266,-0.19304081797599792,-0.031041646627954833,0.016242921352386475,-0.2593832314014435,-0.07310686099367558,0.013581931591033936,-0.18820792436599731,-0.07732882189588963,0.008074343204498291,-0.13092675805091858,-0.0691303222163242,0.04308676719665527,-0.15928450226783752,-0.041168051092199676,0.049522995948791504,-0.1996237337589264,-0.0786336346252483,0.0405503511428833,-0.1507156789302826,-0.08064957547026097,0.03042888641357422,-0.10745546221733093,-0.07413721668558537
R,-0.05660802125930786,-0.02906644344329834,-0.024987273682882005,-0.09028768539428711,-0.09379410743713379,-0.038259534929920846,-0.06899768114089966,-0.15367722511291504,-0.05227309355609577,-0.03141409158706665,-0.17749279737472534,-0.065029132013251,-0.07825207710266113,-0.1864624321460724,-0.01792055444889229,-0.07348215579986572,-0.26009055972099304,-0.04262550437920254,-0.06634211540222168,-0.3109315037727356,-0.062489426528145486,-0.05927318334579468,-0.3589290380477905,-0.07746798807852429,-0.042292237281799316,-0.1949247121810913,-0.023334967737127954,-0.05826222896575928,-0.2821924686431885,-0.051739151422907526,-0.06418806314468384,-0.333354115486145,-0.07121907437317532,-0.06893479824066162,-0.3826325237751007,-0.08313446754686993,-0.0052075982093811035,-0.18242576718330383,-0.03193637618892353,0.0024726390838623047,-0.24570700526237488,-0.07279047632687252,-0.0018054842948913574,-0.17710095643997192,-0.07705012226574581,-0.010097146034240723,-0.12125617265701294,-0.06953259075157803,0.03217345476150513,-0.1533985137939453,-0.042548878883053476,0.035687804222106934,-0.18482106924057007,-0.07814302558176678,0.025675654411315918,-0.13591820001602173,-0.08005573118202847,0.013809442520141602,-0.09391725063323975,-0.07396552229397457
R,-0.052900731563568115,-0.02641737461090088,-0.022610022219623716,-0.08797627687454224,-0.08747553825378418,-0.03527864115199009,-0.06650573015213013,-0.14150512218475342,-0.04867040039857784,-0.02935051918029785,-0.16778814792633057,-0.06089525343736568,-0.07267248630523682,-0.18464899063110352,-0.017121246549095304,-0.06715601682662964,-0.25452983379364014,-0.04218934522828022,-0.05666840076446533,-0.3052040636539459,-0.06163442926367679,-0.045730412006378174,-0.35288184881210327,-0.07546088145932117,-0.03767210245132446,-0.19243991374969482,-0.023215603547896535,-0.05438375473022461,-0.2753160297870636,-0.04990894766410747,-0.0593419075012207,-0.3239445686340332,-0.06622377829512516,-0.06222403049468994,-0.3711717128753662,-0.07566068367918888,-0.0010179877281188965,-0.18054866790771484,-0.03263681055864254,0.005848944187164307,-0.23236972093582153,-0.07195822941025654,-0.0030193328857421875,-0.16056770086288452,-0.0751185719843761,-0.012989580631256104,-0.10379880666732788,-0.0672600497480289,0.03521054983139038,-0.151311993598938,-0.043985769617165715,0.034045517444610596,-0.1632182002067566,-0.07787565933426777,0.02033478021621704,-0.10979419946670532,-0.07939332770069996,0.007840394973754883,-0.06982529163360596,-0.07343204365929523
R,-0.0510256290435791,-0.027713418006896973,-0.026404652289556907,-0.0853927731513977,-0.0922960638999939,-0.03999122186701243,-0.06301742792129517,-0.1422920823097229,-0.05305753602783625,-0.022618114948272705,-0.15782684087753296,-0.0647354642967457,-0.06889486312866211,-0.18279695510864258,-0.0236089225033993,-0.06125229597091675,-0.25050467252731323,-0.049090940050291465,-0.05086261034011841,-0.29819607734680176,-0.06766825123827402,-0.041382789611816406,-0.34425103664398193,-0.0809768806318516,-0.03431117534637451,-0.19145148992538452,-0.027379041082667754,-0.04694211483001709,-0.27138030529022217,-0.05549388333361094,-0.05010366439819336,-0.31783413887023926,-0.07156388416092341,-0.052282750606536865,-0.36323273181915283,-0.0798518504122967,0.0007364153861999512,-0.1807268261909485,-0.03442635714213793,0.01450657844543457,-0.22497433423995972,-0.07626406802933161,0.009096503257751465,-0.15395885705947876,-0.08207324846785014,-0.00014549493789672852,-0.09661740064620972,-0.07489368274013941,0.036396145820617676,-0.1537821888923645,-0.04355591862599795,0.044543325901031494,-0.15258479118347168,-0.0814179401020283,0.03338998556137085,-0.09677523374557495,-0.08717831923763697,0.02105128765106201,-0.05461382865905762,-0.08323988272945826
R,-0.047617435455322266,-0.02323305606842041,-0.019788193266492726,-0.08339148759841919,-0.08235979080200195,-0.030492461036544682,-0.06244313716888428,-0.12638258934020996,-0.041544544260602834,-0.0217210054397583,-0.14023494720458984,-0.05184321732411945,-0.06243079900741577,-0.17121011018753052,-0.019686032767992856,-0.057636260986328125,-0.2374434471130371,-0.040646957914930226,-0.0476222038269043,-0.28307950496673584,-0.055162041198116185,-0.03805863857269287,-0.3256063461303711,-0.0649162519086417,-0.03004676103591919,-0.1812359094619751,-0.02448362552712524,-0.04607969522476196,-0.2622825503349304,-0.04648670436034763,-0.04984164237976074,-0.311196506023407,-0.05871057392249668,-0.051018595695495605,-0.3582208454608917,-0.06408456594834888,0.003565669059753418,-0.17232298851013184,-0.031582335691553,0.004900217056274414,-0.19337952136993408,-0.061668003659349324,-0.00400012731552124,-0.1330655813217163,-0.06357060254703129,-0.014329016208648682,-0.08649832010269165,-0.05575942502508724,0.0366894006729126,-0.14665067195892334,-0.040748345415693166,0.030086815357208252,-0.13592660427093506,-0.06444271535764301,0.017195522785186768,-0.0877881646156311,-0.06401910514722431,0.005094051361083984,-0.052880704402923584,-0.05779398114572132
R,-0.0553627610206604,-0.013913750648498535,-0.017545693787610617,-0.10035407543182373,-0.07036572694778442,-0.027598523768460836,-0.08943754434585571,-0.12582576274871826,-0.039456832456266966,-0.04993504285812378,-0.14803993701934814,-0.05019517545667895,-0.08555960655212402,-0.17204207181930542,-0.015301170992529478,-0.08733475208282471,-0.24257192015647888,-0.03781965305176982,-0.08269649744033813,-0.2916225790977478,-0.0541560419377447,-0.07793021202087402,-0.33560824394226074,-0.0653596364435316,-0.051908135414123535,-0.18332421779632568,-0.0227897905286909,-0.0731041431427002,-0.267056405544281,-0.047315302538549986,-0.07967668771743774,-0.3164137601852417,-0.06143409689036616,-0.08470898866653442,-0.3608807325363159,-0.0680483274635435,-0.015484988689422607,-0.17627686262130737,-0.03270064224568614,-0.022845089435577393,-0.2121518850326538,-0.06723398645488032,-0.028261005878448486,-0.1392877697944641,-0.06792655517426738,-0.03440570831298828,-0.0829610824584961,-0.05787747283545741,0.021192610263824463,-0.15271729230880737,-0.04429453541604289,0.009862124919891357,-0.1580992341041565,-0.07137269456950435,-0.003600180149078369,-0.10264641046524048,-0.06963000376788386,-0.015506565570831299,-0.05971401929855347,-0.06161111150947818
R,-0.05938023328781128,-0.0161401629447937,-0.01895448400659916,-0.10574424266815186,-0.07314425706863403,-0.02975678279085514,-0.09757053852081299,-0.1395135521888733,-0.042421277826861115,-0.058267831802368164,-0.1744811236858368,-0.053815666800574036,-0.0931318998336792,-0.17913296818733215,-0.011330199642316074,-0.09847670793533325,-0.25410163402557373,-0.03390431053026077,-0.09415185451507568,-0.3074609637260437,-0.051053900486067505,-0.08846426010131836,-0.35586076974868774,-0.06348187870366928,-0.06067609786987305,-0.191549152135849,-0.01914591736181137,-0.08930766582489014,-0.28353458642959595,-0.04304098359330055,-0.09754925966262817,-0.332568883895874,-0.05646063408835289,-0.10090529918670654,-0.3788425624370575,-0.06358468926532623,-0.02436840534210205,-0.18310129642486572,-0.03032710052116272,-0.031745076179504395,-0.24248772859573364,-0.06737171507461426,-0.036920905113220215,-0.17070242762565613,-0.06956157482250092,-0.03959476947784424,-0.11163270473480225,-0.0609394314049041,0.014205098152160645,-0.15704864263534546,-0.043205917095974655,0.0015506148338317871,-0.17494845390319824,-0.07468980199678299,-0.011632800102233887,-0.12440747022628784,-0.0757946932969844,-0.020642518997192383,-0.08357840776443481,-0.07003067827804443
R,-0.06337255239486694,-0.03446775674819946,-0.02398621739303053,-0.09945911169052124,-0.11554896831512451,-0.0366198316351074,-0.07634526491165161,-0.18619167804718018,-0.05060925783072889,-0.033841848373413086,-0.2150658667087555,-0.06321625114833296,-0.08533704280853271,-0.21598130464553833,-0.014312393790532951,-0.08065861463546753,-0.29879429936408997,-0.04129545093928755,-0.07055586576461792,-0.3596567064523697,-0.06416032166634977,-0.06024450063705444,-0.414109006524086,-0.0811246231332916,-0.04614382982254028,-0.22461581230163574,-0.02153414749955118,-0.06043297052383423,-0.32623299956321716,-0.05205561296497763,-0.0679008960723877,-0.37975478172302246,-0.07383294106875837,-0.07345771789550781,-0.4254857748746872,-0.08717629761849821,-0.004056453704833984,-0.2119576334953308,-0.03224194498216093,0.0046027302742004395,-0.2997405230998993,-0.07511643023644865,-0.0028114914894104004,-0.22828328609466553,-0.0798322379723686,-0.011182785034179688,-0.165090411901474,-0.0725583925977844,0.03918039798736572,-0.1808376908302307,-0.04489896894847334,0.03898102045059204,-0.22757095098495483,-0.08038675488387526,0.02659130096435547,-0.17402148246765137,-0.080408681942572,0.016124844551086426,-0.1255771517753601,-0.07331344933663786
R,-0.061573565006256104,-0.045727312564849854,-0.030377664226250545,-0.09061241149902344,-0.12816625833511353,-0.04422059710617532,-0.05624401569366455,-0.19668608903884888,-0.059185073333935634,-0.01015627384185791,-0.22794005274772644,-0.07233126516933908,-0.07172632217407227,-0.2357674241065979,-0.010778448167400256,-0.0669170618057251,-0.32718101143836975,-0.03507403339739312,-0.057911455631256104,-0.38734014332294464,-0.05498448814745416,-0.04772835969924927,-0.4463900029659271,-0.0705246185838746,-0.03033667802810669,-0.24647966027259827,-0.01606239061351289,-0.054128170013427734,-0.3495464026927948,-0.044345241594271556,-0.0635271668434143,-0.4068949222564697,-0.06434000338907708,-0.0680193305015564,-0.46288660168647766,-0.07653742339010705,0.010943472385406494,-0.22925573587417603,-0.026400110307292834,0.023150384426116943,-0.31137868762016296,-0.07383059020634164,0.02362513542175293,-0.23383018374443054,-0.08156453128452767,0.019983351230621338,-0.16987615823745728,-0.07469157184954156,0.05376756191253662,-0.18950298428535461,-0.0392755871593522,0.06423962116241455,-0.23455867171287537,-0.08418380524511804,0.05469447374343872,-0.175900399684906,-0.09042682554121484,0.04357600212097168,-0.12539628148078918,-0.08592064734096994
R,-0.06015068292617798,-0.037223875522613525,-0.032912605504805015,-0.09246838092803955,-0.11359775066375732,-0.04878401110630648,-0.059917986392974854,-0.17907971143722534,-0.06425746629696505,-0.015560925006866455,-0.208054780960083,-0.07747827569704668,-0.07376718521118164,-0.22542089223861694,-0.020170568551236556,-0.06312954425811768,-0.3105478584766388,-0.04870747501712458,-0.049101173877716064,-0.36919915676116943,-0.071766861777121,-0.03452402353286743,-0.426357626914978,-0.08926550398331301,-0.03234374523162842,-0.23300302028656006,-0.024237577866131232,-0.051295578479766846,-0.3322921395301819,-0.05597985635262148,-0.05700153112411499,-0.39030957221984863,-0.07752558688383715,-0.05876404047012329,-0.4479498267173767,-0.09096332738857882,0.008679091930389404,-0.21464961767196655,-0.033004690955692695,0.023348510265350342,-0.2877463400363922,-0.08143425832253115,0.017995774745941162,-0.20687490701675415,-0.08824130992155688,0.009991586208343506,-0.14162790775299072,-0.08098989824515002,0.04938244819641113,-0.17573660612106323,-0.04455444688659327,0.05560111999511719,-0.19916367530822754,-0.08969796548348086,0.04268014430999756,-0.14127397537231445,-0.09640656511049883,0.029860198497772217,-0.09713530540466309,-0.09231162915688174
R,-0.05974769592285156,-0.030052542686462402,-0.029025262525976814,-0.09534090757369995,-0.1025010347366333,-0.04487874761849753,-0.06794178485870361,-0.16037166118621826,-0.06022353873282782,-0.021129310131072998,-0.18289977312088013,-0.0741115215483319,-0.07774132490158081,-0.20799893140792847,-0.026176391473711647,-0.06889981031417847,-0.28851401805877686,-0.05383168191343657,-0.05744588375091553,-0.34515613317489624,-0.07474652708202711,-0.0467800498008728,-0.3985285758972168,-0.09038655490309111,-0.04001188278198242,-0.21509647369384766,-0.031264525211156524,-0.05173450708389282,-0.3117806911468506,-0.061761636591256774,-0.05344361066818237,-0.3660178780555725,-0.08069750697046629,-0.05381321907043457,-0.4183073043823242,-0.09196220368772856,-0.001224517822265625,-0.19964903593063354,-0.039796393668950714,0.014819622039794922,-0.2576005458831787,-0.08388961882025114,0.0029200315475463867,-0.1836484670639038,-0.09010843217998854,-0.013433218002319336,-0.12406229972839355,-0.08380281210571638,0.03782212734222412,-0.1656970977783203,-0.05062359601885191,0.04464375972747803,-0.18003857135772705,-0.090054504877628,0.02974522113800049,-0.12282085418701172,-0.09476792097717635,0.01212465763092041,-0.07757091522216797,-0.09074758023649565
R,-0.065773606300354,-0.025399744510650635,-0.02165111555700605,-0.11295163631439209,-0.09944212436676025,-0.03307949780469244,-0.09556472301483154,-0.16655945777893066,-0.046435475637963464,-0.05081439018249512,-0.1925525665283203,-0.05819186969642942,-0.09269732236862183,-0.21257108449935913,-0.013636132059446027,-0.09044426679611206,-0.2972487509250641,-0.038494143923571755,-0.08236795663833618,-0.35405948758125305,-0.05800261749868696,-0.07387024164199829,-0.40580296516418457,-0.0725618193948776,-0.05420875549316406,-0.2199106216430664,-0.02208165667002504,-0.07387036085128784,-0.31902891397476196,-0.050477478941729714,-0.07938802242279053,-0.373230516910553,-0.0687015841806442,-0.08261817693710327,-0.42463839054107666,-0.07881723745708769,-0.013324618339538574,-0.20639294385910034,-0.0337744730616123,-0.013356208801269531,-0.2704653739929199,-0.07619299395923917,-0.021757841110229492,-0.18543332815170288,-0.07813206716423338,-0.03159034252166748,-0.11870449781417847,-0.06768566026335066,0.028109312057495117,-0.174810528755188,-0.04732422559504812,0.019115149974822998,-0.19784164428710938,-0.08360221638326948,0.0028131604194641113,-0.13655704259872437,-0.08348747744207685,-0.012359201908111572,-0.08815556764602661,-0.0752452056015045
R,-0.06558507680892944,-0.022864103317260742,-0.02445697059926033,-0.11054295301437378,-0.09342503547668457,-0.038589477744665146,-0.0950654149055481,-0.16619449853897095,-0.05438928699192047,-0.05375397205352783,-0.20052596926689148,-0.06842780506309509,-0.09703171253204346,-0.2179185450077057,-0.015728308093514443,-0.096405029296875,-0.3039550483226776,-0.04343918731507301,-0.08897483348846436,-0.364785373210907,-0.0653210470646286,-0.08067846298217773,-0.4199933409690857,-0.08152447288927078,-0.05685526132583618,-0.22833123803138733,-0.024634948205914498,-0.08098077774047852,-0.33243000507354736,-0.05494722371992111,-0.0888066291809082,-0.3890284597873688,-0.07434508597549438,-0.09268707036972046,-0.4432257413864136,-0.08573139106925964,-0.013154387474060059,-0.21501415967941284,-0.037299819496240616,-0.013059794902801514,-0.28517502546310425,-0.08155099695619583,-0.022037208080291748,-0.201328843832016,-0.08393469100889206,-0.030333280563354492,-0.13458478450775146,-0.07434906458553314,0.0318446159362793,-0.1817728877067566,-0.05212397148903847,0.02325981855392456,-0.2071869969367981,-0.08939382081922531,0.006713688373565674,-0.148431658744812,-0.0894224384992981,-0.007014214992523193,-0.1022692322731018,-0.08189101910289764
R,-0.062538743019104,-0.04175305366516113,-0.027893454405273133,-0.10084730386734009,-0.1160351037979126,-0.043424476506913834,-0.07410317659378052,-0.18388959765434265,-0.059767947169746094,-0.02792423963546753,-0.21875673532485962,-0.0741988798703801,-0.0846484899520874,-0.22398987412452698,-0.01911321525534504,-0.07756531238555908,-0.3090580105781555,-0.04804577362796181,-0.06671905517578125,-0.36973631381988525,-0.07165239063164108,-0.05556601285934448,-0.4260232597589493,-0.08953786698242538,-0.04325979948043823,-0.23329713940620422,-0.02604356651266926,-0.060413360595703125,-0.3313957452774048,-0.05844608378669136,-0.06377536058425903,-0.3880511224269867,-0.0806555232133519,-0.06588071584701538,-0.4422934204339981,-0.09466320333143585,0.0005414485931396484,-0.2173929214477539,-0.03694288489481323,0.009700000286102295,-0.29125797748565674,-0.08380328920742386,0.006767094135284424,-0.2172994315624237,-0.08963257131239288,-0.0007152557373046875,-0.1548749804496765,-0.082439348670448,0.044998109340667725,-0.180614173412323,-0.050119232955182724,0.047459304332733154,-0.21672001481056213,-0.09063173142334335,0.036162495613098145,-0.16497305035591125,-0.09308022317549103,0.02394270896911621,-0.11908864974975586,-0.08698684034010284
R,-0.05794042348861694,-0.035532474517822266,-0.03152849036501948,-0.08710861206054688,-0.10832130908966064,-0.04713456589030329,-0.057598769664764404,-0.17154979705810547,-0.06189503032015864,-0.016269385814666748,-0.20502054691314697,-0.07489351066993777,-0.0721701979637146,-0.21578073501586914,-0.020677464783659616,-0.06406116485595703,-0.2937100827693939,-0.046847915977707544,-0.05217021703720093,-0.34798145294189453,-0.06831170502351824,-0.038973450660705566,-0.4009692072868347,-0.08456850680755679,-0.03315424919128418,-0.2235558032989502,-0.02401440474437777,-0.05108773708343506,-0.31925657391548157,-0.051348048031798044,-0.0574987530708313,-0.37235885858535767,-0.07023739698576037,-0.0599132776260376,-0.42508381605148315,-0.08242455008672778,0.005843400955200195,-0.20657336711883545,-0.031720301837196985,0.020094990730285645,-0.27531975507736206,-0.07505027088569705,0.011442363262176514,-0.20402562618255615,-0.08238595607923571,0.0016614198684692383,-0.14521455764770508,-0.0772108424012572,0.04422050714492798,-0.17030680179595947,-0.041946089596024194,0.04701972007751465,-0.19469767808914185,-0.08214308205293719,0.03544723987579346,-0.1438928246498108,-0.0879912811820418,0.025310277938842773,-0.10375708341598511,-0.08463903400348727
R,-0.05203801393508911,-0.03362542390823364,-0.028177552101738,-0.07826077938079834,-0.1008264422416687,-0.04185155983043387,-0.04907047748565674,-0.15491724014282227,-0.05500183458400443,-0.010444402694702148,-0.1792101263999939,-0.06632931734395697,-0.061025798320770264,-0.1988900899887085,-0.019241202799207713,-0.05293768644332886,-0.27197277545928955,-0.04303602333141043,-0.04229670763015747,-0.32249903678894043,-0.06186815927696898,-0.031513214111328125,-0.37054240703582764,-0.07592132891488745,-0.025250375270843506,-0.20344489812850952,-0.022913523194915797,-0.041185200214385986,-0.2907959222793579,-0.048327794475085284,-0.04696953296661377,-0.34157028794288635,-0.06486261839938834,-0.049529850482940674,-0.39056938886642456,-0.0748603513367243,0.010318219661712646,-0.18487012386322021,-0.030496195135242488,0.022446274757385254,-0.2453034520149231,-0.07051750476432517,0.015770912170410156,-0.17718982696533203,-0.07580941374374106,0.007762908935546875,-0.12196838855743408,-0.06930358911824896,0.04500460624694824,-0.147693932056427,-0.040396249098307635,0.04865068197250366,-0.1684824824333191,-0.0771787335999079,0.03649395704269409,-0.12097781896591187,-0.08153613115621283,0.02543187141418457,-0.0840752124786377,-0.07727745379281714
R,-0.048309922218322754,-0.025980651378631592,-0.026083526813408753,-0.07715839147567749,-0.0893903374671936,-0.040440683864972016,-0.05134063959121704,-0.1390863060951233,-0.05399234747233095,-0.012740552425384521,-0.16210192441940308,-0.06636752715053262,-0.06085467338562012,-0.17974066734313965,-0.026744883188030144,-0.051367104053497314,-0.25205880403518677,-0.05207668771686258,-0.03864818811416626,-0.30187350511550903,-0.070102845930478,-0.025171995162963867,-0.3487606644630432,-0.08313489487113657,-0.027483224868774414,-0.18594062328338623,-0.030765592732450386,-0.03845947980880737,-0.2734795808792114,-0.057656040095707795,-0.039419591426849365,-0.32059115171432495,-0.07300171037854852,-0.03726840019226074,-0.3675386905670166,-0.0820318215126008,0.005249440670013428,-0.17137014865875244,-0.03768239697160425,0.024617910385131836,-0.22527849674224854,-0.07658280959071817,0.014757990837097168,-0.1590173840522766,-0.08020520737113657,0.0018472671508789062,-0.1063268780708313,-0.0736569218868226,0.037268877029418945,-0.14033758640289307,-0.0467723995977849,0.04418987035751343,-0.14642077684402466,-0.08246980389299097,0.030668258666992188,-0.09497159719467163,-0.08675174196901025,0.016151785850524902,-0.056523680686950684,-0.08308429797830286
R,-0.052863240242004395,-0.020565032958984375,-0.018974401740706526,-0.09288042783737183,-0.08257895708084106,-0.0288114163413411,-0.07217252254486084,-0.13409191370010376,-0.0392134345456725,-0.03163039684295654,-0.15347564220428467,-0.048572745858109556,-0.07303541898727417,-0.1813071370124817,-0.01871796952036675,-0.0650598406791687,-0.24974632263183594,-0.041115485815680586,-0.054954588413238525,-0.2984129786491394,-0.05800674551574048,-0.04552823305130005,-0.34209734201431274,-0.070186336277402,-0.03948509693145752,-0.19002646207809448,-0.02406971038726624,-0.05058717727661133,-0.26665806770324707,-0.04863430628029164,-0.051179707050323486,-0.31096816062927246,-0.06357229941932019,-0.05049276351928711,-0.3526458740234375,-0.071415764032281,-0.005709230899810791,-0.1806233525276184,-0.03161869639006909,-0.0004044771194458008,-0.20716512203216553,-0.06329873645154294,-0.012014508247375488,-0.14125657081604004,-0.0654425665125018,-0.02445542812347412,-0.09005224704742432,-0.058351476429379545,0.026182115077972412,-0.15483146905899048,-0.04119002514926251,0.021003663539886475,-0.14181280136108398,-0.06691838496772107,0.0065749287605285645,-0.09149199724197388,-0.06773787432757672,-0.006323337554931641,-0.055469512939453125,-0.062488374052918516
R,-0.05332314968109131,-0.017117798328399658,-0.01627735325581625,-0.09588009119033813,-0.07022839784622192,-0.026118096872039587,-0.08352607488632202,-0.12135905027389526,-0.037132765142985136,-0.0470508337020874,-0.1449320912361145,-0.047315149544544965,-0.07919162511825562,-0.17201024293899536,-0.017917933850355894,-0.07425177097320557,-0.23774361610412598,-0.04189853274709776,-0.06573086977005005,-0.2829393148422241,-0.060529652028151304,-0.05738013982772827,-0.32471907138824463,-0.07334983625895575,-0.045385897159576416,-0.18143701553344727,-0.02519493454582289,-0.05806070566177368,-0.25979387760162354,-0.049596364586420805,-0.06092548370361328,-0.30791258811950684,-0.065297904400893,-0.0626072883605957,-0.3521662950515747,-0.07404197284466818,-0.01079416275024414,-0.17302048206329346,-0.034506435482569486,-0.01274484395980835,-0.20090919733047485,-0.06706542798764303,-0.024805724620819092,-0.13712716102600098,-0.07203853407389715,-0.03570914268493652,-0.08672857284545898,-0.06708141693360403,0.020562589168548584,-0.14893639087677002,-0.04529999101049498,0.011636197566986084,-0.13553386926651,-0.07107530066258505,-0.005463242530822754,-0.08697235584259033,-0.07278079816586569,-0.019572734832763672,-0.051980555057525635,-0.06852172592169836
R,-0.05441361665725708,-0.01560962200164795,-0.019322446040462182,-0.09551119804382324,-0.06699812412261963,-0.03048522812838428,-0.08748048543930054,-0.12220978736877441,-0.043175677261899637,-0.055104732513427734,-0.15383267402648926,-0.05471360912139289,-0.0802927017211914,-0.17589563131332397,-0.012485863133917974,-0.08338302373886108,-0.24565362930297852,-0.035285456530402826,-0.07750499248504639,-0.2946431040763855,-0.05217912649328582,-0.06976497173309326,-0.3388960659503937,-0.0634583332162606,-0.04897552728652954,-0.1844683289527893,-0.019502437166522668,-0.07056421041488647,-0.2719016671180725,-0.04323476036603324,-0.07550108432769775,-0.3202526867389679,-0.057480430654834436,-0.07759052515029907,-0.3642435669898987,-0.06450994541461341,-0.014904201030731201,-0.17476212978363037,-0.029718378983091043,-0.022678732872009277,-0.2245093584060669,-0.0667244516831147,-0.03165268898010254,-0.15575963258743286,-0.07106489171798103,-0.03879266977310181,-0.10003513097763062,-0.06341468771512382,0.019325554370880127,-0.14879661798477173,-0.04137301673705451,0.006200730800628662,-0.16075360774993896,-0.0725818597298371,-0.008818447589874268,-0.10781151056289673,-0.0742179699760186,-0.021196603775024414,-0.06517529487609863,-0.068217145703386
R,-0.058563172817230225,-0.017218828201293945,-0.020181421224833684,-0.09972470998764038,-0.07464271783828735,-0.03213688734626885,-0.08741861581802368,-0.13587981462478638,-0.04559179398870583,-0.05178862810134888,-0.16760611534118652,-0.0576259605929863,-0.08920693397521973,-0.1829056739807129,-0.014281564426482873,-0.08918893337249756,-0.25614723563194275,-0.03903654966211434,-0.08281397819519043,-0.30928516387939453,-0.05822746086573716,-0.07592135667800903,-0.35777121782302856,-0.0719873905525219,-0.05543798208236694,-0.19578814506530762,-0.022354535792828756,-0.07868558168411255,-0.28825509548187256,-0.04808023575401421,-0.0843120813369751,-0.3394136428833008,-0.06379964206075783,-0.08772581815719604,-0.3885326683521271,-0.07267158481931801,-0.018616795539855957,-0.18723064661026,-0.03367456797218438,-0.018457889556884766,-0.24377748370170593,-0.07150606814479943,-0.023965299129486084,-0.17174917459487915,-0.0745126083836567,-0.03031182289123535,-0.11384379863739014,-0.06669644269800301,0.019709765911102295,-0.16040337085723877,-0.04683299366092797,0.015893220901489258,-0.17511093616485596,-0.07861845943784829,0.0015903711318969727,-0.12340307235717773,-0.07989467683887597,-0.011943817138671875,-0.08258849382400513,-0.07435277852869149
R,-0.05892151594161987,-0.03139805793762207,-0.02509634175123665,-0.09584110975265503,-0.09660142660140991,-0.03970796965779755,-0.0735735297203064,-0.16081947088241577,-0.05505197846116516,-0.03286874294281006,-0.19731372594833374,-0.06835215889634583,-0.08388245105743408,-0.1998518705368042,-0.017411280207056734,-0.08064639568328857,-0.27752453088760376,-0.044535249255318377,-0.07284903526306152,-0.33429962396621704,-0.06596052252473328,-0.06397241353988647,-0.3864782452583313,-0.08156346135558579,-0.04724806547164917,-0.211166113615036,-0.0241286193651149,-0.06879830360412598,-0.30765092372894287,-0.05251403503837082,-0.07557255029678345,-0.35955119132995605,-0.07004965447606537,-0.07866835594177246,-0.40873682498931885,-0.0806091462892482,-0.007786870002746582,-0.19906747341156006,-0.034726828120369646,-0.0009580850601196289,-0.27375632524490356,-0.07678843640508148,-0.003486931324005127,-0.20088925957679749,-0.0792264153880069,-0.008662104606628418,-0.13928622007369995,-0.07030421101273987,0.03348773717880249,-0.1675841510295868,-0.0474857089740226,0.031886518001556396,-0.2036604881286621,-0.08323824011506531,0.02116715908050537,-0.15328815579414368,-0.08333670698823425,0.0106315016746521,-0.10926699638366699,-0.07611272834958527
R,-0.05017685890197754,-0.0350569486618042,-0.03045019437661267,-0.07515591382980347,-0.10706532001495361,-0.04511525039663411,-0.04488503932952881,-0.16902369260787964,-0.05949230794897176,-0.0036622285842895508,-0.19830849766731262,-0.07210412179222203,-0.062287867069244385,-0.2099316120147705,-0.019039317268038758,-0.055305421352386475,-0.29301178455352783,-0.04131545429220296,-0.044917285442352295,-0.3474765419960022,-0.05756372888674832,-0.03444868326187134,-0.3993624746799469,-0.07007588748922444,-0.025661051273345947,-0.2187928557395935,-0.02171233412911988,-0.04526388645172119,-0.316045343875885,-0.04630397562971211,-0.051394760608673096,-0.3674924373626709,-0.060177481967116364,-0.053838491439819336,-0.41857871413230896,-0.06802942161550618,0.01058351993560791,-0.20153400301933289,-0.02886253525605298,0.023466169834136963,-0.273195743560791,-0.07206185464849568,0.026185572147369385,-0.20435145497322083,-0.07857109909048177,0.025156617164611816,-0.14622849225997925,-0.0719353810428629,0.04559814929962158,-0.16384148597717285,-0.038435789990330704,0.056806743144989014,-0.19384339451789856,-0.08258271520128346,0.05646151304244995,-0.14389699697494507,-0.09198563103666402,0.055796921253204346,-0.10181921720504761,-0.08991257404079533
R,-0.05367976427078247,-0.027793943881988525,-0.028015595725605635,-0.08815431594848633,-0.09155929088592529,-0.044283575243184714,-0.0622255802154541,-0.147849440574646,-0.06044234601301923,-0.019375085830688477,-0.17200571298599243,-0.07518765223665014,-0.07378542423248291,-0.19325047731399536,-0.023121007582972197,-0.06865298748016357,-0.2686646580696106,-0.05079298359794393,-0.05503976345062256,-0.32343190908432007,-0.07140364391250387,-0.04047834873199463,-0.37337201833724976,-0.0859769348566033,-0.03941690921783447,-0.20209521055221558,-0.02806233135504499,-0.059214890003204346,-0.29244664311408997,-0.05651605022592321,-0.06540125608444214,-0.34261560440063477,-0.07271053535384908,-0.06739181280136108,-0.38975298404693604,-0.08207587046069875,-0.0034363269805908203,-0.18764722347259521,-0.03701439020676389,0.010006248950958252,-0.2458484172821045,-0.07705339682740941,0.0007085204124450684,-0.17739087343215942,-0.08066768837613836,-0.012205719947814941,-0.12204587459564209,-0.07357384157819524,0.03323674201965332,-0.15318065881729126,-0.04863917348427549,0.03844594955444336,-0.17105531692504883,-0.08290663999957815,0.023451030254364014,-0.11932283639907837,-0.08537695450229421,0.00615239143371582,-0.07940560579299927,-0.08070795876426473
R,-0.05603742599487305,-0.017984390258789062,-0.020062875324526885,-0.09756726026535034,-0.07740873098373413,-0.030414145761767486,-0.0801771879196167,-0.13293856382369995,-0.04145337859694109,-0.04127073287963867,-0.158175528049469,-0.05100919152204142,-0.08191162347793579,-0.18157267570495605,-0.01679264041189299,-0.07648104429244995,-0.25337642431259155,-0.04041397790018664,-0.06793051958084106,-0.30347615480422974,-0.059164906242529014,-0.059333205223083496,-0.3499017357826233,-0.07311332816783533,-0.048137545585632324,-0.1904357671737671,-0.02331489915553675,-0.0643085241317749,-0.27624744176864624,-0.048789846101442436,-0.06949687004089355,-0.32571059465408325,-0.0659989252180253,-0.07349544763565063,-0.3730390667915344,-0.0766248687595521,-0.012575209140777588,-0.17992913722991943,-0.0323847926646863,-0.00511246919631958,-0.23097872734069824,-0.068793719956318,-0.013906002044677734,-0.15714550018310547,-0.07225813562575922,-0.025492489337921143,-0.09921956062316895,-0.06559654171172724,0.022279798984527588,-0.15294313430786133,-0.04326556841436968,0.021566808223724365,-0.1563517451286316,-0.07564627970162974,0.00776064395904541,-0.10071265697479248,-0.07822310770455942,-0.006526291370391846,-0.059579432010650635,-0.07349593038264857
S,-0.05549967288970947,-0.026943624019622803,-0.019432176559291747,-0.10254418849945068,-0.08352375030517578,-0.028923104240618613,-0.0948106050491333,-0.14978858828544617,-0.039404651804886726,-0.04961425065994263,-0.1773945689201355,-0.04423507182212916,-0.08052176237106323,-0.16377705335617065,0.003060394941769573,-0.09434479475021362,-0.20506617426872253,-0.027827781348548797,-0.08507466316223145,-0.14724084734916687,-0.04236770673009005,-0.0757032036781311,-0.13799592852592468,-0.048760450168572333,-0.04257631301879883,-0.17351970076560974,-0.0005839401418938905,-0.05494999885559082,-0.2196313738822937,-0.03213721765490618,-0.050598323345184326,-0.14748969674110413,-0.033495987488947776,-0.04229414463043213,-0.14342564344406128,-0.0251657224288806,-0.005427241325378418,-0.17141669988632202,-0.011178490429244903,-0.012818098068237305,-0.20982202887535095,-0.041295631512127784,-0.014686763286590576,-0.1413077712059021,-0.027970787792526153,-0.007628202438354492,-0.13610920310020447,-0.009412903993450072,0.03515505790710449,-0.16241395473480225,-0.02444494953664389,0.02446836233139038,-0.1933068335056305,-0.03621081142040339,0.016925811767578125,-0.14675873517990112,-0.023192197739206222,0.02069234848022461,-0.13639691472053528,-0.008832413426659969
S,-0.061292052268981934,-0.02560269832611084,-0.02462007385346965,-0.11232852935791016,-0.1016903817653656,-0.03534491081390456,-0.09820711612701416,-0.18506696820259094,-0.04698355217132644,-0.04174196720123291,-0.21442821621894836,-0.05260601360950545,-0.09300452470779419,-0.18802732229232788,0.003273658914082489,-0.09901028871536255,-0.2370227575302124,-0.03529993538413123,-0.08910155296325684,-0.16963177919387817,-0.05535904784355239,-0.08272033929824829,-0.1503077745437622,-0.06426927541050986,-0.04995828866958618,-0.19812467694282532,-0.0010495800584919834,-0.055778443813323975,-0.25791582465171814,-0.039643303497172155,-0.05065959692001343,-0.17571213841438293,-0.04498970602307395,-0.048066794872283936,-0.16434356570243835,-0.03781543393287734,-0.007104158401489258,-0.19576150178909302,-0.013640301308072367,-0.00874185562133789,-0.251217782497406,-0.05113349203620032,-0.010582268238067627,-0.16885006427764893,-0.03783839289698676,-0.011512458324432373,-0.1539587676525116,-0.01744875033054427,0.038222312927246094,-0.18392112851142883,-0.02940260898921565,0.030905067920684814,-0.22244146466255188,-0.046519906266070166,0.02488851547241211,-0.16540738940238953,-0.03296069894585685,0.02444744110107422,-0.14822110533714294,-0.01712398324761466
S,-0.05991995334625244,-0.03830355405807495,-0.024822632562518265,-0.10792702436447144,-0.11721330881118774,-0.03614611436069026,-0.08797532320022583,-0.19677850604057312,-0.049119352143407014,-0.031386733055114746,-0.2252698540687561,-0.05594894547402873,-0.08751493692398071,-0.2090742290019989,0.006716242745369527,-0.09473186731338501,-0.25908589363098145,-0.030724609982371476,-0.08551698923110962,-0.1850041151046753,-0.04951266829311862,-0.07979488372802734,-0.1667497456073761,-0.05804123986899867,-0.043242573738098145,-0.21801656484603882,0.0012604686066879367,-0.04875457286834717,-0.27900052070617676,-0.03739395622551456,-0.04448741674423218,-0.19150492548942566,-0.04203738902151599,-0.04047328233718872,-0.1821703016757965,-0.0339213933461906,0.001789867877960205,-0.21214017271995544,-0.012766902115345147,0.0018853545188903809,-0.26440659165382385,-0.05183801312387004,-0.001338183879852295,-0.1781884729862213,-0.03774525855124011,-0.0011039972305297852,-0.16696730256080627,-0.01629889268815532,0.04928082227706909,-0.19444048404693604,-0.030017542433142808,0.04412132501602173,-0.23615849018096924,-0.04787814874589458,0.03654754161834717,-0.17520034313201904,-0.032486132126450684,0.03631323575973511,-0.15866896510124207,-0.014933638986349251
S,-0.059086620807647705,-0.03117692470550537,-0.023863513877074638,-0.10955345630645752,-0.09869539737701416,-0.03542845781652204,-0.09306126832962036,-0.17446881532669067,-0.047818393369595924,-0.0366595983505249,-0.19874265789985657,-0.05415849473087064,-0.08960247039794922,-0.18839266896247864,0.0012609761511725992,-0.09789007902145386,-0.2393309473991394,-0.03237708743421308,-0.08653008937835693,-0.16920775175094604,-0.04899252664057485,-0.0793759822845459,-0.15322959423065186,-0.057302378972451606,-0.046243906021118164,-0.19705480337142944,-0.002673659629579106,-0.05355745553970337,-0.25438395142555237,-0.037320514132659355,-0.048259735107421875,-0.17006587982177734,-0.039305751135032096,-0.04359149932861328,-0.16052651405334473,-0.031048974876682678,-0.0041501522064208984,-0.19084247946739197,-0.014313066301326671,-0.005281209945678711,-0.2404276728630066,-0.04842088829485647,-0.007458031177520752,-0.15956562757492065,-0.03391456316916219,-0.005399167537689209,-0.14795571565628052,-0.014019338337163845,0.04045480489730835,-0.17444223165512085,-0.029050157328526893,0.03345656394958496,-0.2111530303955078,-0.04464272867647878,0.026612401008605957,-0.15520846843719482,-0.030666298156063476,0.027523696422576904,-0.13991105556488037,-0.015249499042909065
S,-0.0623927116394043,-0.02820950746536255,-0.018754576727928907,-0.11511021852493286,-0.09213876724243164,-0.028377156168403417,-0.10556477308273315,-0.16404783725738525,-0.039509707525553495,-0.05536389350891113,-0.18787884712219238,-0.045535114988865644,-0.09400653839111328,-0.17476749420166016,0.0021408517619647682,-0.10669243335723877,-0.22366076707839966,-0.030478538409056455,-0.097073495388031,-0.16210544109344482,-0.04643265290576437,-0.08953696489334106,-0.14512181282043457,-0.05360143019277075,-0.05280643701553345,-0.18600088357925415,-0.00398157250526765,-0.06309407949447632,-0.23777788877487183,-0.03678595779854277,-0.05706900358200073,-0.16157197952270508,-0.038585265562119275,-0.05062621831893921,-0.15178287029266357,-0.030353228956641942,-0.011939585208892822,-0.1837746500968933,-0.017119537502708226,-0.017740905284881592,-0.2269512414932251,-0.04835695533472517,-0.01784539222717285,-0.15422683954238892,-0.03440740092116812,-0.014505982398986816,-0.14500296115875244,-0.015614034071745664,0.031197428703308105,-0.17172598838806152,-0.03297072036582449,0.020233750343322754,-0.20385533571243286,-0.04624198882299879,0.015706956386566162,-0.15265649557113647,-0.031947599187674314,0.017886996269226074,-0.13856291770935059,-0.016718156099500447
S,-0.057422637939453125,-0.02185678482055664,-0.01598155684609992,-0.1114124059677124,-0.07861083745956421,-0.024493042378026075,-0.11344164609909058,-0.14634180068969727,-0.03494627587338073,-0.07055652141571045,-0.17746293544769287,-0.04038297571082694,-0.08994489908218384,-0.166124165058136,0.004377969076585941,-0.11311769485473633,-0.20553463697433472,-0.024987602604824133,-0.10110205411911011,-0.14516830444335938,-0.03736333362598998,-0.08769148588180542,-0.1344727873802185,-0.04234871454377753,-0.05401909351348877,-0.17913615703582764,-0.0018900668931109976,-0.07551229000091553,-0.22270023822784424,-0.03243482671518905,-0.06700795888900757,-0.14851820468902588,-0.031646603716808386,-0.05361533164978027,-0.1433238387107849,-0.021520895881849356,-0.016981780529022217,-0.1788920760154724,-0.01476466934968812,-0.03561890125274658,-0.2140294909477234,-0.04529426432986838,-0.0315510630607605,-0.14063489437103271,-0.03054631315012557,-0.019259989261627197,-0.13495218753814697,-0.010895352809029646,0.023681342601776123,-0.17100858688354492,-0.029930604620176382,0.0010660290718078613,-0.1939806342124939,-0.043655203653770513,-0.001214444637298584,-0.14317762851715088,-0.030438199637728758,0.008299827575683594,-0.1333777904510498,-0.015631303189593382
S,-0.059836387634277344,-0.02535092830657959,-0.016796399050008404,-0.11155980825424194,-0.07988959550857544,-0.02865694291199361,-0.11384415626525879,-0.15137001872062683,-0.04317688956166421,-0.07127439975738525,-0.19180306792259216,-0.05315710990930711,-0.0950813889503479,-0.1652435064315796,0.0038033098423966294,-0.1155208945274353,-0.21657419204711914,-0.03075541570092355,-0.10479837656021118,-0.1535702645778656,-0.04671821012402688,-0.093284010887146,-0.13211184740066528,-0.05244715898538743,-0.057074129581451416,-0.1784380078315735,-0.003498584174167263,-0.07709962129592896,-0.23458737134933472,-0.038014952235471355,-0.06860393285751343,-0.1589602530002594,-0.040177147977601635,-0.05628150701522827,-0.1436261236667633,-0.0310740360548607,-0.017209172248840332,-0.17958852648735046,-0.017669905119191753,-0.03635811805725098,-0.22822031378746033,-0.05220307051445161,-0.03195643424987793,-0.1502160131931305,-0.038147565119516,-0.021202921867370605,-0.13257268071174622,-0.017480623119126903,0.0271761417388916,-0.17234230041503906,-0.03388628005291139,0.001798868179321289,-0.20419800281524658,-0.04984004809762155,-0.0006077289581298828,-0.1494406759738922,-0.035708334439050304,0.0077478885650634766,-0.13062214851379395,-0.019358290501486408
S,-0.06544888019561768,-0.02541765570640564,-0.019731441428092467,-0.11796718835830688,-0.09099078178405762,-0.029660947536257254,-0.11676019430160522,-0.17362675070762634,-0.041938962330249296,-0.07215583324432373,-0.21504339575767517,-0.04926154940309857,-0.1033627986907959,-0.17250877618789673,0.009096779945167555,-0.11818671226501465,-0.226821631193161,-0.02755507632079457,-0.10530751943588257,-0.16590416431427002,-0.04794231234970425,-0.093647301197052,-0.13926586508750916,-0.05641305996957158,-0.06410396099090576,-0.18632718920707703,0.0031748065639760625,-0.07740563154220581,-0.24906191229820251,-0.03279841124000882,-0.0689464807510376,-0.17333751916885376,-0.039789317091134535,-0.06049168109893799,-0.15478545427322388,-0.034068697978881346,-0.02358698844909668,-0.18781116604804993,-0.010377686386135565,-0.03391498327255249,-0.2466287910938263,-0.04596642955127095,-0.031833529472351074,-0.16700682044029236,-0.03447524635973309,-0.026032209396362305,-0.14426621794700623,-0.015282294628349291,0.02080172300338745,-0.1800329089164734,-0.026503687639859663,0.005142509937286377,-0.2191655933856964,-0.04273646130147313,0.0017697811126708984,-0.16553398966789246,-0.029843877916363226,0.006291687488555908,-0.14604035019874573,-0.014372127977338778
S,-0.0629507303237915,-0.032393813133239746,-0.021281751081716038,-0.1060481071472168,-0.11233741044998169,-0.03091118505633972,-0.08599072694778442,-0.19227391481399536,-0.04257996773756645,-0.03669106960296631,-0.2158789038658142,-0.04950521907247207,-0.09574705362319946,-0.1733347624540329,0.003988923295963787,-0.10788309574127197,-0.23328250646591187,-0.03276040425933502,-0.09341305494308472,-0.17611826956272125,-0.05328131488002441,-0.08198916912078857,-0.14895203709602356,-0.0614973457757344,-0.057250022888183594,-0.18545782566070557,0.00010291323471278702,-0.06090289354324341,-0.2503464072942734,-0.034287456632029034,-0.053331077098846436,-0.17875127494335175,-0.040487006515633084,-0.049698054790496826,-0.15954267978668213,-0.034798331767689206,-0.0170900821685791,-0.18600384891033173,-0.011224981606375195,-0.014967799186706543,-0.2442288100719452,-0.04518736919797561,-0.01562798023223877,-0.16833867132663727,-0.03542574515975616,-0.015717387199401855,-0.143458753824234,-0.01795063002444408,0.02585667371749878,-0.1769915074110031,-0.025349926412474133,0.024759113788604736,-0.2260434925556183,-0.04136681205071113,0.019758641719818115,-0.17334964871406555,-0.02945818400419853,0.018658220767974854,-0.14565566182136536,-0.01489319393820665
S,-0.054304659366607666,-0.03313139081001282,-0.020051483265831394,-0.09487205743789673,-0.10102725028991699,-0.029963078178241176,-0.08082741498947144,-0.17648562788963318,-0.04202617724962465,-0.03435409069061279,-0.20805004239082336,-0.04925881718821756,-0.08407348394393921,-0.17709213495254517,0.008304322868809777,-0.0900270938873291,-0.22798728942871094,-0.026721222527100963,-0.08260971307754517,-0.1672241985797882,-0.045328900418951434,-0.0752595067024231,-0.142289400100708,-0.05238953625388376,-0.047317326068878174,-0.1860295534133911,0.0035399911312765653,-0.04949820041656494,-0.24573835730552673,-0.031157437912895602,-0.04608386754989624,-0.17091670632362366,-0.03664196302719347,-0.04241514205932617,-0.1517893671989441,-0.02971006391175024,-0.009357750415802002,-0.18368133902549744,-0.008635232426001949,-0.008070051670074463,-0.23821602761745453,-0.0441751258594536,-0.010018408298492432,-0.15942490100860596,-0.03359701132006876,-0.0101165771484375,-0.13425952196121216,-0.014633892304971141,0.030995845794677734,-0.17007815837860107,-0.02319337447710268,0.02663058042526245,-0.21477928757667542,-0.03974432145781748,0.020056307315826416,-0.1605936586856842,-0.026875380627586765,0.017699122428894043,-0.13534283638000488,-0.010994779146983547
S,-0.04933446645736694,-0.026911139488220215,-0.015650568154939037,-0.08781349658966064,-0.08619964122772217,-0.023257005584724766,-0.07465916872024536,-0.15033018589019775,-0.03279283605266414,-0.03506302833557129,-0.17441105842590332,-0.03863472826529346,-0.07530176639556885,-0.1475769579410553,0.004120392168573517,-0.08447200059890747,-0.19418495893478394,-0.02428143806506,-0.0728026032447815,-0.14416518807411194,-0.03954383693385921,-0.06573426723480225,-0.1246819794178009,-0.04613647944975696,-0.04197835922241211,-0.1566542088985443,-0.0004997652464737712,-0.048367440700531006,-0.20749694108963013,-0.027807423469909054,-0.041308820247650146,-0.14571377635002136,-0.03140982202936016,-0.038764357566833496,-0.13158854842185974,-0.026142511141785008,-0.008371412754058838,-0.15577220916748047,-0.011011578698941094,-0.011441230773925781,-0.2008601427078247,-0.038613307846077305,-0.00966644287109375,-0.13664090633392334,-0.02837007269013725,-0.008799254894256592,-0.11947184801101685,-0.013013522696979862,0.02752596139907837,-0.14604628086090088,-0.02358067743230663,0.02086275815963745,-0.18204396963119507,-0.03642172328878246,0.01802051067352295,-0.13665008544921875,-0.02512326799083553,0.019082725048065186,-0.11889901757240295,-0.012396962006874901
S,-0.04509139060974121,-0.030368030071258545,-0.01437261678418622,-0.08060389757156372,-0.08803057670593262,-0.021246110798330164,-0.06385070085525513,-0.13827311992645264,-0.03002028890094266,-0.024744391441345215,-0.15238845348358154,-0.03513638466736779,-0.06848406791687012,-0.14807027578353882,0.004392258113711023,-0.07319468259811401,-0.18800568580627441,-0.02337205946585641,-0.06576049327850342,-0.13873696327209473,-0.038469476403207636,-0.061223745346069336,-0.11802750825881958,-0.0449172572805594,-0.03502154350280762,-0.15182316303253174,-0.0011496200566227799,-0.03702664375305176,-0.19632405042648315,-0.028779953496069766,-0.0339394211769104,-0.13765370845794678,-0.03413028061530099,-0.03221637010574341,-0.12399458885192871,-0.0298511309190701,-0.0019431114196777344,-0.1461944580078125,-0.012315572948665476,-0.0007848739624023438,-0.1829453706741333,-0.03729451239249215,-0.0023946166038513184,-0.12773054838180542,-0.029048675449104167,-0.003766775131225586,-0.11754530668258667,-0.015907114149541712,0.031118929386138916,-0.1318870186805725,-0.02562146984180913,0.028518259525299072,-0.1608487367630005,-0.035102033765525675,0.02398836612701416,-0.12181693315505981,-0.02411041014036641,0.023593127727508545,-0.11004972457885742,-0.012464436480314589
S,-0.04242914915084839,-0.033716022968292236,-0.014380304148033929,-0.07725989818572998,-0.08183139562606812,-0.023445208562151265,-0.06632423400878906,-0.12893539667129517,-0.03354062419904835,-0.02641165256500244,-0.1432163119316101,-0.04005981516613133,-0.05110132694244385,-0.1436365842819214,-0.0012789293011508107,-0.06775486469268799,-0.17872291803359985,-0.025413137865797353,-0.06948375701904297,-0.13461929559707642,-0.03704114165677197,-0.05863142013549805,-0.12290209531784058,-0.04235843476428158,-0.020581305027008057,-0.14783895015716553,-0.005910736979529929,-0.03165096044540405,-0.1891801953315735,-0.030965563846365285,-0.03776746988296509,-0.13823938369750977,-0.032455763784781766,-0.02686929702758789,-0.1268438696861267,-0.026272199121848416,0.009030938148498535,-0.14127743244171143,-0.015599497599140477,0.0037100911140441895,-0.17837470769882202,-0.03852836322559483,-0.006717085838317871,-0.13037723302841187,-0.028552862820760083,0.00022232532501220703,-0.12011384963989258,-0.014743478973940682,0.040925443172454834,-0.12468641996383667,-0.027472131890789342,0.031688570976257324,-0.15463382005691528,-0.037437613127366376,0.020160019397735596,-0.12225145101547241,-0.027941781101361585,0.023401200771331787,-0.10928666591644287,-0.017289501620069814
S,-0.046775102615356445,-0.019802629947662354,-0.016341792205935235,-0.09117954969406128,-0.06659883260726929,-0.026140423277979608,-0.09268510341644287,-0.12074202299118042,-0.03704219848907542,-0.05642366409301758,-0.14459794759750366,-0.04322343857086253,-0.0732426643371582,-0.15439921617507935,0.0025119324953948308,-0.08933669328689575,-0.18166899681091309,-0.02480374627805304,-0.08163219690322876,-0.12669086456298828,-0.03743468389905047,-0.07346081733703613,-0.11465442180633545,-0.04274088681734156,-0.03983515501022339,-0.16279399394989014,-0.002778595332642908,-0.056592583656311035,-0.19423699378967285,-0.030943605835204835,-0.0515362024307251,-0.13019776344299316,-0.0319746264914329,-0.041880249977111816,-0.12290531396865845,-0.02419828974700522,-0.0057866573333740234,-0.158954918384552,-0.014168074140911813,-0.021794497966766357,-0.18633341789245605,-0.04100676790869784,-0.0196039080619812,-0.12349426746368408,-0.028357935855751748,-0.010931670665740967,-0.11810117959976196,-0.011770666363304372,0.03102213144302368,-0.146501362323761,-0.027820376465683694,0.009628653526306152,-0.1583794355392456,-0.04014905334508967,0.007427394390106201,-0.11583936214447021,-0.029265574897294755,0.014955341815948486,-0.11152344942092896,-0.016912445212369676
S,-0.05373811721801758,-0.02711242437362671,-0.015362277153485593,-0.09508424997329712,-0.08295172452926636,-0.02377274305706578,-0.09200805425643921,-0.1497742235660553,-0.034719655748062905,-0.056362688541412354,-0.1813746988773346,-0.041524665888005075,-0.0840873122215271,-0.15193834900856018,0.009139582056945983,-0.09713888168334961,-0.1999293863773346,-0.021167580496125993,-0.08537054061889648,-0.14920833706855774,-0.037908522869997796,-0.07625287771224976,-0.1268465220928192,-0.04447310277407723,-0.05054277181625366,-0.16278362274169922,0.0038441638540689382,-0.06122034788131714,-0.21559202671051025,-0.02524343178754407,-0.0528528094291687,-0.15266519784927368,-0.030079791780167398,-0.046223580837249756,-0.13477715849876404,-0.02445689448302346,-0.015702247619628906,-0.16351908445358276,-0.0078162425119217,-0.023218631744384766,-0.21169239282608032,-0.036738513495379266,-0.02009761333465576,-0.14540961384773254,-0.02664019213204938,-0.015684962272644043,-0.12317150831222534,-0.01008153286909419,0.022200047969818115,-0.15570318698883057,-0.021606732617669877,0.011504173278808594,-0.1939142644405365,-0.03434189641063767,0.008120596408843994,-0.14808377623558044,-0.022674302097016152,0.009605705738067627,-0.1263960301876068,-0.008918858591073331
T,-0.06627678871154785,-0.032012224197387695,-0.01745654625875659,-0.10561150312423706,-0.126720130443573,-0.024373916742035817,-0.102802574634552,-0.20978468656539917,-0.03288560530228324,-0.0910002589225769,-0.280229389667511,-0.03766901960653968,-0.1069595217704773,-0.199521005153656,-0.00024823041923127676,-0.13296043872833252,-0.24204319715499878,-0.03747816180867858,-0.11179381608963013,-0.20573589205741882,-0.06171311235112853,-0.08927828073501587,-0.15392979979515076,-0.07002017816586203,-0.06294494867324829,-0.2259298861026764,-0.0025780115468592157,-0.0653146505355835,-0.21903318166732788,-0.04095460271520324,-0.053513288497924805,-0.14636370539665222,-0.05361055007261939,-0.05052351951599121,-0.08974263072013855,-0.051548832860419225,-0.016756951808929443,-0.2292860448360443,-0.010953892786631059,-0.019820034503936768,-0.19878387451171875,-0.04565740918798156,-0.016851186752319336,-0.1196390688419342,-0.04142522236389823,-0.020149588584899902,-0.06822550296783447,-0.027845058423110913,0.02754741907119751,-0.21799170970916748,-0.0215226223884315,0.019260942935943604,-0.1941523551940918,-0.04098339548392005,0.01600337028503418,-0.13390332460403442,-0.03361983766836829,0.012065529823303223,-0.10081994533538818,-0.020533824172446202
T,-0.05493509769439697,-0.02422046661376953,-0.019781468493874854,-0.08896458148956299,-0.10260415077209473,-0.028348865045245475,-0.08616399765014648,-0.1747651994228363,-0.03733169479482967,-0.0767621397972107,-0.23614847660064697,-0.04256095556729633,-0.09500241279602051,-0.17061996459960938,-0.0061819581892450515,-0.11743497848510742,-0.2079320251941681,-0.04091562522762615,-0.0977860689163208,-0.17298004031181335,-0.0634076912533601,-0.07800620794296265,-0.12912830710411072,-0.07164336187952358,-0.05488044023513794,-0.19469141960144043,-0.007057786976929492,-0.057512879371643066,-0.1878378689289093,-0.04252410127037365,-0.0479586124420166,-0.12106621265411377,-0.053460450900729484,-0.04549175500869751,-0.07127588987350464,-0.051487462652858085,-0.014101803302764893,-0.19669684767723083,-0.013643745390709228,-0.016168713569641113,-0.16670915484428406,-0.04556324152463276,-0.014334678649902344,-0.09546434879302979,-0.041398352069791144,-0.018299460411071777,-0.05047941207885742,-0.029188290296133346,0.024060726165771484,-0.1850098967552185,-0.022632246894772834,0.019426822662353516,-0.15747204422950745,-0.04001745028608639,0.015295207500457764,-0.10469812154769897,-0.03332519723289806,0.009591877460479736,-0.07663613557815552,-0.02187164133601982
T,-0.06111663579940796,-0.021880805492401123,-0.015083644023718534,-0.101593017578125,-0.1026909351348877,-0.022425615644635855,-0.10331827402114868,-0.1813877820968628,-0.03135920450705498,-0.09602153301239014,-0.24766755104064941,-0.03677034512776345,-0.09924787282943726,-0.1861710250377655,-0.003003966479184328,-0.13383471965789795,-0.21999508142471313,-0.03630729154366463,-0.12096953392028809,-0.17796504497528076,-0.05730919674653023,-0.10389602184295654,-0.12950021028518677,-0.06461617857831925,-0.06057906150817871,-0.21060588955879211,-0.006428488946141897,-0.07985633611679077,-0.19141322374343872,-0.039585044092120825,-0.07145780324935913,-0.12166434526443481,-0.04987986520546883,-0.06675946712493896,-0.07121598720550537,-0.04799259588736504,-0.02015674114227295,-0.21088960766792297,-0.01510276221353024,-0.038189053535461426,-0.1669420599937439,-0.044968878334941564,-0.034941136837005615,-0.09428101778030396,-0.04107733578103989,-0.03465002775192261,-0.04912996292114258,-0.02947528795021981,0.017758727073669434,-0.1962885856628418,-0.025943055233540235,-0.0006425380706787109,-0.16053825616836548,-0.04265607655662507,-0.004347264766693115,-0.10465222597122192,-0.03667854652422875,-0.0066471099853515625,-0.07364636659622192,-0.025741502127232252
T,-0.06258875131607056,-0.021634817123413086,-0.014110314698541515,-0.1077318787574768,-0.09646850824356079,-0.02146366987528836,-0.11105287075042725,-0.17291885614395142,-0.030139613935375564,-0.10397815704345703,-0.23817020654678345,-0.03530370447936093,-0.10332924127578735,-0.20013809204101562,-0.0040039928086343934,-0.13550060987472534,-0.20440185070037842,-0.03563289348187482,-0.12522059679031372,-0.15305763483047485,-0.056185592004680984,-0.11259770393371582,-0.10877954959869385,-0.06483449790778195,-0.06656688451766968,-0.2221018671989441,-0.008735571095371597,-0.08515280485153198,-0.1690635085105896,-0.03978427503409421,-0.0783420205116272,-0.09571874141693115,-0.050162121692324035,-0.07319438457489014,-0.05019301176071167,-0.04992052916588818,-0.02693861722946167,-0.21655845642089844,-0.01840592738392388,-0.044175803661346436,-0.14514118432998657,-0.04504733536543881,-0.041435062885284424,-0.07673901319503784,-0.04096781838836705,-0.04025077819824219,-0.042011559009552,-0.03125397864880597,0.010118484497070312,-0.19508320093154907,-0.030518882015371673,-0.007505238056182861,-0.1343432068824768,-0.045304305890226715,-0.008693218231201172,-0.08389997482299805,-0.04053597528638875,-0.008090436458587646,-0.06468945741653442,-0.03156798709335362
T,-0.04857701063156128,-0.01095491647720337,-0.026683992477160245,-0.08653545379638672,-0.07804828882217407,-0.03674422460983351,-0.08443880081176758,-0.14694875478744507,-0.04472718271802023,-0.06383562088012695,-0.197191059589386,-0.046397841306429655,-0.08806115388870239,-0.1661214828491211,-0.014831915268700868,-0.10687929391860962,-0.18086880445480347,-0.05097577977369383,-0.08696430921554565,-0.13092714548110962,-0.07070218655655935,-0.07326257228851318,-0.09962087869644165,-0.07911892864296988,-0.05060863494873047,-0.19307708740234375,-0.013013320745926649,-0.047829508781433105,-0.15261071920394897,-0.0493424411434944,-0.04094117879867554,-0.08031249046325684,-0.05634326371739462,-0.04470282793045044,-0.05771791934967041,-0.05294886860440329,-0.012601673603057861,-0.19103479385375977,-0.01778032887170866,-0.007181346416473389,-0.12703770399093628,-0.050630046756964475,-0.011115729808807373,-0.062026023864746094,-0.044674592794876844,-0.02072244882583618,-0.051916658878326416,-0.033265354814034254,0.02198934555053711,-0.17469215393066406,-0.026015733139615804,0.02577441930770874,-0.11202675104141235,-0.04680032539556578,0.01928931474685669,-0.06677865982055664,-0.04470751318524435,0.009565889835357666,-0.0655665397644043,-0.03737055766771391
T,-0.05660146474838257,-0.02483820915222168,-0.020845340872483575,-0.08688348531723022,-0.11011689901351929,-0.02823182226188692,-0.07810086011886597,-0.18292611837387085,-0.03518840515084776,-0.06501889228820801,-0.24029844999313354,-0.03869357922144445,-0.08850210905075073,-0.1592814326286316,-0.010713630663531148,-0.10278767347335815,-0.20208364725112915,-0.0426370113439134,-0.08084666728973389,-0.1723279356956482,-0.06224489429064306,-0.06277328729629517,-0.13257694244384766,-0.06926696592040571,-0.04747271537780762,-0.17903026938438416,-0.010352811152415597,-0.04124993085861206,-0.1850137710571289,-0.044808810884433115,-0.032903194427490234,-0.11943602561950684,-0.05472062000103506,-0.0347747802734375,-0.06933307647705078,-0.052529441500382745,-0.007101476192474365,-0.18074998259544373,-0.015264683710711324,-0.0012878179550170898,-0.1636475920677185,-0.04654175260134252,-0.0025982260704040527,-0.09436321258544922,-0.043100113356786096,-0.011454105377197266,-0.05114853382110596,-0.032059556180911386,0.028744518756866455,-0.1715245544910431,-0.02232766368456396,0.03183537721633911,-0.15375539660453796,-0.03994738900132688,0.026503682136535645,-0.10269010066986084,-0.0344386904782823,0.018277764320373535,-0.0765601396560669,-0.02452020564146551
T,-0.05798894166946411,-0.02430015802383423,-0.02143113237340799,-0.09122675657272339,-0.115083247423172,-0.03037121255417219,-0.08507460355758667,-0.1968773901462555,-0.03937515352387777,-0.07752025127410889,-0.2609606385231018,-0.04442254562397352,-0.09638673067092896,-0.16866078972816467,-0.010219263066545636,-0.11323684453964233,-0.22862833738327026,-0.04749960933347097,-0.09154355525970459,-0.199497252702713,-0.06831837926526418,-0.07205891609191895,-0.15722432732582092,-0.07414539639373174,-0.05218547582626343,-0.18429595232009888,-0.011405439269736917,-0.050483107566833496,-0.21943506598472595,-0.05336518321652761,-0.03961646556854248,-0.14889460802078247,-0.0634999621333634,-0.03971076011657715,-0.09364745020866394,-0.058381808144048364,-0.008680939674377441,-0.18613940477371216,-0.018358490583494813,-0.007404804229736328,-0.19837206602096558,-0.05928507183213583,-0.0048656463623046875,-0.11634582281112671,-0.05369609330315939,-0.012094259262084961,-0.06256771087646484,-0.03714595098514906,0.031632065773010254,-0.17911961674690247,-0.026839078557685525,0.029194891452789307,-0.18963012099266052,-0.051082627070144326,0.02615147829055786,-0.12891227006912231,-0.04265058149118772,0.018781304359436035,-0.09135797619819641,-0.02812804576475969
T,-0.06395691633224487,-0.019266724586486816,-0.023418884457839795,-0.10908782482147217,-0.12064942717552185,-0.032764648752106496,-0.10686451196670532,-0.21186742186546326,-0.04278102304209597,-0.09542262554168701,-0.2811444252729416,-0.04821539829839594,-0.11047810316085815,-0.18027907609939575,-0.007729000145388909,-0.13612133264541626,-0.24805204570293427,-0.05171698118914492,-0.11561614274978638,-0.2136896252632141,-0.0768237986730469,-0.09180301427841187,-0.16241979598999023,-0.08417832638491518,-0.0645824670791626,-0.19798123836517334,-0.009723152698768445,-0.07317692041397095,-0.23984763026237488,-0.05920214365590937,-0.060346007347106934,-0.16075965762138367,-0.07088141675461657,-0.05412060022354126,-0.09872883558273315,-0.06444208111037142,-0.01783806085586548,-0.20032528042793274,-0.018901359023345776,-0.024910569190979004,-0.2203902006149292,-0.06511048759688265,-0.0201871395111084,-0.12768974900245667,-0.0575187520252598,-0.02309107780456543,-0.06788915395736694,-0.03764613504876024,0.02748173475265503,-0.1938926875591278,-0.03006598512996561,0.016275107860565186,-0.20725372433662415,-0.05738224248756296,0.014526426792144775,-0.13972267508506775,-0.048226305948389836,0.011200487613677979,-0.10064002871513367,-0.032003698604000874
T,-0.06677377223968506,-0.037453532218933105,-0.014812597461144605,-0.10635215044021606,-0.13584142923355103,-0.02353688461343495,-0.1039239764213562,-0.2268925905227661,-0.034682565756241956,-0.09427601099014282,-0.3014335185289383,-0.04338915032903401,-0.11363112926483154,-0.18913331627845764,-0.0027184504234298856,-0.13483047485351562,-0.2525041103363037,-0.04173690957586018,-0.1103253960609436,-0.23244401812553406,-0.06829546151320187,-0.08501219749450684,-0.18979771435260773,-0.07852574197212903,-0.06556802988052368,-0.203474223613739,-0.009298349186877886,-0.06882482767105103,-0.25682929158210754,-0.051304744012753645,-0.054579734802246094,-0.18677029013633728,-0.06513038036982266,-0.0478169322013855,-0.11684828996658325,-0.06266844777027814,-0.01644653081893921,-0.20618686079978943,-0.021424499727885404,-0.016202986240386963,-0.23074403405189514,-0.06087393073002545,-0.010797381401062012,-0.14887604117393494,-0.0559154352323219,-0.011459052562713623,-0.08576992154121399,-0.04006611687700001,0.0318913459777832,-0.19921331107616425,-0.03489891199032513,0.025619566440582275,-0.22497467696666718,-0.05678405744592396,0.022961437702178955,-0.16092711687088013,-0.04618895185748784,0.020382046699523926,-0.11443564295768738,-0.030798427216808477
T,-0.06225144863128662,-0.03563421964645386,-0.022897023927043847,-0.09503906965255737,-0.13396623730659485,-0.031947259079288415,-0.08791226148605347,-0.22169843316078186,-0.04142244927174943,-0.07636445760726929,-0.2902897000312805,-0.0467633346427192,-0.09536939859390259,-0.19278201460838318,-0.0069882285181392945,-0.10655152797698975,-0.251418799161911,-0.046638660352300576,-0.08416664600372314,-0.22453320026397705,-0.0700419435609092,-0.06569129228591919,-0.1816275715827942,-0.0777883345592727,-0.04686945676803589,-0.20602789521217346,-0.00898407794124978,-0.04396277666091919,-0.24462956190109253,-0.05473239369280236,-0.03434300422668457,-0.16920655965805054,-0.06681915767080682,-0.033032238483428955,-0.10834074020385742,-0.06192595161087411,-0.00044208765029907227,-0.20370060205459595,-0.017478954266380242,0.006178438663482666,-0.21313634514808655,-0.06248741991407769,0.004014015197753906,-0.12847256660461426,-0.05738705791122811,-0.005314946174621582,-0.07288044691085815,-0.03968941814787286,0.04134446382522583,-0.18994084000587463,-0.027884016032885484,0.046717703342437744,-0.20356053113937378,-0.05413427598364251,0.039090514183044434,-0.14328813552856445,-0.045663308571647576,0.027820587158203125,-0.10570836067199707,-0.03040104753858941
T,-0.05494880676269531,-0.02459043264389038,-0.018305299375441564,-0.08487457036972046,-0.11017614603042603,-0.024525751862910283,-0.07644575834274292,-0.18157926201820374,-0.031051296312597287,-0.06473368406295776,-0.23802757263183594,-0.03427198486426164,-0.08309179544448853,-0.16316252946853638,-0.0064367088864116795,-0.09546709060668945,-0.20983856916427612,-0.036701827813175214,-0.07621949911117554,-0.1759902834892273,-0.055127150882270826,-0.06074410676956177,-0.13404446840286255,-0.0612905579993992,-0.04277318716049194,-0.18033379316329956,-0.006916223597016824,-0.037917494773864746,-0.18766582012176514,-0.04006584690907289,-0.032450973987579346,-0.12320965528488159,-0.049374416042354596,-0.035320818424224854,-0.07354146242141724,-0.04648587064841081,-0.005727052688598633,-0.18088245391845703,-0.012562661934879316,-0.0014917254447937012,-0.1651880145072937,-0.04232937799790193,-0.00415724515914917,-0.09775698184967041,-0.03846135320165445,-0.013194084167480469,-0.05575507879257202,-0.02694367574551393,0.026837706565856934,-0.17096304893493652,-0.020170326847818387,0.027821004390716553,-0.15604400634765625,-0.035693145860221875,0.022367537021636963,-0.1050710678100586,-0.028756470922616018,0.014660179615020752,-0.07838863134384155,-0.017777150068667424
T,-0.051107168197631836,-0.008851468563079834,-0.013172788668271096,-0.0873824954032898,-0.07920080423355103,-0.017772191326912434,-0.0888068675994873,-0.1477685272693634,-0.023373236071165593,-0.0824735164642334,-0.2033114731311798,-0.02630971105008939,-0.08967959880828857,-0.13928484916687012,-0.0018457180185578181,-0.11529725790023804,-0.16832366585731506,-0.030512702774103673,-0.09908092021942139,-0.13796740770339966,-0.048504673998650105,-0.07992517948150635,-0.1006554365158081,-0.05447809876113752,-0.05643880367279053,-0.1625404953956604,-0.003916877444680722,-0.06583893299102783,-0.1571275293827057,-0.03285059810787061,-0.054428815841674805,-0.0971570611000061,-0.04013774276882032,-0.048108458518981934,-0.05389338731765747,-0.03672776476651052,-0.02228027582168579,-0.16673627495765686,-0.010835603002306016,-0.0309637188911438,-0.14130756258964539,-0.03738870204597333,-0.024345755577087402,-0.07780247926712036,-0.032777198713120015,-0.021865010261535645,-0.04062306880950928,-0.021345189895328076,0.01040351390838623,-0.159298837184906,-0.019384821068342717,-0.0002372264862060547,-0.1373768448829651,-0.033504535566862614,-5.626678466796875e-05,-0.08944916725158691,-0.02740200341850141,-6.496906280517578e-05,-0.06652140617370605,-0.017481078516539128
T,-0.04281961917877197,-0.012811541557312012,-0.015806610590516357,-0.07669365406036377,-0.07302898168563843,-0.02259119310110691,-0.08292460441589355,-0.13291645050048828,-0.029482751047908096,-0.07802796363830566,-0.18480437994003296,-0.03276272386938217,-0.08548200130462646,-0.141809344291687,-0.0055565367329108994,-0.10567283630371094,-0.15743929147720337,-0.034264880127011565,-0.09057992696762085,-0.12202829122543335,-0.05231684715181473,-0.07640194892883301,-0.08737552165985107,-0.05940444291263702,-0.05530351400375366,-0.16548806428909302,-0.006792485608457355,-0.06074690818786621,-0.13853758573532104,-0.034946272975503234,-0.05054527521133423,-0.08272886276245117,-0.0431427535477269,-0.04668295383453369,-0.04904508590698242,-0.041481177217065124,-0.022304177284240723,-0.1673029661178589,-0.012673285684286384,-0.02581942081451416,-0.12059891223907471,-0.03694071144491318,-0.021053969860076904,-0.06488120555877686,-0.032423439330159454,-0.021580517292022705,-0.038445472717285156,-0.02244267322748783,0.008896589279174805,-0.15696442127227783,-0.020817554450331954,0.0036557912826538086,-0.11551094055175781,-0.03402582079797867,0.003847777843475342,-0.07528048753738403,-0.029193083650170593,0.0021563172340393066,-0.06203794479370117,-0.02056993254154804
T,-0.03942626714706421,-0.0183866024017334,-0.01744074489005243,-0.06838899850845337,-0.08302050828933716,-0.02435835006662046,-0.06897944211959839,-0.1398337483406067,-0.031236508144218078,-0.0658072829246521,-0.18706220388412476,-0.03491924258895551,-0.07526040077209473,-0.12406659126281738,-0.0055933224318209795,-0.090229332447052,-0.16275644302368164,-0.034751924900490394,-0.07104963064193726,-0.14361333847045898,-0.05311562049217855,-0.053334832191467285,-0.113186776638031,-0.05978366660900747,-0.04419821500778198,-0.14037227630615234,-0.0060527005513790755,-0.040019690990448,-0.15573406219482422,-0.03849116268582975,-0.0281982421875,-0.1043691635131836,-0.0478940859717909,-0.025504112243652344,-0.06557595729827881,-0.04536513167448675,-0.013694047927856445,-0.14398515224456787,-0.011477229399758926,-0.005347013473510742,-0.13929462432861328,-0.04133293706007635,-0.0013506412506103516,-0.08366096019744873,-0.03865902426667844,-0.0057443976402282715,-0.051379263401031494,-0.027984041003662696,0.014522850513458252,-0.1399577260017395,-0.01868168937988912,0.021631956100463867,-0.13161396980285645,-0.035006142435747734,0.02015596628189087,-0.08850681781768799,-0.030270851431566825,0.013915777206420898,-0.06858670711517334,-0.021198678044754615
T,-0.05831599235534668,-0.02384793758392334,-0.01671925377370087,-0.09828543663024902,-0.09470474720001221,-0.023859899531018414,-0.1039884090423584,-0.16477039456367493,-0.03241384778441159,-0.09289169311523438,-0.21836599707603455,-0.03765550259770123,-0.1010890007019043,-0.12904635071754456,-0.0006768819693405703,-0.11641019582748413,-0.18425199389457703,-0.03380078453839985,-0.0894232988357544,-0.1755279004573822,-0.05685245994747845,-0.064433753490448,-0.1529562771320343,-0.0667029656869289,-0.06179839372634888,-0.14449790120124817,-0.0043441122797247544,-0.06120944023132324,-0.19704803824424744,-0.044939257244479336,-0.04142385721206665,-0.14313790202140808,-0.0593215972584602,-0.032733380794525146,-0.09167000651359558,-0.05771996829928128,-0.023182034492492676,-0.14830785989761353,-0.012992632615279831,-0.017225444316864014,-0.18334126472473145,-0.050754405598055996,-0.005924880504608154,-0.11768996715545654,-0.04717570174754826,-0.00612032413482666,-0.06603360176086426,-0.03227173913539616,0.014228105545043945,-0.1433553695678711,-0.02314814370394913,0.018690943717956543,-0.17468753457069397,-0.04374332729996411,0.020265936851501465,-0.12923544645309448,-0.035776235203158535,0.016106843948364258,-0.0936214029788971,-0.022628324146282353
U,-0.058975160121917725,-0.02774280309677124,-0.03699115240743822,-0.10157513618469238,-0.0938485860824585,-0.060454923154622975,-0.07399177551269531,-0.14663106203079224,-0.0840231584923572,-0.02406477928161621,-0.17537641525268555,-0.10552349263599581,-0.07784432172775269,-0.22835206985473633,-0.04261222058704561,-0.0788869857788086,-0.3344675898551941,-0.08030495369604296,-0.07361006736755371,-0.40170007944107056,-0.10389864021709627,-0.06489866971969604,-0.46400684118270874,-0.1181892710345096,-0.02960723638534546,-0.23640382289886475,-0.04848506251147455,-0.03544819355010986,-0.3496008515357971,-0.09017609381845659,-0.03360503911972046,-0.4290262460708618,-0.11328050071170992,-0.030953824520111084,-0.5031976401805878,-0.12351117605140871,0.01663130521774292,-0.21776074171066284,-0.05812855386903948,0.02804642915725708,-0.24837404489517212,-0.11234706217220491,0.016014933586120605,-0.158399760723114,-0.11551041478088564,0.0035098791122436523,-0.0911141037940979,-0.10129288160970873,0.056095898151397705,-0.18047666549682617,-0.07079805010727114,0.06150728464126587,-0.18668794631958008,-0.11201177114418215,0.044871747493743896,-0.1240994930267334,-0.10947416299751467,0.02805185317993164,-0.07626897096633911,-0.09679214233329958
U,-0.05954635143280029,-0.03180199861526489,-0.04400853609689648,-0.09147703647613525,-0.10462582111358643,-0.06667803024896557,-0.04983997344970703,-0.15903228521347046,-0.08744543587812359,-0.003143787384033203,-0.19182997941970825,-0.10559690540679867,-0.06782370805740356,-0.2373521625995636,-0.04461382126459057,-0.06500649452209473,-0.34107571840286255,-0.08220782673009808,-0.05888420343399048,-0.4075396955013275,-0.1065063158238786,-0.04927772283554077,-0.46991416811943054,-0.12186309492238934,-0.019704580307006836,-0.2466871738433838,-0.04662979563721592,-0.023856818675994873,-0.3577007055282593,-0.08820282464870388,-0.02111142873764038,-0.43460094928741455,-0.11208435690053875,-0.017343640327453613,-0.5087553858757019,-0.12327870523580486,0.023913562297821045,-0.22529125213623047,-0.05344178697117741,0.05042755603790283,-0.26167595386505127,-0.11129013991006786,0.0431864857673645,-0.1721852421760559,-0.11842145567783291,0.031167685985565186,-0.10554730892181396,-0.10649137740978176,0.0600430965423584,-0.18254202604293823,-0.06367604976543362,0.07970046997070312,-0.18810409307479858,-0.11198143458017285,0.06495165824890137,-0.12490981817245483,-0.11535244232067043,0.04555994272232056,-0.07623988389968872,-0.10604425316699917
U,-0.05634492635726929,-0.027209162712097168,-0.04534186822792208,-0.08909976482391357,-0.09295576810836792,-0.07005479959269678,-0.04773223400115967,-0.13717061281204224,-0.09243885455151712,0.002700626850128174,-0.16268229484558105,-0.11269466606398737,-0.06569093465805054,-0.22105365991592407,-0.051528178429805394,-0.062415897846221924,-0.3239695727825165,-0.08932115165015375,-0.0573115348815918,-0.3895244598388672,-0.11216476587077295,-0.05030393600463867,-0.4520741105079651,-0.12601668415089762,-0.017952919006347656,-0.22935229539871216,-0.052314006066524144,-0.021121561527252197,-0.3359294533729553,-0.09288860884925043,-0.01761108636856079,-0.4129924774169922,-0.11373059479018366,-0.0149269700050354,-0.4870122969150543,-0.12246412066241419,0.024598360061645508,-0.20903652906417847,-0.057811718708478566,0.049843430519104004,-0.23144328594207764,-0.11543083963414347,0.04503273963928223,-0.14251911640167236,-0.12320946929474985,0.03328496217727661,-0.07492291927337646,-0.11135670570155298,0.05925166606903076,-0.16929954290390015,-0.0667617696287266,0.07757186889648438,-0.1598096489906311,-0.11645831940194284,0.0648808479309082,-0.0947389006614685,-0.12162092355509913,0.04595303535461426,-0.043292880058288574,-0.11315876272936976
U,-0.056701064109802246,-0.021987080574035645,-0.04239876372287199,-0.0934981107711792,-0.07943260669708252,-0.0669455359644644,-0.05793648958206177,-0.11541014909744263,-0.08985836607882902,-0.0065833330154418945,-0.13771772384643555,-0.11069404882857725,-0.07029318809509277,-0.2084081768989563,-0.049159901118969174,-0.06509017944335938,-0.30576956272125244,-0.08662507487008497,-0.058101654052734375,-0.3685872554779053,-0.10908578885266706,-0.05031949281692505,-0.42914846539497375,-0.1225439513988249,-0.02424687147140503,-0.21880823373794556,-0.05165227679083273,-0.025192618370056152,-0.32197558879852295,-0.09147865129182264,-0.01987689733505249,-0.3972353935241699,-0.11158502650926039,-0.01578575372695923,-0.46879780292510986,-0.1196607778734915,0.016991138458251953,-0.19957411289215088,-0.05870151696274206,0.0406305193901062,-0.20860624313354492,-0.1144766713447325,0.03524577617645264,-0.11928188800811768,-0.12157025737235472,0.023749709129333496,-0.053753018379211426,-0.10947811407515928,0.049824297428131104,-0.16016077995300293,-0.06903713745543882,0.06750458478927612,-0.14305663108825684,-0.11554953259894774,0.05649721622467041,-0.07850682735443115,-0.11911658001611158,0.039595603942871094,-0.029536962509155273,-0.11005203229854033
U,-0.05560177564620972,-0.016259431838989258,-0.03422915104937374,-0.10206180810928345,-0.061402082443237305,-0.0593653238208276,-0.08649086952209473,-0.10217255353927612,-0.08512527782630741,-0.040474116802215576,-0.13024282455444336,-0.10934812117528736,-0.08300745487213135,-0.1992524266242981,-0.04303109932851612,-0.0863996148109436,-0.29067546129226685,-0.080624210724352,-0.08303368091583252,-0.34924864768981934,-0.10427633214902698,-0.07625490427017212,-0.4053404927253723,-0.11834310282182514,-0.03751659393310547,-0.21042972803115845,-0.04934927735638439,-0.044151246547698975,-0.30626237392425537,-0.09004463542413532,-0.04302334785461426,-0.375089168548584,-0.11194827694606602,-0.042413413524627686,-0.43980857729911804,-0.12117167104196369,0.0065822601318359375,-0.19797343015670776,-0.059152430930851096,0.011710703372955322,-0.2069130539894104,-0.11038056302976429,0.0017619132995605469,-0.11683034896850586,-0.11326956290912449,-0.00989764928817749,-0.05032151937484741,-0.09991336900901615,0.04439824819564819,-0.16720139980316162,-0.07179602522563755,0.04701101779937744,-0.1524398922920227,-0.10900125194501697,0.030949115753173828,-0.0863959789276123,-0.10612120766353428,0.012772560119628906,-0.03646540641784668,-0.0940647675485593
U,-0.05840277671813965,-0.015373289585113525,-0.033345317631699345,-0.10951262712478638,-0.0699431300163269,-0.05566820704910924,-0.09674131870269775,-0.12300872802734375,-0.07933133670661618,-0.050206124782562256,-0.1550728678703308,-0.10081532427642514,-0.0926513671875,-0.21353954076766968,-0.035528877913691304,-0.09872168302536011,-0.3118473291397095,-0.0714291838702934,-0.09681344032287598,-0.37517648935317993,-0.09434223005149533,-0.09233170747756958,-0.4334086775779724,-0.10855071821782758,-0.04568827152252197,-0.22148501873016357,-0.0432173741755264,-0.05589181184768677,-0.3289176821708679,-0.08533178099963834,-0.05771970748901367,-0.40418678522109985,-0.10860481688354184,-0.06107485294342041,-0.4734721779823303,-0.118763415306546,0.0003822445869445801,-0.20605576038360596,-0.054803243070580265,0.0004315376281738281,-0.23374491930007935,-0.11017204651210477,-0.006032705307006836,-0.14125776290893555,-0.1135172901448982,-0.015014290809631348,-0.07380533218383789,-0.09914231875512769,0.040663719177246094,-0.1734653115272522,-0.06902544030521085,0.04133009910583496,-0.18090862035751343,-0.10987999120328595,0.0258176326751709,-0.11575120687484741,-0.10756429114911725,0.007005453109741211,-0.06677764654159546,-0.09543370285604169
U,-0.05971872806549072,-0.03647875785827637,-0.038563651444349034,-0.09234851598739624,-0.10894089937210083,-0.060192157925996526,-0.053672850131988525,-0.16707521677017212,-0.08120020613256429,-0.00794440507888794,-0.20054763555526733,-0.10017760232273076,-0.06865406036376953,-0.23946702480316162,-0.0419688722509477,-0.07266700267791748,-0.34819507598876953,-0.0771752460319135,-0.07092124223709106,-0.4153684377670288,-0.10007706418815587,-0.06542611122131348,-0.4777996838092804,-0.11496849492374395,-0.020396053791046143,-0.24719873070716858,-0.046921735109719975,-0.030191004276275635,-0.3646683096885681,-0.08488425001684163,-0.03263825178146362,-0.43888141214847565,-0.10713681712928746,-0.03281593322753906,-0.5084097683429718,-0.11830070004049276,0.02568715810775757,-0.22449901700019836,-0.055934832842979176,0.04448497295379639,-0.27477017045021057,-0.10828977957550023,0.03476899862289429,-0.1929093599319458,-0.11376840755525564,0.023295938968658447,-0.1302582025527954,-0.10286383465114568,0.06444329023361206,-0.18057459592819214,-0.06803289935174917,0.0756080150604248,-0.2018434703350067,-0.11037992075267766,0.05840390920639038,-0.1468408703804016,-0.11096143111768697,0.04061812162399292,-0.10145300626754761,-0.10144170507970784
U,-0.05599480867385864,-0.03342282772064209,-0.04157366545905461,-0.08456355333328247,-0.10426080226898193,-0.06414042355527272,-0.04345226287841797,-0.15773487091064453,-0.08513266535510411,0.0011218786239624023,-0.1886425018310547,-0.10384102853049626,-0.06216496229171753,-0.23294895887374878,-0.04528989957680096,-0.06125187873840332,-0.3369985520839691,-0.08165690990199437,-0.05698329210281372,-0.4034208357334137,-0.10574506165494313,-0.04945385456085205,-0.46501293778419495,-0.1217520901750504,-0.014157593250274658,-0.23961681127548218,-0.048572834004062315,-0.018777310848236084,-0.34832167625427246,-0.0889553794454514,-0.016965508460998535,-0.4223502278327942,-0.11304860504378667,-0.013695299625396729,-0.4935506582260132,-0.1255723828267037,0.029357194900512695,-0.21588408946990967,-0.05602434592356076,0.05368697643280029,-0.2602366507053375,-0.11063910217990269,0.04528874158859253,-0.179421067237854,-0.11692007573356022,0.032537102699279785,-0.11833047866821289,-0.10651489289512028,0.06518816947937012,-0.17134392261505127,-0.06678212376345982,0.08219367265701294,-0.18609082698822021,-0.11288362683762898,0.06790381669998169,-0.1306900978088379,-0.11568152101745,0.05020308494567871,-0.08652180433273315,-0.10721615644206395
U,-0.0529094934463501,-0.026262223720550537,-0.04102527234834952,-0.08191639184951782,-0.08804124593734741,-0.062231505998795456,-0.044097959995269775,-0.1297585368156433,-0.08118248243016524,-0.0009267330169677734,-0.15497726202011108,-0.09796351451558394,-0.06355857849121094,-0.20919841527938843,-0.0445433210222177,-0.060653626918792725,-0.3051653504371643,-0.07680730778855605,-0.054765939712524414,-0.3651014566421509,-0.09602781642360014,-0.047401487827301025,-0.42251497507095337,-0.10774741578978819,-0.019677460193634033,-0.21743011474609375,-0.0451916891722135,-0.025132417678833008,-0.31733280420303345,-0.07951137680692,-0.02163219451904297,-0.38620465993881226,-0.09718194861096663,-0.017839431762695312,-0.4516797363758087,-0.10453401018065733,0.020465433597564697,-0.19782203435897827,-0.05019913498443884,0.043557047843933105,-0.2213289737701416,-0.1004125129072122,0.041680991649627686,-0.14127814769744873,-0.10728170979899687,0.03372424840927124,-0.0802617073059082,-0.0968603815524034,0.05357736349105835,-0.1597062349319458,-0.058396073767369217,0.07112407684326172,-0.1531980037689209,-0.10208392400426192,0.06101793050765991,-0.09528660774230957,-0.10670914758128447,0.045664966106414795,-0.04922592639923096,-0.09937472153586668
U,-0.05364793539047241,-0.018458962440490723,-0.030160523385234228,-0.09711658954620361,-0.06813931465148926,-0.05135935860914742,-0.08121997117996216,-0.11127173900604248,-0.0734768951241449,-0.038833796977996826,-0.13719284534454346,-0.09396812263173615,-0.07748353481292725,-0.20033609867095947,-0.035550809830851904,-0.08068346977233887,-0.2877560257911682,-0.0692012825910524,-0.07659220695495605,-0.3438350558280945,-0.09062683525723969,-0.07056117057800293,-0.39714258909225464,-0.10384129676265275,-0.03345787525177002,-0.20984309911727905,-0.04256565067214524,-0.04046797752380371,-0.30236583948135376,-0.07914836648149048,-0.04071754217147827,-0.36589550971984863,-0.09872786644143616,-0.04229390621185303,-0.42595645785331726,-0.10707778427047288,0.009097516536712646,-0.19536173343658447,-0.05297097134632622,0.011568129062652588,-0.21324294805526733,-0.10126311275405442,0.0006888508796691895,-0.12892282009124756,-0.10439563486022507,-0.011242091655731201,-0.06718355417251587,-0.09224361869735276,0.04617816209793091,-0.1621353030204773,-0.06581927034301316,0.04701495170593262,-0.15347450971603394,-0.10244823190612351,0.029257595539093018,-0.09182554483413696,-0.10111690256042039,0.011311054229736328,-0.04631263017654419,-0.09073424282712494
V,-0.057281494140625,-0.02826237678527832,-0.03668934550205449,-0.09735333919525146,-0.0990648865699768,-0.061384458803331654,-0.06675523519515991,-0.1424998641014099,-0.08579004254261235,-0.013887226581573486,-0.16064023971557617,-0.108461578153765,-0.07239466905593872,-0.23433268070220947,-0.050140448623096745,-0.10105365514755249,-0.3309597969055176,-0.08611675795236806,-0.11508512496948242,-0.39308369159698486,-0.10775671597639302,-0.12354940176010132,-0.4516456723213196,-0.12303095754305104,-0.01734548807144165,-0.2399519681930542,-0.05697131972829084,0.005724608898162842,-0.35014641284942627,-0.09837389435688237,0.031728267669677734,-0.42422622442245483,-0.12102788385072927,0.0539509654045105,-0.49158862233161926,-0.13190424140611867,0.0275343656539917,-0.21192866563796997,-0.06679362502018193,0.04701322317123413,-0.23365938663482666,-0.11800479587236623,0.024615764617919922,-0.14532345533370972,-0.11939079757848958,0.0035752058029174805,-0.08507043123245239,-0.10642350908437948,0.06151103973388672,-0.16670489311218262,-0.0797443136207221,0.07241088151931763,-0.15870577096939087,-0.12103291299263219,0.04951232671737671,-0.09536725282669067,-0.1186871423951743,0.024661600589752197,-0.04944700002670288,-0.10722712870756368
V,-0.05894428491592407,-0.03740471601486206,-0.03995854552545097,-0.09098190069198608,-0.11809641122817993,-0.06386276852049377,-0.04732012748718262,-0.1732003092765808,-0.08665589015640762,0.0026658177375793457,-0.20034411549568176,-0.1073599285975888,-0.06584697961807251,-0.2528952956199646,-0.0492978185013726,-0.09432941675186157,-0.35947802662849426,-0.0840307153359845,-0.1086464524269104,-0.42705971002578735,-0.10513970773376968,-0.11610674858093262,-0.4902113974094391,-0.12004028033175018,-0.007482171058654785,-0.2595687210559845,-0.05408768128313568,0.015113770961761475,-0.3788938820362091,-0.09253895055212524,0.04087954759597778,-0.4548027068376541,-0.11427952866711166,0.06446295976638794,-0.5228044390678406,-0.1256896532670453,0.03808492422103882,-0.22954148054122925,-0.06260682414927032,0.068248450756073,-0.26964810490608215,-0.11478645872034576,0.049458861351013184,-0.18549707531929016,-0.11946956585802582,0.03155636787414551,-0.12235528230667114,-0.10906152944721725,0.07274085283279419,-0.17793866991996765,-0.07418714981236008,0.09506398439407349,-0.19166070222854614,-0.11880704533018616,0.07328087091445923,-0.13172709941864014,-0.11952455859341171,0.0502433180809021,-0.08209055662155151,-0.11033024411358383
V,-0.05649971961975098,-0.0324741005897522,-0.03753066787169246,-0.09005486965179443,-0.11015903949737549,-0.06130744496033458,-0.048659563064575195,-0.15614378452301025,-0.08450132215068606,0.003123164176940918,-0.17519915103912354,-0.10607561820791034,-0.06333762407302856,-0.24015265703201294,-0.05054754370496539,-0.08965176343917847,-0.3415966033935547,-0.08509469384000568,-0.10243076086044312,-0.4058465361595154,-0.10573547685191897,-0.11112809181213379,-0.46589043736457825,-0.12043422812269,-0.008354723453521729,-0.24304401874542236,-0.05668996626184253,0.015171170234680176,-0.3577037453651428,-0.09535525345847873,0.04118317365646362,-0.4320944547653198,-0.11582047098920611,0.06333291530609131,-0.49920475482940674,-0.12599356824205188,0.03481876850128174,-0.2112864851951599,-0.06609759086416034,0.05912679433822632,-0.2454579770565033,-0.11645093911931781,0.037534892559051514,-0.1602192521095276,-0.11842061185882358,0.017565548419952393,-0.10025203227996826,-0.10645203644082812,0.06744694709777832,-0.1606481671333313,-0.078635331035116,0.08305805921554565,-0.16585993766784668,-0.12187569195077685,0.0593450665473938,-0.10505253076553345,-0.12122960740373401,0.034496963024139404,-0.05835849046707153,-0.11116960251376895
V,-0.05569255352020264,-0.028885722160339355,-0.03763669551813109,-0.09209632873535156,-0.10158199071884155,-0.06101069049441321,-0.057540714740753174,-0.1423569917678833,-0.08352017970287307,-0.0053574442863464355,-0.15979498624801636,-0.10437275291883452,-0.06429749727249146,-0.23150771856307983,-0.049357229932184055,-0.0866956114768982,-0.32938352227211,-0.08381083430253966,-0.09729146957397461,-0.3911951780319214,-0.10425877393686278,-0.10293048620223999,-0.4499353766441345,-0.11871784002983077,-0.008941352367401123,-0.23621392250061035,-0.0546737221022795,0.015644371509552002,-0.34403806924819946,-0.09370145024263365,0.04207658767700195,-0.41691896319389343,-0.11518949837886794,0.06394410133361816,-0.4832868278026581,-0.12574542136394484,0.03510689735412598,-0.20716708898544312,-0.06316117019855483,0.05697751045227051,-0.23119467496871948,-0.11352696092330916,0.03508281707763672,-0.14563888311386108,-0.11629608841144545,0.013447284698486328,-0.08494329452514648,-0.10471682818138106,0.06784319877624512,-0.16032785177230835,-0.07475925059520705,0.08102536201477051,-0.14974433183670044,-0.11781909139358504,0.05810356140136719,-0.08648431301116943,-0.11798608870708449,0.033005475997924805,-0.03983592987060547,-0.10824762852394088
V,-0.05553692579269409,-0.0269395112991333,-0.03383151851153343,-0.09815013408660889,-0.08730071783065796,-0.05945509708976715,-0.0756223201751709,-0.12540167570114136,-0.08530901781773537,-0.025938093662261963,-0.1447986364364624,-0.10965385697340935,-0.07677316665649414,-0.2227243185043335,-0.05237016863679855,-0.10222470760345459,-0.32032763957977295,-0.08824142477965324,-0.11550778150558472,-0.3819023072719574,-0.10890446267580955,-0.12237793207168579,-0.4404531717300415,-0.12294976077532738,-0.022603213787078857,-0.23093390464782715,-0.05933160371637314,0.0009371042251586914,-0.33474940061569214,-0.09990496597743004,0.025291740894317627,-0.4079493284225464,-0.12158250472998589,0.04671269655227661,-0.4746752679347992,-0.13182167373156517,0.02285933494567871,-0.2076147198677063,-0.06851002983307808,0.03695988655090332,-0.21232104301452637,-0.11528113893723457,0.01371532678604126,-0.12677901983261108,-0.11464436016535728,-0.006460845470428467,-0.06753146648406982,-0.1014544259712693,0.05854684114456177,-0.16737103462219238,-0.08086985758995979,0.06336426734924316,-0.14729982614517212,-0.11643143407559364,0.04129993915557861,-0.0843651294708252,-0.1118904691145417,0.018552660942077637,-0.03865426778793335,-0.09972821585392921
V,-0.05755382776260376,-0.027439355850219727,-0.03132043972652809,-0.10383236408233643,-0.08548581600189209,-0.056267535388883516,-0.08547472953796387,-0.12073451280593872,-0.08224610060494797,-0.039114415645599365,-0.14203506708145142,-0.1069170665745105,-0.08141720294952393,-0.22154873609542847,-0.05154601678293602,-0.11044400930404663,-0.31817197799682617,-0.08736554354470627,-0.12424898147583008,-0.3774006962776184,-0.10804339319508927,-0.13053357601165771,-0.43480926752090454,-0.12197793841403382,-0.027835309505462646,-0.23058068752288818,-0.05949102163356201,-0.006167769432067871,-0.3335793614387512,-0.09982993274968521,0.018018662929534912,-0.4070602059364319,-0.12171158015769379,0.0405084490776062,-0.4739079177379608,-0.13213346719783203,0.018100857734680176,-0.208471417427063,-0.06937599748414414,0.02742546796798706,-0.20883679389953613,-0.11394692033570664,0.005183875560760498,-0.12381929159164429,-0.11334331899922745,-0.012678802013397217,-0.06552642583847046,-0.10068550527137177,0.0552334189414978,-0.17008376121520996,-0.08237330436747925,0.055538833141326904,-0.1486605405807495,-0.1150730159882869,0.033830881118774414,-0.08813494443893433,-0.11011013954919235,0.013049602508544922,-0.044735610485076904,-0.09809927463572876
V,-0.05885404348373413,-0.02271115779876709,-0.0313585202629838,-0.1041649580001831,-0.08138066530227661,-0.05687663959815836,-0.08826208114624023,-0.12875813245773315,-0.08382860081746912,-0.046407222747802734,-0.15812146663665771,-0.10952678578451014,-0.08524870872497559,-0.22859138250350952,-0.04662237199499941,-0.1146959662437439,-0.3245614767074585,-0.08189869927718973,-0.12851256132125854,-0.3843492269515991,-0.10391928511216975,-0.1365605592727661,-0.4421302378177643,-0.11927332239702082,-0.03255993127822876,-0.2360212802886963,-0.05548344063117838,-0.012908101081848145,-0.34629255533218384,-0.09482120233133173,0.010873198509216309,-0.41868242621421814,-0.11582206445291376,0.03022843599319458,-0.4822950065135956,-0.12589896725967265,0.01288670301437378,-0.21170473098754883,-0.06688068317725993,0.018707573413848877,-0.23870128393173218,-0.11418909090116358,-0.0018718242645263672,-0.15053153038024902,-0.11333544807985163,-0.020075857639312744,-0.08719080686569214,-0.10003439592674113,0.050543248653411865,-0.16989153623580933,-0.08105466770484782,0.05099087953567505,-0.17128849029541016,-0.11704714106872416,0.02694535255432129,-0.10797184705734253,-0.11175965773418284,0.002683281898498535,-0.05894345045089722,-0.0991790096695695
V,-0.06193417310714722,-0.021937251091003418,-0.034759702248720714,-0.11071556806564331,-0.08275437355041504,-0.062454110099224636,-0.09736904501914978,-0.14286822080612183,-0.0916515198482557,-0.05175822973251343,-0.18205326795578003,-0.1186748278273626,-0.09125715494155884,-0.23682045936584473,-0.04795390935078103,-0.12423866987228394,-0.3371550142765045,-0.08431603582039315,-0.1392962634563446,-0.40110719203948975,-0.10660256267919976,-0.14662030339241028,-0.4633674621582031,-0.12236255974903543,-0.03759390115737915,-0.2456657886505127,-0.056814538402704784,-0.018666505813598633,-0.35954052209854126,-0.09846111954584558,0.006478369235992432,-0.43769219517707825,-0.11991912694111306,0.027449846267700195,-0.5082524418830872,-0.13013163776531655,0.00882035493850708,-0.22045278549194336,-0.06883553983107049,0.012636840343475342,-0.2536149322986603,-0.12115868748560388,-0.007345855236053467,-0.16329801082611084,-0.12182256401911218,-0.02399975061416626,-0.09883719682693481,-0.10838854135408837,0.04776209592819214,-0.17666292190551758,-0.08380520911350686,0.04811978340148926,-0.18751221895217896,-0.12411791653767068,0.02063387632369995,-0.1250697374343872,-0.1209028718008085,-0.006464958190917969,-0.07486069202423096,-0.10927417696848352
V,-0.05834454298019409,-0.0406346321105957,-0.04154839747127426,-0.0894421935081482,-0.12257111072540283,-0.06692816697534454,-0.04732626676559448,-0.186820387840271,-0.09176057957586181,0.002834618091583252,-0.22467681765556335,-0.11437030517038238,-0.06534618139266968,-0.26432469487190247,-0.04651121803101432,-0.09103107452392578,-0.3698651194572449,-0.08053032689269912,-0.1044037938117981,-0.4379870444536209,-0.10208192103084457,-0.11038786172866821,-0.5018356442451477,-0.11814199768480194,-0.006467223167419434,-0.2678656578063965,-0.0517932400899781,0.01890319585800171,-0.38688135147094727,-0.08979136132177246,0.043031275272369385,-0.4595326781272888,-0.11246738963302505,0.06530779600143433,-0.526416689157486,-0.12562622510370147,0.0390893816947937,-0.23322716355323792,-0.061322819520796656,0.07159525156021118,-0.2883646488189697,-0.1135499068396939,0.04929739236831665,-0.203923761844635,-0.11769669138368499,0.029386281967163086,-0.1413319706916809,-0.10777189963039291,0.0744982361793518,-0.17557334899902344,-0.07405271761592758,0.09693825244903564,-0.2048042118549347,-0.11754976593431365,0.07307267189025879,-0.1504465937614441,-0.11771490060266387,0.04848301410675049,-0.10427910089492798,-0.10898858689245117
V,-0.054443180561065674,-0.02894669771194458,-0.04491429878407871,-0.08535617589950562,-0.10383594036102295,-0.07093967599803364,-0.04061251878738403,-0.14818143844604492,-0.09425987405711567,0.013557016849517822,-0.16933739185333252,-0.11504643512898838,-0.05695134401321411,-0.2347888946533203,-0.05704019693666851,-0.07685434818267822,-0.34044623374938965,-0.09257634086543476,-0.08625680208206177,-0.40613093972206116,-0.11227052761250889,-0.09090864658355713,-0.46944501996040344,-0.1263250420802251,-0.00023853778839111328,-0.24150043725967407,-0.0590362074785844,0.023542404174804688,-0.35304123163223267,-0.09843469513589298,0.05048280954360962,-0.42519932985305786,-0.11830762131148731,0.07358229160308838,-0.49264249205589294,-0.12813876671725666,0.042600929737091064,-0.2122669219970703,-0.06501851333314335,0.0729871392250061,-0.23886454105377197,-0.11887557161981022,0.05500084161758423,-0.15093505382537842,-0.12344346297913944,0.03567904233932495,-0.08785682916641235,-0.1126311208122388,0.07463622093200684,-0.16238456964492798,-0.07456283373767292,0.09697180986404419,-0.15064477920532227,-0.12388985706502353,0.07435792684555054,-0.086467444896698,-0.12886203927928364,0.04815942049026489,-0.03829270601272583,-0.12199139697486316
W,-0.06241697072982788,-0.027635395526885986,-0.05237978155298606,-0.09606719017028809,-0.09699559211730957,-0.07785980234427825,-0.03683900833129883,-0.13458067178726196,-0.09195073524995223,0.030493855476379395,-0.1621173620223999,-0.10732907632871047,-0.09127801656723022,-0.2427334189414978,-0.07583430985494033,-0.12905937433242798,-0.3471512496471405,-0.09949989447875396,-0.15031367540359497,-0.4165641665458679,-0.11366218904538528,-0.16748684644699097,-0.48554885387420654,-0.126710316338972,-0.03247332572937012,-0.2685554027557373,-0.07391657511277572,-0.032566845417022705,-0.40086859464645386,-0.09897555241866485,-0.028061211109161377,-0.48645561933517456,-0.1194449720768489,-0.025771915912628174,-0.5661455988883972,-0.13414010981603042,0.016028404235839844,-0.2523324489593506,-0.07477336952968017,0.056868910789489746,-0.34410738945007324,-0.11683230678124801,0.08670443296432495,-0.4272199869155884,-0.15340653637929336,0.10818237066268921,-0.5055290758609772,-0.1775632707266368,0.05676788091659546,-0.20622718334197998,-0.07732112536712066,0.06748241186141968,-0.21171516180038452,-0.12202160636468307,0.058149635791778564,-0.14398443698883057,-0.13632740656419173,0.04720062017440796,-0.08145618438720703,-0.14476572553201095
W,-0.0661054253578186,-0.03695976734161377,-0.0510997959831343,-0.10091084241867065,-0.11940103769302368,-0.07057433588892081,-0.04330599308013916,-0.16970962285995483,-0.07915290458589652,0.02597510814666748,-0.19832265377044678,-0.08841361864000419,-0.08771979808807373,-0.2825947701931,-0.06179676590949157,-0.1288849115371704,-0.39879894256591797,-0.08490803851276496,-0.15017277002334595,-0.4747694730758667,-0.10116238160520652,-0.16596847772598267,-0.548654317855835,-0.11493644131809333,-0.02534663677215576,-0.30242830514907837,-0.06281124813943961,-0.02549201250076294,-0.4457167983055115,-0.0818765164771662,-0.021822571754455566,-0.5348031222820282,-0.09967248900323966,-0.02164679765701294,-0.613347053527832,-0.11296271546274284,0.023681223392486572,-0.28076547384262085,-0.06883741183668235,0.06221061944961548,-0.3947136402130127,-0.10714957876592734,0.08551514148712158,-0.48283809423446655,-0.1430068538942919,0.09901762008666992,-0.5668419897556305,-0.1667754725971804,0.06653326749801636,-0.22108948230743408,-0.07715305699497321,0.08380365371704102,-0.26675188541412354,-0.11702578528314689,0.07834583520889282,-0.20795083045959473,-0.1264169590035067,0.06603121757507324,-0.14262330532073975,-0.13156903548627952
W,-0.062479257583618164,-0.031126737594604492,-0.0532855857255754,-0.0952337384223938,-0.1037137508392334,-0.07640450634983154,-0.038371741771698,-0.1443151831626892,-0.08811013587740035,0.028644204139709473,-0.1721099615097046,-0.10038615950372787,-0.08683580160140991,-0.2597396969795227,-0.06952779182222457,-0.1211654543876648,-0.36862465739250183,-0.09340994247224899,-0.1410897970199585,-0.4399108290672302,-0.1089881528261003,-0.1565767526626587,-0.5095163583755493,-0.12248743512657256,-0.02743232250213623,-0.27927637100219727,-0.06822566875246139,-0.023567616939544678,-0.415083110332489,-0.090668166065484,-0.017563939094543457,-0.5014958381652832,-0.10982104578044982,-0.01428157091140747,-0.578967809677124,-0.12368184515264602,0.019704341888427734,-0.2594640851020813,-0.0709794778468904,0.06137728691101074,-0.3588915467262268,-0.11001032032993407,0.09064680337905884,-0.4405081272125244,-0.14477919229295821,0.11138808727264404,-0.5178403258323669,-0.16785013862875076,0.05973660945892334,-0.20721203088760376,-0.07621427812603088,0.07426506280899048,-0.22948479652404785,-0.11695075222280593,0.06727302074432373,-0.16632258892059326,-0.12807187625196548,0.05663883686065674,-0.102755606174469,-0.13440126367834182
W,-0.05853515863418579,-0.025376737117767334,-0.04929924487663584,-0.09101849794387817,-0.09196501970291138,-0.07112463667584734,-0.037289559841156006,-0.12951797246932983,-0.08229226722909289,0.026052534580230713,-0.15759533643722534,-0.0943321372528203,-0.08484458923339844,-0.23838937282562256,-0.06820411338998156,-0.11704379320144653,-0.3418012261390686,-0.08938192680074053,-0.13475078344345093,-0.41003698110580444,-0.10154487296534853,-0.14797109365463257,-0.4763420522212982,-0.11283467068864184,-0.027529537677764893,-0.26103365421295166,-0.06689211085034685,-0.024974703788757324,-0.3901311755180359,-0.0884453888197072,-0.019142746925354004,-0.4728981554508209,-0.10632126882268267,-0.014663279056549072,-0.5480486750602722,-0.11926709219409304,0.018400967121124268,-0.24465852975845337,-0.06882364406777697,0.058549702167510986,-0.33240950107574463,-0.10796766832066851,0.08783501386642456,-0.41005343198776245,-0.14280118897153216,0.10951411724090576,-0.48334795236587524,-0.16566146269036608,0.05783563852310181,-0.19809824228286743,-0.07250159337712603,0.06929457187652588,-0.2071123719215393,-0.11434911295367556,0.061271071434020996,-0.14291787147521973,-0.1279690350551732,0.05091738700866699,-0.08123779296875,-0.13596183910561876
W,-0.05178725719451904,-0.02423548698425293,-0.04514021626113163,-0.08366906642913818,-0.08566230535507202,-0.06522998413441883,-0.03272044658660889,-0.11850899457931519,-0.07571838250754581,0.032201290130615234,-0.13978183269500732,-0.08700569173691974,-0.0741226077079773,-0.22420036792755127,-0.06314393332598911,-0.10359352827072144,-0.31979912519454956,-0.08323805233834491,-0.12081080675125122,-0.3842201232910156,-0.09477281770108448,-0.13318592309951782,-0.4476049542427063,-0.10574561557172046,-0.020569324493408203,-0.24643582105636597,-0.06222368976472126,-0.016952216625213623,-0.36981135606765747,-0.08220414271949039,-0.00938183069229126,-0.44962257146835327,-0.0986867641508411,-0.003355681896209717,-0.5223695039749146,-0.11072991988061176,0.023065686225891113,-0.23014384508132935,-0.06414646109936939,0.0652698278427124,-0.3117777109146118,-0.10111958733199344,0.09510236978530884,-0.3824147582054138,-0.1330381428301166,0.11774659156799316,-0.44936603307724,-0.1536196117698978,0.05995756387710571,-0.18423992395401,-0.06761957904694782,0.07296741008758545,-0.19158756732940674,-0.10730783841012226,0.06351608037948608,-0.12940669059753418,-0.11969322910903202,0.053146421909332275,-0.06994706392288208,-0.12664900174735294
W,-0.05895638465881348,-0.02507847547531128,-0.03991145828996423,-0.1027688980102539,-0.08326661586761475,-0.06074968913827661,-0.06260991096496582,-0.1156577467918396,-0.07371754387651208,-0.0002675056457519531,-0.14053231477737427,-0.08798022756610635,-0.08716946840286255,-0.22652596235275269,-0.06008348057304147,-0.12151259183883667,-0.31604647636413574,-0.08234827408824685,-0.14268255233764648,-0.3764280080795288,-0.09605036119256738,-0.15828227996826172,-0.4378838539123535,-0.10940326193605188,-0.03265172243118286,-0.24954187870025635,-0.06368924865756753,-0.02756410837173462,-0.3698996305465698,-0.0860092956784797,-0.02007734775543213,-0.4481315016746521,-0.1038712803486419,-0.013187646865844727,-0.5192291736602783,-0.11749258825813058,0.011776387691497803,-0.2337280511856079,-0.07012569347654107,0.048475801944732666,-0.3126145005226135,-0.10772267917428735,0.07225000858306885,-0.38059818744659424,-0.13936656901870492,0.09156638383865356,-0.444197416305542,-0.16078470835719827,0.049348294734954834,-0.18982857465744019,-0.07787640581165078,0.04845649003982544,-0.18384790420532227,-0.11890782604251626,0.032533228397369385,-0.12167567014694214,-0.13345554659400705,0.018726110458374023,-0.06782853603363037,-0.1425227839711738
W,-0.0677262544631958,-0.025121867656707764,-0.0351566195448072,-0.1197924017906189,-0.08494448661804199,-0.05358894988495422,-0.08124637603759766,-0.12785732746124268,-0.06559046431976867,-0.02418416738510132,-0.16302108764648438,-0.07885485216576171,-0.11622291803359985,-0.23561447858810425,-0.05413917898732734,-0.16334092617034912,-0.3292546272277832,-0.07378722801405502,-0.19018393754959106,-0.3910582959651947,-0.08515466078716827,-0.2109529972076416,-0.452754944562912,-0.0975006304641397,-0.061598002910614014,-0.26508456468582153,-0.06124569177228523,-0.06927871704101562,-0.39213311672210693,-0.08156833126741958,-0.07199519872665405,-0.4721468985080719,-0.09994563534456802,-0.07361429929733276,-0.5444980561733246,-0.11491566970545364,-0.01264888048171997,-0.2519044876098633,-0.07108106538254333,0.019941270351409912,-0.3408047556877136,-0.1083985723515184,0.039926111698150635,-0.4158678948879242,-0.14274503364759994,0.05542272329330444,-0.485105037689209,-0.166870758678499,0.030439794063568115,-0.2104669213294983,-0.0817213512917192,0.02409946918487549,-0.20467853546142578,-0.1235195554752977,0.009703338146209717,-0.14144277572631836,-0.14102882220942092,-0.0036156177520751953,-0.09009099006652832,-0.1531790204306276
W,-0.06853771209716797,-0.025548994541168213,-0.03147657793073222,-0.12191176414489746,-0.0845080018043518,-0.048055941425843685,-0.08965611457824707,-0.13905149698257446,-0.05943661388067767,-0.03875941038131714,-0.18169552087783813,-0.07151830028800532,-0.1226259171962738,-0.24097228050231934,-0.04642777349857852,-0.17057952284812927,-0.33658844232559204,-0.0663284344604449,-0.1985982060432434,-0.4039233326911926,-0.0785185007384257,-0.2202262580394745,-0.46917617321014404,-0.09135246854333445,-0.06925922632217407,-0.26955491304397583,-0.05510258134512469,-0.07906252145767212,-0.39942535758018494,-0.07689095865993067,-0.07916563749313354,-0.4847806692123413,-0.09380766581801936,-0.07841795682907104,-0.5568320751190186,-0.10698181223182246,-0.018934190273284912,-0.25736331939697266,-0.06690786611346766,0.007153213024139404,-0.35997915267944336,-0.10378253292350337,0.02586764097213745,-0.4391654133796692,-0.13246528636722132,0.03923672437667847,-0.5100167393684387,-0.15209995042590663,0.028594255447387695,-0.2157301902770996,-0.07958173584250972,0.018460333347320557,-0.23929333686828613,-0.1180964244535403,-0.0006580948829650879,-0.17967289686203003,-0.12961783837585017,-0.01774674654006958,-0.12459838390350342,-0.13741530310420558
W,-0.06331133842468262,-0.03644746541976929,-0.03877238408659878,-0.09457206726074219,-0.1089932918548584,-0.05409863815640392,-0.040982842445373535,-0.16721338033676147,-0.06217863262628498,0.01704627275466919,-0.20324581861495972,-0.06900514514182987,-0.08926594257354736,-0.26041650772094727,-0.039693193891991996,-0.13121265172958374,-0.3615429699420929,-0.057734942445506476,-0.1529495120048523,-0.42903056740760803,-0.07021486611103,-0.17043715715408325,-0.4927993416786194,-0.08156633974050465,-0.035290539264678955,-0.28077852725982666,-0.04452595711683216,-0.0443958044052124,-0.4115807116031647,-0.0627802148554224,-0.0442957878112793,-0.4904805123806,-0.07725376487707081,-0.04599195718765259,-0.5542499125003815,-0.08693963886236133,0.010965704917907715,-0.2623986601829529,-0.054182673254956626,0.0455704927444458,-0.36625435948371887,-0.08805076629852238,0.06858229637145996,-0.44265830516815186,-0.11319874078964176,0.08234149217605591,-0.5123943090438843,-0.1281578525993723,0.053512752056121826,-0.2087496817111969,-0.06576909721826496,0.0632624626159668,-0.2671763002872467,-0.09563871324991169,0.05334675312042236,-0.2179088294506073,-0.09685072154735508,0.04001903533935547,-0.16109204292297363,-0.09645508081649723
W,-0.05357593297958374,-0.024661004543304443,-0.04192526122506024,-0.08332139253616333,-0.0836871862411499,-0.06103950222905041,-0.035134196281433105,-0.11595410108566284,-0.07179985051925541,0.022362232208251953,-0.14179456233978271,-0.08367106920059086,-0.07792967557907104,-0.21492433547973633,-0.056337343956784025,-0.10797768831253052,-0.3046978712081909,-0.07588258987243535,-0.12581104040145874,-0.3649454712867737,-0.08788274085100056,-0.13901770114898682,-0.42425477504730225,-0.09888094520147206,-0.02779674530029297,-0.2406097650527954,-0.0566273205536163,-0.030181169509887695,-0.35582250356674194,-0.07385095810468556,-0.026941239833831787,-0.4297536611557007,-0.0891493693548,-0.024900853633880615,-0.49746352434158325,-0.10093549495513798,0.013857424259185791,-0.22855257987976074,-0.06011908357913853,0.04954540729522705,-0.3076668977737427,-0.09301078921134831,0.07515507936477661,-0.37526148557662964,-0.12307738369281651,0.09389036893844604,-0.4388529658317566,-0.14353670036371113,0.049463868141174316,-0.18755942583084106,-0.06536171441848637,0.06076163053512573,-0.19290697574615479,-0.10201346730764271,0.053577721118927,-0.13506674766540527,-0.11429841672952534,0.04419136047363281,-0.08115583658218384,-0.12188461279447438
W,-0.05931907892227173,-0.02233898639678955,-0.02742357615011315,-0.10520017147064209,-0.07014191150665283,-0.04322777565198521,-0.07575470209121704,-0.11059504747390747,-0.05455448355155568,-0.027994096279144287,-0.13980519771575928,-0.06676763172822575,-0.10003834962844849,-0.20101773738861084,-0.04183446492629628,-0.1415642499923706,-0.27964258193969727,-0.05899887408691029,-0.16556280851364136,-0.3340853452682495,-0.06913100804763417,-0.18545502424240112,-0.3872942328453064,-0.07966486241298298,-0.05407869815826416,-0.22553879022598267,-0.04925207297878842,-0.061115264892578125,-0.3335961103439331,-0.06512797500568013,-0.06102627515792847,-0.40440261363983154,-0.07739671941476445,-0.060748934745788574,-0.46588560938835144,-0.08746337767320256,-0.012280285358428955,-0.21512913703918457,-0.0594430590756474,0.008397579193115234,-0.2961472272872925,-0.08839640643077473,0.02231079339981079,-0.3650498390197754,-0.11239691700416188,0.032120347023010254,-0.42619818449020386,-0.1295448305793343,0.025868117809295654,-0.1810867190361023,-0.07070521141963582,0.01637202501296997,-0.1868947148323059,-0.10342438395696263,0.0001595020294189453,-0.13528239727020264,-0.11428200330215077,-0.015247642993927002,-0.08897292613983154,-0.12170170124250035
Y,-0.07726305723190308,-0.02867192029953003,-0.033676173044568714,-0.13585954904556274,-0.0940822958946228,-0.05801460470092934,-0.1847168207168579,-0.15613093972206116,-0.08266292463076752,-0.23502135276794434,-0.18563306331634521,-0.10282698969376725,-0.06653082370758057,-0.18675538897514343,-0.041995651526576694,-0.06511712074279785,-0.2366136908531189,-0.07840622912181061,-0.06581741571426392,-0.16471028327941895,-0.09385316024554413,-0.06796258687973022,-0.10376107692718506,-0.09947338650954407,-0.014186501502990723,-0.18865814805030823,-0.04212044502628487,-0.01395350694656372,-0.23293936252593994,-0.08991391162408036,-0.027653813362121582,-0.15018653869628906,-0.10710959087145966,-0.03510487079620361,-0.08804935216903687,-0.11352088998091858,0.036475956439971924,-0.18656402826309204,-0.046622935189134296,0.047921836376190186,-0.2611047327518463,-0.09485460023415726,0.025792419910430908,-0.1980661153793335,-0.10273304532302063,0.009999752044677734,-0.14328444004058838,-0.09980960140956086,0.08053326606750488,-0.17457911372184753,-0.05268524537814301,0.12330824136734009,-0.25347667932510376,-0.08599630693925064,0.15667814016342163,-0.3005077838897705,-0.10053116033805054,0.18572688102722168,-0.34965336322784424,-0.10801843504441422
Y,-0.07023537158966064,-0.028107762336730957,-0.03268957068269174,-0.12405449151992798,-0.09620028734207153,-0.0566764764959089,-0.16978001594543457,-0.1569705307483673,-0.08088860963528077,-0.21762371063232422,-0.1879979372024536,-0.1010042235726587,-0.057096898555755615,-0.18332728743553162,-0.04585710470621507,-0.06254160404205322,-0.22763904929161072,-0.08288426254932801,-0.060697734355926514,-0.15838176012039185,-0.09781065140907685,-0.060040295124053955,-0.09780353307723999,-0.10266782646124284,-0.007612764835357666,-0.18392124772071838,-0.046270600753473445,-0.010879456996917725,-0.22099143266677856,-0.09372087870781343,-0.02209913730621338,-0.14140290021896362,-0.10985687677805345,-0.027469277381896973,-0.08311176300048828,-0.11581972544138353,0.041277170181274414,-0.17912736535072327,-0.050741254585432216,0.05144143104553223,-0.24495819211006165,-0.09832670097296159,0.02870839834213257,-0.1835426390171051,-0.10556400870029847,0.011391997337341309,-0.13193225860595703,-0.10270767961685578,0.08331125974655151,-0.16542690992355347,-0.056708607124733135,0.12634062767028809,-0.23862197995185852,-0.09049656544868867,0.16025328636169434,-0.2815491259098053,-0.10511595313494126,0.18920624256134033,-0.32674354314804077,-0.11268049781267564
Y,-0.06921654939651489,-0.03429543972015381,-0.03283593621398495,-0.11869513988494873,-0.1081017255783081,-0.05670847934032963,-0.16134130954742432,-0.1686726212501526,-0.08077645492102192,-0.2085031270980835,-0.2028300166130066,-0.10021003525997685,-0.04989129304885864,-0.1860179305076599,-0.044322596903100475,-0.05078542232513428,-0.21261179447174072,-0.08254078965927647,-0.052295804023742676,-0.13779312372207642,-0.09772118371273564,-0.05522114038467407,-0.08321213722229004,-0.10273835998322056,0.0007869601249694824,-0.18044519424438477,-0.04535160403992222,-0.001805722713470459,-0.20826834440231323,-0.09336424064184712,-0.017068803310394287,-0.1265241503715515,-0.10762530755545185,-0.02494966983795166,-0.07112252712249756,-0.11177274029995488,0.048047006130218506,-0.1679372787475586,-0.05090462234164761,0.05769789218902588,-0.21430671215057373,-0.10008392673279332,0.031226396560668945,-0.14564865827560425,-0.1040568147256522,0.010495126247406006,-0.09586954116821289,-0.09794108759905384,0.08698439598083496,-0.14711380004882812,-0.058176534290566906,0.13158023357391357,-0.20834559202194214,-0.0921082292153983,0.16754662990570068,-0.23997604846954346,-0.10407863002564,0.19817876815795898,-0.2778339385986328,-0.10923408162142323
Y,-0.07319670915603638,-0.03181880712509155,-0.02932558575804478,-0.1259942650794983,-0.09471666812896729,-0.04983640642996079,-0.16662472486495972,-0.1569902002811432,-0.07125054480667359,-0.20923733711242676,-0.19666919112205505,-0.08817237051363236,-0.06101822853088379,-0.17405474185943604,-0.03646972956295258,-0.06530487537384033,-0.2222808599472046,-0.07045037480230576,-0.06320631504058838,-0.15628203749656677,-0.08321783127422577,-0.06305146217346191,-0.10021400451660156,-0.08658547880287415,-0.011759042739868164,-0.1778552532196045,-0.03757627489204651,-0.01711249351501465,-0.21746575832366943,-0.08182795526619202,-0.025733351707458496,-0.140781968832016,-0.09669202746982819,-0.030561447143554688,-0.08782732486724854,-0.10125598492260224,0.03630542755126953,-0.17751264572143555,-0.04279937030906922,0.04052096605300903,-0.24258768558502197,-0.08981482865448243,0.023334801197052002,-0.17985272407531738,-0.09579499246711976,0.00931084156036377,-0.13042104244232178,-0.09058398934240586,0.0782431960105896,-0.16953667998313904,-0.04913425626392609,0.1140483021736145,-0.24809706211090088,-0.08097031148309952,0.14199262857437134,-0.2919684052467346,-0.09223840566511399,0.16443371772766113,-0.33979445695877075,-0.09645713301534897
Y,-0.0703536868095398,-0.04369860887527466,-0.028752174029705202,-0.123232901096344,-0.1165744960308075,-0.04889448339736191,-0.16234707832336426,-0.1859627366065979,-0.07080655897652832,-0.201249897480011,-0.23538601398468018,-0.08759047443663803,-0.05427294969558716,-0.2063826620578766,-0.021512744749543344,-0.06298452615737915,-0.2624104619026184,-0.05692358295118538,-0.06568115949630737,-0.19318920373916626,-0.07438809777295319,-0.06614112854003906,-0.13346892595291138,-0.0801907515028688,-0.007983565330505371,-0.20746368169784546,-0.022325860137698328,-0.016377806663513184,-0.24639248847961426,-0.06748871857917038,-0.02934175729751587,-0.1666974425315857,-0.0859917810062143,-0.03566259145736694,-0.11053526401519775,-0.09135675782954422,0.038500845432281494,-0.20500847697257996,-0.028486100758073007,0.042222023010253906,-0.2721358835697174,-0.07334449494874207,0.019731223583221436,-0.20952627062797546,-0.07927535826956955,0.003519296646118164,-0.15781164169311523,-0.07273711616790024,0.08047837018966675,-0.19684436917304993,-0.036181304405090486,0.11068236827850342,-0.279814213514328,-0.06327212954556671,0.1315370798110962,-0.32940536737442017,-0.07196955735480515,0.14868849515914917,-0.3801981955766678,-0.07366746271645752
Y,-0.07078814506530762,-0.04285109043121338,-0.02833922504879638,-0.11947852373123169,-0.12049677968025208,-0.04879524670042201,-0.15667724609375,-0.192729651927948,-0.07116825617350742,-0.19951802492141724,-0.22894519567489624,-0.08971702791251346,-0.04577803611755371,-0.19971776008605957,-0.026867541665808403,-0.04609578847885132,-0.253485769033432,-0.0634892556766431,-0.050989627838134766,-0.1880354881286621,-0.08153551555670902,-0.05514121055603027,-0.12836170196533203,-0.08736461139716312,0.002362191677093506,-0.19508695602416992,-0.028507341812030518,-0.0002532005310058594,-0.23849454522132874,-0.07369927055634662,-0.01658344268798828,-0.1618824303150177,-0.09143279976643726,-0.02550506591796875,-0.10341525077819824,-0.09637612588204547,0.050019145011901855,-0.18752777576446533,-0.035060928384439194,0.061090052127838135,-0.25789308547973633,-0.07955857850112125,0.03732079267501831,-0.20118778944015503,-0.08627684153117343,0.019675016403198242,-0.15212225914001465,-0.0807401586274068,0.09266042709350586,-0.1748720407485962,-0.04304062686361476,0.1317460536956787,-0.2519451081752777,-0.06902801729239627,0.15792328119277954,-0.2957404851913452,-0.07776156551636859,0.18023550510406494,-0.34195011854171753,-0.08013947046794101
Y,-0.06579631567001343,-0.041475117206573486,-0.028377267723158184,-0.111564040184021,-0.11753290891647339,-0.04775614031143505,-0.14440441131591797,-0.18827319145202637,-0.06846206002421695,-0.1808357834815979,-0.23516926169395447,-0.08484126739688236,-0.043488919734954834,-0.19100335240364075,-0.027174654607847515,-0.03937876224517822,-0.2360231578350067,-0.06389590465016681,-0.045226097106933594,-0.16969656944274902,-0.08208736144490558,-0.04984402656555176,-0.11795461177825928,-0.08856730275340396,0.004180192947387695,-0.18507075309753418,-0.0283657211858781,0.0054898858070373535,-0.22395092248916626,-0.07302969061322528,-0.01132577657699585,-0.14816740155220032,-0.0891690786976369,-0.0208701491355896,-0.09699440002441406,-0.09347218387313205,0.049634456634521484,-0.17634999752044678,-0.034478985895589176,0.06352388858795166,-0.23781242966651917,-0.07897172235436756,0.04005396366119385,-0.17679744958877563,-0.08196042590327579,0.021900951862335205,-0.13000312447547913,-0.073951729764417,0.08874773979187012,-0.1630202829837799,-0.0422286924023183,0.12554985284805298,-0.2350611686706543,-0.06981313340850193,0.15314346551895142,-0.2760021686553955,-0.07743279748149234,0.17735940217971802,-0.3212890028953552,-0.07857920341677982
Y,-0.05857443809509277,-0.047797441482543945,-0.02858673487003216,-0.09481924772262573,-0.12760943174362183,-0.047627533638433306,-0.12032771110534668,-0.19749796390533447,-0.06703096147771248,-0.15408092737197876,-0.24527204036712646,-0.08230348196025261,-0.02894216775894165,-0.1931246519088745,-0.03369082775111565,-0.024029850959777832,-0.22113364934921265,-0.06572604444022545,-0.029968559741973877,-0.15809011459350586,-0.07908010747428307,-0.03678697347640991,-0.11206287145614624,-0.08341481056208977,0.016183555126190186,-0.18350356817245483,-0.03389655690784821,0.01945483684539795,-0.20608317852020264,-0.07561610158677468,0.0014296174049377441,-0.13299590349197388,-0.08943911161418328,-0.009767472743988037,-0.08600586652755737,-0.09303876277203926,0.058438777923583984,-0.1676374077796936,-0.03797750439639458,0.07560902833938599,-0.21064895391464233,-0.08163181211943993,0.050547003746032715,-0.15042024850845337,-0.08507276591058144,0.029944539070129395,-0.10651391744613647,-0.07803692933316597,0.09224522113800049,-0.14618581533432007,-0.04337843027110466,0.13279199600219727,-0.20547449588775635,-0.0727280255794085,0.16365230083465576,-0.23685139417648315,-0.08159827705617317,0.19146108627319336,-0.2725136876106262,-0.08355871107573876
Y,-0.05736696720123291,-0.046111106872558594,-0.02232689360198492,-0.09673446416854858,-0.12399458885192871,-0.03649285944220537,-0.12374758720397949,-0.18677443265914917,-0.05144581707236284,-0.1556234359741211,-0.22793954610824585,-0.0624322532307815,-0.030448853969573975,-0.19607865810394287,-0.022818801422090473,-0.035688161849975586,-0.20597469806671143,-0.05092678355094904,-0.04488104581832886,-0.14044195413589478,-0.06303683059331888,-0.05081433057785034,-0.09609580039978027,-0.06688045846340174,0.01333165168762207,-0.18516480922698975,-0.024788472298951092,0.007147729396820068,-0.19119107723236084,-0.05970221148845667,-0.01317298412322998,-0.1223568320274353,-0.07102606581565851,-0.024622023105621338,-0.08019578456878662,-0.07415636764881128,0.0523185133934021,-0.1640680432319641,-0.030492221434087696,0.05632591247558594,-0.18531709909439087,-0.06988573955413813,0.026928067207336426,-0.12691956758499146,-0.07264105366584772,0.004207015037536621,-0.08744287490844727,-0.06595294313547129,0.08426880836486816,-0.13735395669937134,-0.03709154339549059,0.11803460121154785,-0.19440048933029175,-0.06410148875829691,0.14556968212127686,-0.22552084922790527,-0.0713721899878692,0.1695203185081482,-0.26011741161346436,-0.07236976312515253
Y,-0.07076632976531982,-0.043611764907836914,-0.02629884622234613,-0.12004166841506958,-0.11952203512191772,-0.04438658720988542,-0.1555350422859192,-0.19000011682510376,-0.06442840687174112,-0.19405704736709595,-0.23843395709991455,-0.08004361680883676,-0.05236661434173584,-0.20131367444992065,-0.022926495514695944,-0.0581318736076355,-0.2475011646747589,-0.057364198483412565,-0.061210811138153076,-0.17944952845573425,-0.0741514443530491,-0.06359201669692993,-0.12038493156433105,-0.07990633986133844,-0.0062964558601379395,-0.2009960412979126,-0.025014401517694296,-0.011726856231689453,-0.23710116744041443,-0.06961041978735238,-0.025764763355255127,-0.15903112292289734,-0.08790477655071527,-0.033335864543914795,-0.10271811485290527,-0.09377197466034204,0.03960549831390381,-0.19372865557670593,-0.03191549993294984,0.04591304063796997,-0.2577570676803589,-0.07831754080194742,0.02236807346343994,-0.19347918033599854,-0.08544507912534982,0.004234135150909424,-0.14048784971237183,-0.08001001469034463,0.08021277189254761,-0.17885354161262512,-0.03989437884825975,0.11923003196716309,-0.2561385929584503,-0.07085275194782525,0.14824622869491577,-0.29981496930122375,-0.08175182632345468,0.1725233793258667,-0.34636974334716797,-0.08485792867082864
Y,-0.08024805784225464,-0.0460127592086792,-0.034538526015694515,-0.13552886247634888,-0.130374014377594,-0.058064088153059856,-0.1737654209136963,-0.21323084831237793,-0.08278909690898217,-0.21944588422775269,-0.2639092206954956,-0.10241714485209741,-0.059083402156829834,-0.22401219606399536,-0.035618700014765636,-0.061705946922302246,-0.28305166959762573,-0.07548477120917596,-0.06429123878479004,-0.20503056049346924,-0.0926907769612626,-0.06672674417495728,-0.1362549364566803,-0.0978392920665101,-0.005048513412475586,-0.22461232542991638,-0.03601060800474443,-0.0073626041412353516,-0.27095282077789307,-0.08906812586110391,-0.02329719066619873,-0.17969191074371338,-0.10927447296899118,-0.03197324275970459,-0.11274805665016174,-0.11525306470912255,0.04806673526763916,-0.21903139352798462,-0.04174969338100709,0.06046795845031738,-0.2975594401359558,-0.09519354619305886,0.034711241722106934,-0.2281537652015686,-0.10393879182856836,0.014329493045806885,-0.16869908571243286,-0.09845945604365625,0.09370005130767822,-0.20566970109939575,-0.04895455382984437,0.13847750425338745,-0.295487642288208,-0.08394291617196359,0.17191284894943237,-0.3449060767889023,-0.09723914034884729,0.20010507106781006,-0.396870955824852,-0.10190784551423349
V,-0.0488814115524292,-0.024035334587097168,-0.023585711982661905,-0.08408105373382568,-0.08306866884231567,-0.040141811039859476,-0.060201168060302734,-0.12172561883926392,-0.057705697980338755,-0.021014630794525146,-0.13989460468292236,-0.07425623145383042,-0.06263744831085205,-0.18976610898971558,-0.032104862299377146,-0.08693301677703857,-0.2667718827724457,-0.057625067797118845,-0.09870278835296631,-0.31527674198150635,-0.07354842629712266,-0.10569560527801514,-0.3606947660446167,-0.08463866766970796,-0.020636379718780518,-0.19437450170516968,-0.03900524359625024,-0.007674813270568848,-0.2845083475112915,-0.0675077935723607,0.007476091384887695,-0.34357964992523193,-0.08323588725608033,0.020656168460845947,-0.3953325152397156,-0.09084442761223954,0.014717042446136475,-0.17370420694351196,-0.04805993047040147,0.022882282733917236,-0.20127886533737183,-0.08469788488429231,0.007943928241729736,-0.13387709856033325,-0.08548085894864244,-0.004506707191467285,-0.0840984582901001,-0.07586344834845704,0.04311931133270264,-0.1390872597694397,-0.059215859886819544,0.047701478004455566,-0.14408457279205322,-0.08848834541123551,0.030192673206329346,-0.0944012999534607,-0.08571448680442018,0.014225304126739502,-0.05569344758987427,-0.07664632555525941
V,-0.04419189691543579,-0.027864694595336914,-0.027128078090299823,-0.06765460968017578,-0.08456951379776001,-0.04267214243327544,-0.034533560276031494,-0.11960309743881226,-0.05752673749839232,0.0013241767883300781,-0.1394936442375183,-0.07106148083721564,-0.05203354358673096,-0.1816856861114502,-0.031811967538942554,-0.07139521837234497,-0.2578427791595459,-0.05427863081013129,-0.0822637677192688,-0.3052508234977722,-0.0678274520209925,-0.0897098183631897,-0.34862661361694336,-0.07707528402124808,-0.011198639869689941,-0.1869826316833496,-0.035152576910604694,-0.0018234848976135254,-0.27281454205513,-0.058816827880491473,0.008619844913482666,-0.327833354473114,-0.07251096894060538,0.01768934726715088,-0.37632206082344055,-0.07962229480062888,0.021868884563446045,-0.1660757064819336,-0.04124965895925925,0.0397910475730896,-0.1980610489845276,-0.0757675879171984,0.030532479286193848,-0.1402696967124939,-0.08052165438448355,0.021239280700683594,-0.09423398971557617,-0.07435387005125449,0.047697246074676514,-0.12997418642044067,-0.04939204459105895,0.06070387363433838,-0.13852781057357788,-0.07934505869661734,0.048610031604766846,-0.09656941890716553,-0.08073161174570487,0.03602117300033569,-0.06109273433685303,-0.07500784476314948
V,-0.04213118553161621,-0.02469104528427124,-0.024295657531126835,-0.06674730777740479,-0.07901281118392944,-0.038893719793065884,-0.03700673580169678,-0.11225646734237671,-0.05338689836929689,-0.0013402104377746582,-0.12876981496810913,-0.06688055175612817,-0.04994368553161621,-0.1702650785446167,-0.028978675261839726,-0.07072794437408447,-0.241216242313385,-0.04977224546740899,-0.08188468217849731,-0.2846919298171997,-0.062315301627620556,-0.08899301290512085,-0.32507872581481934,-0.07107110101054559,-0.01196664571762085,-0.1743965744972229,-0.03317640128801713,-0.0030609965324401855,-0.2556264102458954,-0.05621369707654367,0.006571471691131592,-0.30791646242141724,-0.06946606713603387,0.015040218830108643,-0.3543042540550232,-0.07621601003478418,0.018929243087768555,-0.15516698360443115,-0.03974338400433908,0.03280562162399292,-0.18600153923034668,-0.07265861857007394,0.019023597240447998,-0.1272607445716858,-0.07551096159289727,0.007078707218170166,-0.08260470628738403,-0.06842123496602426,0.04329049587249756,-0.12268668413162231,-0.048199159682496884,0.04998296499252319,-0.12910467386245728,-0.07594477164815316,0.03600955009460449,-0.08582645654678345,-0.07538964378903756,0.023584604263305664,-0.05178201198577881,-0.06859973597596536
V,-0.04733622074127197,-0.022994160652160645,-0.025212982265941264,-0.0809175968170166,-0.08641093969345093,-0.0402750126707474,-0.054076969623565674,-0.12381476163864136,-0.05536005419372714,-0.014897406101226807,-0.1387338638305664,-0.0693689301299969,-0.06110161542892456,-0.18859267234802246,-0.03319510590910113,-0.0850299596786499,-0.2654273509979248,-0.05804661062239802,-0.09710395336151123,-0.3136383295059204,-0.07365554717063105,-0.10463458299636841,-0.35874712467193604,-0.0848706304716984,-0.019045650959014893,-0.1939234733581543,-0.03860620555161631,-0.005607485771179199,-0.2828744351863861,-0.0668308898496548,0.010621130466461182,-0.340841680765152,-0.08279697742938197,0.024588167667388916,-0.39316266775131226,-0.09071313735722697,0.016308188438415527,-0.17431402206420898,-0.04620305967210925,0.030202507972717285,-0.20315992832183838,-0.08293093141793406,0.01596122980117798,-0.13387733697891235,-0.08416191634415782,0.0031298398971557617,-0.0835462212562561,-0.07504370954512751,0.045404136180877686,-0.14064329862594604,-0.056018827079526545,0.051833152770996094,-0.13829582929611206,-0.08709206578015483,0.03481709957122803,-0.08654278516769409,-0.0858847364473263,0.01899564266204834,-0.04897123575210571,-0.0777491494703213
V,-0.0587688684463501,-0.02493995428085327,-0.03526229948772652,-0.10074841976165771,-0.09603261947631836,-0.05782895700110657,-0.0662650465965271,-0.14157700538635254,-0.07981448412908776,-0.01493293046951294,-0.1635974645614624,-0.10038073153270943,-0.07725536823272705,-0.2300381064414978,-0.049850256899730994,-0.10452026128768921,-0.328340083360672,-0.08450856597198708,-0.11781197786331177,-0.39029014110565186,-0.10570077390445931,-0.1268916130065918,-0.44915732741355896,-0.12066112996114953,-0.023100852966308594,-0.23819786310195923,-0.05626447663678391,-0.003816843032836914,-0.34941112995147705,-0.09459691287054284,0.016637086868286133,-0.423453688621521,-0.11536462397350533,0.032482147216796875,-0.4902836084365845,-0.12563200087322457,0.021259307861328125,-0.2134023904800415,-0.06554966212286217,0.03860044479370117,-0.2419428825378418,-0.11470698357595666,0.024098336696624756,-0.1556221842765808,-0.11726595998777611,0.009165167808532715,-0.09248876571655273,-0.1059546375371383,0.05580192804336548,-0.1711212396621704,-0.07785270155443413,0.06773817539215088,-0.16286909580230713,-0.11987650186790688,0.04882955551147461,-0.09762948751449585,-0.1197514811254905,0.028067350387573242,-0.048046231269836426,-0.11008360774292214
V,-0.051408350467681885,-0.0365900993347168,-0.028975818728838476,-0.08034276962280273,-0.10566103458404541,-0.04641579878870061,-0.04251420497894287,-0.14577531814575195,-0.06382430014554075,0.0042923688888549805,-0.161526620388031,-0.08023921070042661,-0.059839725494384766,-0.21850532293319702,-0.038562190210257086,-0.08435499668121338,-0.30579352378845215,-0.06665429142657331,-0.09782886505126953,-0.362356960773468,-0.08406439093295148,-0.10815995931625366,-0.4140566885471344,-0.09635413852873853,-0.011250615119934082,-0.22290641069412231,-0.044934504156742605,0.002507925033569336,-0.3245052397251129,-0.07478759107533506,0.018680572509765625,-0.39174383878707886,-0.09189784941617063,0.03204059600830078,-0.4500008225440979,-0.10091167358103803,0.027660787105560303,-0.19543486833572388,-0.053994156842861685,0.050327301025390625,-0.2352999448776245,-0.09500065115634015,0.038723886013031006,-0.16456371545791626,-0.09826505598965696,0.02617865800857544,-0.10838931798934937,-0.08941234317961744,0.05732405185699463,-0.15051555633544922,-0.06544484612885526,0.07341885566711426,-0.1603330373764038,-0.10095574376526883,0.05840247869491577,-0.10958123207092285,-0.10082035926524213,0.04087412357330322,-0.06605732440948486,-0.0927461129182916
V,-0.04389399290084839,-0.03005063533782959,-0.030667681571856065,-0.06561297178268433,-0.08984923362731934,-0.04892361941637091,-0.028857529163360596,-0.12110567092895508,-0.06644093650282912,0.012029409408569336,-0.1360940933227539,-0.08260377901495985,-0.04486954212188721,-0.19065725803375244,-0.03693476351799063,-0.06323564052581787,-0.2675384283065796,-0.06157606500090651,-0.07436025142669678,-0.3169255256652832,-0.0759038444131761,-0.08092999458312988,-0.36329740285873413,-0.0861630927294641,-0.0025521516799926758,-0.1936597228050232,-0.04022149401606612,0.012225747108459473,-0.2808690071105957,-0.06779870795907073,0.027431130409240723,-0.3392637372016907,-0.08338229018153243,0.042162418365478516,-0.3926337957382202,-0.09163752603234343,0.030282914638519287,-0.1692609190940857,-0.04633753034175925,0.05386710166931152,-0.19986701011657715,-0.08510891753138594,0.03900212049484253,-0.13390785455703735,-0.08858097749651961,0.025352537631988525,-0.08376574516296387,-0.08047047662438445,0.056014299392700195,-0.129255473613739,-0.05483787539304785,0.07018160820007324,-0.13357067108154297,-0.08810610729159407,0.05566573143005371,-0.08877545595169067,-0.08921690690220885,0.04076451063156128,-0.05289977788925171,-0.08259849655331664
V,-0.04324871301651001,-0.024346351623535156,-0.02097077705815309,-0.07765358686447144,-0.0789107084274292,-0.03472019956365102,-0.05882453918457031,-0.11420398950576782,-0.049219144889264044,-0.023039519786834717,-0.1319776177406311,-0.062357833990006384,-0.05674082040786743,-0.1810407042503357,-0.028594337784795698,-0.0782773494720459,-0.2532157897949219,-0.05124094189062589,-0.08976781368255615,-0.29782599210739136,-0.06511884407058233,-0.09670913219451904,-0.34036701917648315,-0.07502802685752386,-0.017549872398376465,-0.18441247940063477,-0.0342755675400781,-0.004702925682067871,-0.2674567699432373,-0.05863790065899366,0.010559916496276855,-0.3208664059638977,-0.07254925594583028,0.024714291095733643,-0.3703325390815735,-0.07973340378060811,0.014828383922576904,-0.16461610794067383,-0.04184964523568624,0.023295581340789795,-0.18158423900604248,-0.07293800488963598,0.005521833896636963,-0.11836344003677368,-0.07334184125915044,-0.008675873279571533,-0.07347673177719116,-0.06516688541427129,0.04124647378921509,-0.13113808631896973,-0.05156149939551824,0.04199814796447754,-0.1197366714477539,-0.07662250325932973,0.023105382919311523,-0.07486283779144287,-0.07504105047240728,0.006299316883087158,-0.04347562789916992,-0.06793739871039861
V,-0.05160641670227051,-0.022177815437316895,-0.026564690748500652,-0.09134846925735474,-0.08024454116821289,-0.04582288814549429,-0.06993120908737183,-0.12374109029769897,-0.06559864384894354,-0.027615368366241455,-0.14441150426864624,-0.08410655660395605,-0.06878602504730225,-0.20021384954452515,-0.038093544075536556,-0.09427720308303833,-0.28434205055236816,-0.06681757373576147,-0.10718721151351929,-0.3369632363319397,-0.08451633853678686,-0.11548149585723877,-0.3857728838920593,-0.09699033899073584,-0.023348093032836914,-0.2054956555366516,-0.045489284673976726,-0.007757008075714111,-0.3026074171066284,-0.07736208243136389,0.00935673713684082,-0.3653562366962433,-0.09436698956255896,0.023410797119140625,-0.4210522174835205,-0.10238365782265646,0.015607655048370361,-0.18280702829360962,-0.055057759860801525,0.02529275417327881,-0.21352076530456543,-0.09536405606036169,0.007615149021148682,-0.13814979791641235,-0.09484682930474264,-0.0075601935386657715,-0.08368474245071411,-0.08342459751133902,0.04724693298339844,-0.14449656009674072,-0.06693471176390631,0.04958784580230713,-0.14484727382659912,-0.09976930124526007,0.028442084789276123,-0.0890730619430542,-0.09632516605620367,0.008602678775787354,-0.0480349063873291,-0.08586546731953604
V,-0.049656033515930176,-0.0347747802734375,-0.023899114133371313,-0.08106863498687744,-0.10215383768081665,-0.03944932893062969,-0.048667311668395996,-0.1434922218322754,-0.05547994971419712,-0.0036420226097106934,-0.15868443250656128,-0.07076461091781994,-0.057794928550720215,-0.20663225650787354,-0.03313667550827404,-0.08217579126358032,-0.2891845405101776,-0.057895670087589224,-0.09503740072250366,-0.34058713912963867,-0.07302659228588482,-0.10413646697998047,-0.3874717950820923,-0.08354668542887111,-0.013121426105499268,-0.21057963371276855,-0.04045751914526363,-0.00025141239166259766,-0.3085848093032837,-0.06599122509504696,0.014066159725189209,-0.3692018389701843,-0.08022179678226848,0.025939881801605225,-0.42096585035324097,-0.0876351170256271,0.023479223251342773,-0.1858465075492859,-0.05004806295181652,0.04054081439971924,-0.22159475088119507,-0.08535432294155498,0.025352299213409424,-0.16023653745651245,-0.08817761615063091,0.011167407035827637,-0.1103135347366333,-0.08080801591421505,0.051642000675201416,-0.145236074924469,-0.061643032731069525,0.05947190523147583,-0.15332669019699097,-0.09074141308809658,0.042315781116485596,-0.1072356104850769,-0.08892977461363216,0.026488959789276123,-0.06780862808227539,-0.0812564589097633
V,-0.043258845806121826,-0.03455781936645508,-0.027434391325243723,-0.06350159645080566,-0.09827381372451782,-0.04261599051011444,-0.02854931354522705,-0.1322474479675293,-0.05747101770890595,0.010423660278320312,-0.14567744731903076,-0.07101348729980828,-0.043128371238708496,-0.19472074508666992,-0.03003442043615223,-0.06131869554519653,-0.2717900276184082,-0.05232824700129868,-0.07099473476409912,-0.32034456729888916,-0.06608424278152825,-0.0762987732887268,-0.3659963309764862,-0.07621189149273278,-0.0016605257987976074,-0.19607633352279663,-0.03390362056148888,0.011522114276885986,-0.28151750564575195,-0.05869220512164475,0.02542877197265625,-0.3364276885986328,-0.07371348085058571,0.03883063793182373,-0.38701725006103516,-0.08204550238502861,0.03086906671524048,-0.17152565717697144,-0.040589719435104143,0.054293930530548096,-0.20744556188583374,-0.07652728947056175,0.039376795291900635,-0.14559954404830933,-0.08039694221866966,0.02572178840637207,-0.0976305603981018,-0.0734882721508825,0.05638974905014038,-0.13133829832077026,-0.04949618073356987,0.07166171073913574,-0.1390475034713745,-0.08118853660477043,0.05548274517059326,-0.09582197666168213,-0.08281619789255501,0.03962463140487671,-0.06020331382751465,-0.07710093947304131
V,-0.040460288524627686,-0.033146798610687256,-0.026020713790671834,-0.05854254961013794,-0.09017151594161987,-0.040544609248058805,-0.024037837982177734,-0.12191861867904663,-0.05410146591009379,0.012715399265289307,-0.13326793909072876,-0.06639863055886508,-0.040073394775390625,-0.17641723155975342,-0.03125911083759547,-0.05434530973434448,-0.250399649143219,-0.052014662593023786,-0.062353312969207764,-0.2966617941856384,-0.06360301625670672,-0.06835472583770752,-0.3388071656227112,-0.07132507365884067,-0.0007509589195251465,-0.17983311414718628,-0.03382045280875445,0.011455535888671875,-0.25948357582092285,-0.05636908364238025,0.023520171642303467,-0.3096562623977661,-0.06800371658744098,0.03356987237930298,-0.35393136739730835,-0.07314653944911242,0.030009031295776367,-0.15909528732299805,-0.03891942155303241,0.05179470777511597,-0.18247520923614502,-0.07255300384701968,0.0415574312210083,-0.12662488222122192,-0.07641437900008441,0.030516326427459717,-0.08264654874801636,-0.0692817593807149,0.05335003137588501,-0.12344181537628174,-0.04589794081391574,0.06889444589614868,-0.1275705099105835,-0.07508555304946185,0.05622357130050659,-0.08616304397583008,-0.07602902752103091,0.04227781295776367,-0.05086582899093628,-0.06977346789778949
V,-0.04266047477722168,-0.043074965476989746,-0.026805685684337277,-0.05691748857498169,-0.113189697265625,-0.040124194547786374,-0.016200661659240723,-0.15870115160942078,-0.05316882379378285,0.022825419902801514,-0.1795063316822052,-0.064873633757486,-0.042815208435058594,-0.20115017890930176,-0.0220121870192429,-0.06437575817108154,-0.27815234661102295,-0.0415914001318356,-0.0780266523361206,-0.32829099893569946,-0.054367350265636105,-0.08748805522918701,-0.37231770157814026,-0.06326548554028477,-0.00023120641708374023,-0.20635756850242615,-0.02444976925875153,0.008343040943145752,-0.2963024079799652,-0.04543012179459538,0.015801668167114258,-0.34973838925361633,-0.05886691235031094,0.022962212562561035,-0.3967335969209671,-0.06563622303332295,0.03431493043899536,-0.1842106282711029,-0.030244627818717618,0.05753356218338013,-0.23310640454292297,-0.06454056300248112,0.04707688093185425,-0.17661744356155396,-0.06995015390242543,0.03648650646209717,-0.13073113560676575,-0.06327636338795628,0.06291496753692627,-0.14377549290657043,-0.037798823640002865,0.08090013265609741,-0.17435222864151,-0.06631701238478627,0.0702962875366211,-0.13900604844093323,-0.06644367225493397,0.05841338634490967,-0.1040722131729126,-0.05944105781640019
V,-0.03422421216964722,-0.035484135150909424,-0.024595084047518867,-0.045844972133636475,-0.08849728107452393,-0.038096359378300804,-0.013802587985992432,-0.1202424168586731,-0.0513700679006206,0.017812788486480713,-0.1341814398765564,-0.06319353581091036,-0.0322914719581604,-0.16917204856872559,-0.023428010201655525,-0.04581320285797119,-0.23538023233413696,-0.04220565632601847,-0.05346721410751343,-0.2773677706718445,-0.054070635146103996,-0.057185232639312744,-0.31561946868896484,-0.06254086495061983,0.003824770450592041,-0.17098188400268555,-0.026117002970181602,0.015858352184295654,-0.24464577436447144,-0.04646790251752009,0.026535868644714355,-0.2925555408000946,-0.05972059295197596,0.036658644676208496,-0.33541280031204224,-0.06712563187500109,0.03164494037628174,-0.1493605375289917,-0.031601438677512306,0.05216407775878906,-0.18008798360824585,-0.06253144741674532,0.04214972257614136,-0.13063907623291016,-0.06803399921079745,0.032141029834747314,-0.09099942445755005,-0.06330546588321795,0.052724361419677734,-0.11294746398925781,-0.03893654645105471,0.06856173276901245,-0.12485778331756592,-0.06563082188984026,0.057721078395843506,-0.0920642614364624,-0.06778018773218264,0.04614537954330444,-0.06223088502883911,-0.06339432150741686
W,-0.041711270809173584,-0.01795905828475952,-0.0236357553401092,-0.06474900245666504,-0.06345260143280029,-0.0327638974883655,-0.034558236598968506,-0.10139971971511841,-0.037933203438768714,-0.0007432103157043457,-0.12913888692855835,-0.043473037938127845,-0.07252180576324463,-0.15285402536392212,-0.024275516206870407,-0.10497862100601196,-0.21331626176834106,-0.034986513713846534,-0.12241750955581665,-0.25347018241882324,-0.042301985482225746,-0.13633716106414795,-0.29133474826812744,-0.048879540572414726,-0.039090096950531006,-0.1730823516845703,-0.026920563588390678,-0.05231785774230957,-0.25524377822875977,-0.03726972551132235,-0.05641454458236694,-0.30830228328704834,-0.046683824668178886,-0.06085175275802612,-0.3527735471725464,-0.053179591009865135,-0.0082550048828125,-0.16754436492919922,-0.032308961311827034,0.0022298693656921387,-0.23501354455947876,-0.05259361402178797,0.008495509624481201,-0.28586551547050476,-0.07066536978865656,0.010976314544677734,-0.3317267596721649,-0.08220518664504084,0.02129948139190674,-0.14086347818374634,-0.038792680064688057,0.02407991886138916,-0.16964483261108398,-0.059908422688494056,0.021828532218933105,-0.13456082344055176,-0.06400830582762751,0.018726766109466553,-0.09742194414138794,-0.06576630757237467
W,-0.038330137729644775,-0.023868143558502197,-0.02321549653669308,-0.05769425630569458,-0.0758141279220581,-0.03134395889600228,-0.024724721908569336,-0.10543787479400635,-0.03605429418047379,0.013280034065246582,-0.12240594625473022,-0.04258183352311562,-0.06139731407165527,-0.15413033962249756,-0.0237076111104102,-0.08778893947601318,-0.21575331687927246,-0.0351462509449334,-0.10235446691513062,-0.2567172050476074,-0.0440898347612233,-0.11436277627944946,-0.2958211302757263,-0.051984216641983494,-0.029087722301483154,-0.17288696765899658,-0.026542706039151653,-0.036179184913635254,-0.2527352571487427,-0.03456345535477112,-0.037788987159729004,-0.30577582120895386,-0.04536229334433983,-0.039755046367645264,-0.3514406085014343,-0.053913820159039005,-0.0010421276092529297,-0.16657429933547974,-0.032006702941259846,0.012894034385681152,-0.23124665021896362,-0.05007764659484337,0.018661439418792725,-0.2799500823020935,-0.07133824713190506,0.021522998809814453,-0.324558287858963,-0.08666825629433106,0.025352060794830322,-0.14210659265518188,-0.038723166656097874,0.03211015462875366,-0.1582145094871521,-0.06192492283543061,0.03028017282485962,-0.12253063917160034,-0.07045083827932785,0.027621686458587646,-0.08840340375900269,-0.0757564339753003
W,-0.03484755754470825,-0.02355736494064331,-0.02535795333855617,-0.0497661828994751,-0.06815320253372192,-0.036035007862977864,-0.016558289527893066,-0.09421390295028687,-0.04233738320940006,0.018540382385253906,-0.11339879035949707,-0.05001956882946956,-0.051710665225982666,-0.15130674839019775,-0.028830708070330502,-0.07479536533355713,-0.21051007509231567,-0.04190804722779262,-0.08775180578231812,-0.249828040599823,-0.05197258207076061,-0.0977514386177063,-0.28855448961257935,-0.060180659471683384,-0.01928025484085083,-0.16689527034759521,-0.03039846482747066,-0.024625658988952637,-0.24471372365951538,-0.039800512670211674,-0.02476435899734497,-0.2950921654701233,-0.05030717241638172,-0.02574402093887329,-0.340069055557251,-0.05829499575369823,0.007791459560394287,-0.15853679180145264,-0.03450449097030628,0.021735429763793945,-0.22160857915878296,-0.053505207477741124,0.0296783447265625,-0.26906198263168335,-0.07304923894875515,0.033700406551361084,-0.3132118582725525,-0.08665759029858577,0.033295273780822754,-0.1316477656364441,-0.0398694789695071,0.03969454765319824,-0.15026986598968506,-0.06189854729049671,0.03700000047683716,-0.11541247367858887,-0.0680350280093478,0.03276491165161133,-0.0801851749420166,-0.07140297356122005
W,-0.03058779239654541,-0.028256714344024658,-0.026960543649835245,-0.038060009479522705,-0.07733488082885742,-0.0344287336939999,-4.2557716369628906e-05,-0.10941159725189209,-0.037115342276734964,0.034958481788635254,-0.1298590898513794,-0.04000340338293995,-0.03889620304107666,-0.1624908447265625,-0.02050548541788544,-0.05939203500747681,-0.2264586091041565,-0.030610275747818605,-0.07032537460327148,-0.26747244596481323,-0.04008256207649197,-0.07861477136611938,-0.3059351444244385,-0.047497733789128915,-0.0057621002197265625,-0.17477071285247803,-0.020451841237587587,-0.009665191173553467,-0.25459814071655273,-0.024626164990110055,-0.011317968368530273,-0.3053264617919922,-0.03379356424753155,-0.013814210891723633,-0.34843865036964417,-0.04119365598504032,0.02036106586456299,-0.1638808250427246,-0.02390921238307442,0.03429901599884033,-0.23016226291656494,-0.039142771917028085,0.04112190008163452,-0.27711600065231323,-0.05858005146924938,0.043404221534729004,-0.31955045461654663,-0.07214654918257679,0.04452848434448242,-0.13301724195480347,-0.02914091135804142,0.058595478534698486,-0.16496974229812622,-0.04741404514257397,0.06005215644836426,-0.13796645402908325,-0.05212809081618275,0.057171642780303955,-0.10308897495269775,-0.054476986932201044
W,-0.03743177652359009,-0.022786080837249756,-0.024338325169139807,-0.05730170011520386,-0.06996738910675049,-0.03144537625854582,-0.027794480323791504,-0.10817575454711914,-0.034470747839861815,0.0038741230964660645,-0.13432514667510986,-0.037599987965279524,-0.06052887439727783,-0.15524286031723022,-0.019057605099135344,-0.08963853120803833,-0.21434998512268066,-0.0296578497255382,-0.10504186153411865,-0.25227341055870056,-0.038841578792983,-0.11624634265899658,-0.2883031368255615,-0.04642602769678206,-0.027386784553527832,-0.1717427372932434,-0.020720254313403075,-0.03766822814941406,-0.24975144863128662,-0.026925714370065634,-0.041426002979278564,-0.29716962575912476,-0.03558671442812056,-0.044934868812561035,-0.33796679973602295,-0.042601916622572844,0.000793159008026123,-0.16398745775222778,-0.02594315415268511,0.008201777935028076,-0.2327566146850586,-0.04242316229289145,0.010463297367095947,-0.2775910794734955,-0.0598739978486833,0.009608209133148193,-0.32005518674850464,-0.07198398528640837,0.028706789016723633,-0.134881854057312,-0.03267046405022711,0.030435621738433838,-0.17145657539367676,-0.050576742422038024,0.026868462562561035,-0.14280223846435547,-0.053767446112090056,0.021783173084259033,-0.10884755849838257,-0.05554433880394072
X,-0.04419916868209839,-0.01791524887084961,-0.027152132817505503,-0.0821995735168457,-0.07550764083862305,-0.04288254921972623,-0.08233839273452759,-0.13929376006126404,-0.05795691778600087,-0.056587278842926025,-0.18229418992996216,-0.06967528780639043,-0.06714773178100586,-0.17463761568069458,-0.014355314538775588,-0.07305383682250977,-0.2324478030204773,-0.04277006407916417,-0.07417404651641846,-0.2667607367038727,-0.05579992999970784,-0.06734877824783325,-0.28839004039764404,-0.06292954703509679,-0.024496853351593018,-0.176900714635849,-0.017771816455720568,-0.016989827156066895,-0.2289544641971588,-0.05952838306963315,-0.02587836980819702,-0.1592869758605957,-0.0630307482713448,-0.026863574981689453,-0.1316279172897339,-0.05237077047765126,0.012472867965698242,-0.16278380155563354,-0.02694483717620244,0.01680809259414673,-0.17169761657714844,-0.06465165933310857,0.0036383867263793945,-0.11094337701797485,-0.05169015994012227,0.0032576322555541992,-0.1058659553527832,-0.03173528110325208,0.04809051752090454,-0.13888764381408691,-0.039210541748403216,0.04632765054702759,-0.1370408833026886,-0.05856982489764562,0.03336101770401001,-0.09741878509521484,-0.048414039068816805,0.03001701831817627,-0.09657013416290283,-0.03530854975521436
X,-0.046239376068115234,-0.03393667936325073,-0.028820814098164504,-0.07774090766906738,-0.10226443409919739,-0.044737522954985565,-0.06623929738998413,-0.17351707816123962,-0.059617047662779754,-0.03348654508590698,-0.21493637561798096,-0.07040837546710677,-0.06616151332855225,-0.20849600434303284,-0.010895794722184604,-0.06894278526306152,-0.26801419258117676,-0.040529874618098205,-0.06507605314254761,-0.3091719150543213,-0.05502116447214789,-0.05477482080459595,-0.33135730028152466,-0.06326291104678816,-0.01717698574066162,-0.2033737599849701,-0.015086040365442699,-0.0003895759582519531,-0.2694857120513916,-0.06147639965538687,-0.007966279983520508,-0.1945989727973938,-0.0661842687976808,-0.012006223201751709,-0.15953397750854492,-0.05452941497688002,0.02405339479446411,-0.1815645396709442,-0.025465743149563735,0.03780853748321533,-0.20760813355445862,-0.06712213298206038,0.02180933952331543,-0.1422126293182373,-0.051228442693993514,0.014830350875854492,-0.13131743669509888,-0.027822868431851333,0.06169140338897705,-0.14773717522621155,-0.03925475245241827,0.0700339674949646,-0.16816413402557373,-0.062260983045145935,0.05383831262588501,-0.12417781352996826,-0.04961097752575583,0.04204076528549194,-0.11589860916137695,-0.033599840010449356
X,-0.05179840326309204,-0.019951462745666504,-0.03006574474845536,-0.09267717599868774,-0.08371752500534058,-0.04682610892329819,-0.08710873126983643,-0.1538841724395752,-0.06264584847365029,-0.05894601345062256,-0.19999104738235474,-0.07523217388067849,-0.07583469152450562,-0.18579620122909546,-0.017994163191062285,-0.08468204736709595,-0.2523181140422821,-0.04926359244261391,-0.08661872148513794,-0.28939568996429443,-0.06368515976343758,-0.08279669284820557,-0.3179115951061249,-0.07169789411697991,-0.029778361320495605,-0.19099611043930054,-0.021674090629559828,-0.02424687147140503,-0.2529526352882385,-0.06833269037876732,-0.02677077054977417,-0.17585885524749756,-0.07293668725166924,-0.025560498237609863,-0.14393198490142822,-0.061219863226753546,0.01100456714630127,-0.17885005474090576,-0.031384139886242224,0.016843080520629883,-0.1889057755470276,-0.07514017411146767,0.006292462348937988,-0.11992233991622925,-0.06352941282663949,0.0034787654876708984,-0.11115062236785889,-0.04226570167217858,0.049968838691711426,-0.15574240684509277,-0.04422866516385682,0.05139768123626709,-0.15459370613098145,-0.06697266139660485,0.03828537464141846,-0.10835903882980347,-0.056882761051994635,0.03064119815826416,-0.10326170921325684,-0.042768716445308996
X,-0.04115641117095947,-0.024459660053253174,-0.0261774444450964,-0.07444965839385986,-0.07872605323791504,-0.04415892338951721,-0.06983566284179688,-0.13641846179962158,-0.0616234903653492,-0.03969979286193848,-0.17030638456344604,-0.0760910054167141,-0.057897090911865234,-0.17677569389343262,-0.019656044380866433,-0.062433063983917236,-0.23658400774002075,-0.04998439824780121,-0.06050056219100952,-0.26850324869155884,-0.06546015939315453,-0.05531919002532959,-0.2832515835762024,-0.07358986041148796,-0.014931797981262207,-0.17523372173309326,-0.024265577035151864,-0.003834843635559082,-0.22084319591522217,-0.06651250919898644,-0.008584737777709961,-0.1525593400001526,-0.07163109532197609,-0.01191699504852295,-0.12099134922027588,-0.062375488640867616,0.022412478923797607,-0.15729141235351562,-0.033947738768659974,0.032078444957733154,-0.1594216227531433,-0.073090358587109,0.01835942268371582,-0.09913915395736694,-0.06310148439010277,0.010467052459716797,-0.08762717247009277,-0.04501682049235001,0.05631369352340698,-0.12874960899353027,-0.04633092782100334,0.06157982349395752,-0.120902419090271,-0.0676737268885006,0.04584145545959473,-0.08048039674758911,-0.05858822441300049,0.0336000919342041,-0.07355862855911255,-0.04570207274159088
X,-0.04745262861251831,-0.011846363544464111,-0.018572782812555033,-0.08818483352661133,-0.0661277174949646,-0.0302765943984582,-0.09363305568695068,-0.12187027931213379,-0.04308234871729155,-0.07059937715530396,-0.15778601169586182,-0.05233311997159262,-0.07147294282913208,-0.17356020212173462,-0.010692842019636828,-0.06732171773910522,-0.23612987995147705,-0.04125447542770644,-0.07031625509262085,-0.26152580976486206,-0.05661040516002913,-0.07082223892211914,-0.2688170075416565,-0.06424386025770445,-0.031350791454315186,-0.18380308151245117,-0.01679344819291373,-0.03961753845214844,-0.1866416335105896,-0.05385465146406432,-0.0481877326965332,-0.12324827909469604,-0.05639471085174819,-0.04687458276748657,-0.10211974382400513,-0.047434583021242815,0.005442202091217041,-0.16876155138015747,-0.0282015238831832,-0.007382988929748535,-0.12246143817901611,-0.058546166581948,-0.017074227333068848,-0.0708877444267273,-0.04585938872202178,-0.014446437358856201,-0.07596462965011597,-0.02929376037224074,0.03904598951339722,-0.13960450887680054,-0.042844254238445956,0.021516084671020508,-0.08372002840042114,-0.05828235642417212,0.01144564151763916,-0.047058701515197754,-0.049582298559982974,0.012258291244506836,-0.05597496032714844,-0.038165330601771075
X,-0.050633370876312256,-0.009259819984436035,-0.018610602249395924,-0.09841728210449219,-0.06915277242660522,-0.026946473871362286,-0.1074175238609314,-0.13053405284881592,-0.036473747347486096,-0.09026306867599487,-0.17150866985321045,-0.04297572002280958,-0.08130383491516113,-0.17508620023727417,-0.004328185697090703,-0.0823248028755188,-0.2462143898010254,-0.030046148230326253,-0.0901220440864563,-0.27600300312042236,-0.03967877850402601,-0.09424179792404175,-0.2905650734901428,-0.04325363785494574,-0.04121500253677368,-0.1871280074119568,-0.009161750790667611,-0.05453014373779297,-0.21753674745559692,-0.04615153372753866,-0.05644500255584717,-0.14486831426620483,-0.045686401431453305,-0.04969286918640137,-0.11712586879730225,-0.03238330036867865,-0.0041408538818359375,-0.17963337898254395,-0.01965039223898657,-0.020508408546447754,-0.1549815535545349,-0.05233977362979658,-0.02383357286453247,-0.09242784976959229,-0.03994246572722204,-0.01704084873199463,-0.0889970064163208,-0.021228047092449742,0.02964848279953003,-0.159784197807312,-0.032863058154475766,0.009586215019226074,-0.11837780475616455,-0.048149827872407513,0.0052852630615234375,-0.0755724310874939,-0.039630405609500485,0.01109170913696289,-0.07990777492523193,-0.02799382620025881
X,-0.05414700508117676,-0.0380895733833313,-0.02739112429577384,-0.09227180480957031,-0.12056836485862732,-0.040811192023339604,-0.08731526136398315,-0.19799533486366272,-0.054416145908418034,-0.05451369285583496,-0.2500932812690735,-0.06554749585944686,-0.07207566499710083,-0.2151062786579132,-0.008909721637847756,-0.07916837930679321,-0.28776511549949646,-0.038679852860751485,-0.08054673671722412,-0.33437730371952057,-0.05455731950956855,-0.07585430145263672,-0.37838315963745117,-0.06465020753699813,-0.024528145790100098,-0.2181292176246643,-0.016469863953771924,-0.016269147396087646,-0.3130583018064499,-0.06706924714404616,-0.02587193250656128,-0.23554584383964539,-0.07704508282500777,-0.0284653902053833,-0.18614789843559265,-0.06616393454629454,0.019517600536346436,-0.20074567198753357,-0.029493165912809705,0.02500629425048828,-0.2441316545009613,-0.07735341020185027,0.011688530445098877,-0.1684761345386505,-0.06726925798017058,0.009623169898986816,-0.14358189702033997,-0.04373474397021804,0.060775935649871826,-0.16857099533081055,-0.0451597159381536,0.06215023994445801,-0.20687627792358398,-0.06857457734900985,0.04680478572845459,-0.15838342905044556,-0.05514255143958602,0.04102015495300293,-0.14064574241638184,-0.037365708279195164
X,-0.04830843210220337,-0.03409683704376221,-0.03132825146717444,-0.08200603723526001,-0.10253250598907471,-0.047835053757852464,-0.0731590986251831,-0.17333704233169556,-0.06353787507218733,-0.0447726845741272,-0.22108671069145203,-0.07537797267836943,-0.06701630353927612,-0.20841950178146362,-0.013052787513560205,-0.07436126470565796,-0.2732698321342468,-0.04468210961026564,-0.07279837131500244,-0.31254303455352783,-0.05992271925610915,-0.06553184986114502,-0.3349943161010742,-0.06804526026648894,-0.019565343856811523,-0.20460382103919983,-0.01680488500100985,-0.006049931049346924,-0.27373167872428894,-0.06622466619414702,-0.012019634246826172,-0.19958478212356567,-0.07346033479375258,-0.01593536138534546,-0.16246658563613892,-0.06236525426906958,0.021659016609191895,-0.18377208709716797,-0.027035932869738488,0.032286763191223145,-0.20470130443572998,-0.07337856467170134,0.01871311664581299,-0.13445305824279785,-0.06204934965176001,0.011603832244873047,-0.12201225757598877,-0.03984016354483977,0.059923768043518066,-0.15246868133544922,-0.04047613765401259,0.06724458932876587,-0.16493523120880127,-0.06600472505492583,0.05121654272079468,-0.11885523796081543,-0.05615337367457762,0.038824260234832764,-0.11102122068405151,-0.04130860592526808
X,-0.03701913356781006,-0.034054577350616455,-0.029495876165814394,-0.06197476387023926,-0.09581613540649414,-0.04895071673650264,-0.04684710502624512,-0.15728121995925903,-0.06739057588834285,-0.011408865451812744,-0.19000095129013062,-0.0811473502542448,-0.04585367441177368,-0.1935124397277832,-0.016713105025477404,-0.04944252967834473,-0.2577623724937439,-0.05005681503076076,-0.0417938232421875,-0.28946948051452637,-0.06604685622710704,-0.02999722957611084,-0.29035651683807373,-0.07342649239558696,-0.002019345760345459,-0.18298834562301636,-0.01920523855347156,0.01884913444519043,-0.22738760709762573,-0.06269213545579433,0.009384632110595703,-0.16038721799850464,-0.06623762089271068,0.001685500144958496,-0.13665789365768433,-0.056002352270073885,0.034935593605041504,-0.15797173976898193,-0.028157802182025904,0.05121588706970215,-0.1648692488670349,-0.06769681710261821,0.03376436233520508,-0.11084020137786865,-0.054365083458609575,0.024033963680267334,-0.11013036966323853,-0.03480466071028232,0.06876343488693237,-0.12425702810287476,-0.04041359189409732,0.07853937149047852,-0.12162816524505615,-0.06287112820405483,0.06136775016784668,-0.086070716381073,-0.05324084672588825,0.04797762632369995,-0.08803433179855347,-0.04012535873312473
X,-0.052142977714538574,-0.003500223159790039,-0.025687085041710134,-0.1022304892539978,-0.057309865951538086,-0.03944504404992699,-0.11181384325027466,-0.11686915159225464,-0.05283301467628121,-0.08881586790084839,-0.16088682413101196,-0.062349034050413366,-0.09020620584487915,-0.17790967226028442,-0.016747628847070928,-0.08770751953125,-0.24628835916519165,-0.05102986241311669,-0.09201556444168091,-0.2720401883125305,-0.06909773642749428,-0.09345513582229614,-0.2851209044456482,-0.07887848610610604,-0.046394288539886475,-0.1932438611984253,-0.02070589507550835,-0.0502433180809021,-0.1993733048439026,-0.06413506860465645,-0.054122090339660645,-0.12983202934265137,-0.06869386280507683,-0.05198943614959717,-0.10839760303497314,-0.06027465085119843,-0.0059258341789245605,-0.18213975429534912,-0.030898876065322156,-0.011711597442626953,-0.1379547119140625,-0.06781422490806222,-0.01929384469985962,-0.07920098304748535,-0.057187305340477224,-0.01947230100631714,-0.0838698148727417,-0.040982761928745504,0.030787169933319092,-0.15701556205749512,-0.04472478995651841,0.021026909351348877,-0.09784853458404541,-0.06457007820338845,0.013785600662231445,-0.05780136585235596,-0.058207122186132665,0.013489127159118652,-0.07009083032608032,-0.04817319805354714
X,-0.05585670471191406,-0.012562096118927002,-0.02718354915460708,-0.10947415232658386,-0.08222788572311401,-0.04344389741500976,-0.11574253439903259,-0.15957480669021606,-0.06050997753819587,-0.09559911489486694,-0.21382182836532593,-0.07458619182190063,-0.09201151132583618,-0.20532137155532837,-0.01362818354001405,-0.09339913725852966,-0.28435713052749634,-0.04758153637131812,-0.1007002592086792,-0.3264002799987793,-0.06289805625757339,-0.10399237275123596,-0.3526475429534912,-0.07045494173845412,-0.04361271858215332,-0.213759183883667,-0.020773702908364555,-0.05216628313064575,-0.280626505613327,-0.06846030210336806,-0.055108070373535156,-0.19431382417678833,-0.0708928943165219,-0.04970407485961914,-0.1594560146331787,-0.05674387295922401,0.0018985271453857422,-0.20167267322540283,-0.03439456378301742,-0.00919872522354126,-0.2120654582977295,-0.07955029015621307,-0.014677345752716064,-0.1312960386276245,-0.06273272042354705,-0.009450376033782959,-0.11650168895721436,-0.037077648241130134,0.04609537124633789,-0.17622685432434082,-0.05114030619343879,0.030242860317230225,-0.18042510747909546,-0.07385828499874236,0.01990330219268799,-0.12428957223892212,-0.058477228183356544,0.020902931690216064,-0.11274510622024536,-0.03983880360802772
Z,-0.04725724458694458,0.005930721759796143,-0.01967845538997892,-0.09485214948654175,0.006722390651702881,-0.030277958683612383,-0.10670644044876099,0.015328288078308105,-0.04024612771713976,-0.0802411437034607,0.01380300521850586,-0.04501898082340006,-0.08548194169998169,-0.0657651424407959,-0.026505830310227907,-0.09615093469619751,-0.0378878116607666,-0.05126342418039087,-0.08518379926681519,-0.02670663595199585,-0.059316108547093904,-0.072287917137146,-0.029662609100341797,-0.06135479228937868,-0.0482293963432312,-0.08440274000167847,-0.028492533214333093,-0.03978383541107178,0.05402874946594238,-0.05556442456686739,-0.03611081838607788,0.06718939542770386,-0.05276996882999185,-0.036914050579071045,0.04052084684371948,-0.043606309764030016,-0.007240712642669678,-0.07387274503707886,-0.03455519916856531,-0.0056337714195251465,0.05910724401473999,-0.05426002907002214,-0.008149147033691406,0.053760528564453125,-0.03618611263478044,-0.011614620685577393,0.01951390504837036,-0.016838864035847223,0.027101218700408936,-0.05436122417449951,-0.04469442235672716,0.025503039360046387,0.045802533626556396,-0.06251350658381227,0.021723628044128418,0.04488402605056763,-0.05668793114269022,0.020958304405212402,0.016998231410980225,-0.0441358113511825
Z,-0.04342687129974365,0.003331303596496582,-0.02719212030550011,-0.08719581365585327,-0.004614412784576416,-0.04745754306694039,-0.10246032476425171,-0.011800765991210938,-0.06548367892881402,-0.08598297834396362,-0.03327566385269165,-0.07985675042053231,-0.08359599113464355,-0.0861797034740448,-0.04995492180367478,-0.09826445579528809,-0.07478797435760498,-0.09435475324769982,-0.08727890253067017,-0.08079361915588379,-0.12170475428482064,-0.07094788551330566,-0.0924345850944519,-0.1364031628288842,-0.04476684331893921,-0.11793604493141174,-0.04982558717509278,-0.03854495286941528,-0.003264486789703369,-0.09095155899902352,-0.04461437463760376,0.038213908672332764,-0.09309933786769875,-0.051072657108306885,0.035877734422683716,-0.08733692472358712,-0.0026400089263916016,-0.1120510995388031,-0.054268640331230245,-0.0008400082588195801,-0.0024119019508361816,-0.08781005894323357,-0.015703320503234863,0.025697976350784302,-0.0686638400473214,-0.025575757026672363,0.019652962684631348,-0.04798955549975403,0.032463669776916504,-0.09138661623001099,-0.0629158810295678,0.0322345495223999,-0.009168863296508789,-0.09065963780065545,0.02065300941467285,0.013974130153656006,-0.08325044517894753,0.016263186931610107,0.009692996740341187,-0.06900792276044854
Z,-0.04297715425491333,-0.0008990466594696045,-0.02881653657149741,-0.08642137050628662,-0.012640416622161865,-0.04898204145919749,-0.09905481338500977,-0.01649072766304016,-0.06592595068704554,-0.07944822311401367,-0.02900710701942444,-0.07841981438886592,-0.08193224668502808,-0.09801027178764343,-0.053468255828732936,-0.08787757158279419,-0.10091155767440796,-0.09375084428083369,-0.06274467706680298,-0.10149997472763062,-0.11646744100343653,-0.036714911460876465,-0.10149124264717102,-0.12858866391670176,-0.040363967418670654,-0.125660240650177,-0.05192490158569285,-0.027459681034088135,-0.021974623203277588,-0.09439418701421687,-0.032384514808654785,0.021285206079483032,-0.10044513134252497,-0.040288329124450684,0.027561813592910767,-0.0983555862117953,0.0023277997970581055,-0.11884894967079163,-0.05396343631636569,0.010007381439208984,-0.018085837364196777,-0.08735187588226268,-0.002285599708557129,0.012300342321395874,-0.0742546865154452,-0.012940704822540283,0.01104024052619934,-0.059224041681403605,0.03864520788192749,-0.1002524197101593,-0.0600494840551562,0.04383409023284912,-0.024159640073776245,-0.08725320784341761,0.034322142601013184,-0.001160651445388794,-0.08377748219263026,0.028484821319580078,-0.005062848329544067,-0.07409389553558299
Z,-0.03574889898300171,0.009994983673095703,-0.028141930187175035,-0.0657920241355896,0.011711061000823975,-0.046895030373761415,-0.06381428241729736,0.0031516551971435547,-0.06165447779936528,-0.04984557628631592,-0.02047663927078247,-0.0704238931183312,-0.09147226810455322,-0.07575923204421997,-0.04729706742806172,-0.11001843214035034,-0.0422358512878418,-0.0804842630867455,-0.08630174398422241,-0.021428048610687256,-0.09695101478142476,-0.059481799602508545,-0.009929299354553223,-0.10383225926203465,-0.0522153377532959,-0.10719794034957886,-0.04641126417560315,-0.04163050651550293,0.005504190921783447,-0.07823263802571034,-0.030886292457580566,0.026862263679504395,-0.08067822405142522,-0.022089719772338867,0.01590949296951294,-0.07620394178671575,-0.007522761821746826,-0.10125020146369934,-0.04922978901309705,-0.002759575843811035,0.020959198474884033,-0.0727928797249291,-0.007827222347259521,0.029442548751831055,-0.057961865747401475,-0.008597254753112793,0.01210629940032959,-0.04242378049535489,0.031350791454315186,-0.0804254412651062,-0.05628127926034665,0.030443012714385986,0.0103798508644104,-0.07690638997597432,0.02256309986114502,0.018495559692382812,-0.07115681418223119,0.020940840244293213,0.0021382570266723633,-0.05964313023729062
Z,-0.04278987646102905,0.004584074020385742,-0.02484979987664815,-0.07799732685089111,0.001956164836883545,-0.042126077642279824,-0.07714635133743286,-0.0021696090698242188,-0.05709173478706475,-0.04978823661804199,-0.01661580801010132,-0.0671321371994793,-0.083077073097229,-0.08932596445083618,-0.03770833038313981,-0.08939725160598755,-0.06076204776763916,-0.06685832836254235,-0.06950759887695312,-0.032196044921875,-0.0806836406193554,-0.04994469881057739,-0.015351951122283936,-0.08616796829326745,-0.04077380895614624,-0.10561960935592651,-0.03831808217390176,-0.03361153602600098,0.010577797889709473,-0.06700065680368539,-0.03311830759048462,0.046608567237854004,-0.07034576632602807,-0.033524274826049805,0.04199033975601196,-0.06746629573925134,0.00152665376663208,-0.09122496843338013,-0.042514182110863885,-0.0002650022506713867,0.02708977460861206,-0.0656387055717289,-0.008236050605773926,0.040919482707977295,-0.05591652118189927,-0.010937213897705078,0.024311482906341553,-0.044274195512372216,0.03559905290603638,-0.0662609338760376,-0.05027856253607865,0.031760573387145996,0.01934903860092163,-0.06864677317960854,0.02381831407546997,0.026657462120056152,-0.06416666456087228,0.022631168365478516,0.009269237518310547,-0.05475210346801873
Z,-0.05886054039001465,0.011875510215759277,-0.01695633716703071,-0.10351890325546265,0.032318830490112305,-0.03308941274703159,-0.12773752212524414,0.05419713258743286,-0.04948299601495876,-0.12072664499282837,0.052785396575927734,-0.06443206816733493,-0.10520952939987183,-0.035887837409973145,-0.03420741706908359,-0.12370032072067261,-0.017154693603515625,-0.055290984360581774,-0.1281212568283081,0.0103340744972229,-0.060962045935994524,-0.12570220232009888,0.030499756336212158,-0.06361136436284198,-0.07026654481887817,-0.04375427961349487,-0.03982409685671939,-0.08086466789245605,0.08199834823608398,-0.06491135656655445,-0.07032650709152222,0.10985791683197021,-0.06526427566826953,-0.06720238924026489,0.09537243843078613,-0.06307970583260669,-0.030432939529418945,-0.03216320276260376,-0.04763170555055751,-0.04396212100982666,0.09394329786300659,-0.07082153707564487,-0.03953742980957031,0.10386800765991211,-0.06267652511418476,-0.037951529026031494,0.0799608826637268,-0.05397449657142772,0.0052187442779541016,-0.01303929090499878,-0.05743497088373317,-0.00941532850265503,0.0812639594078064,-0.0779901877027811,-0.012988567352294922,0.09357380867004395,-0.07654002159655704,-0.013286411762237549,0.07619380950927734,-0.07138872742474689
Z,-0.05741846561431885,0.005463063716888428,-0.004740618638649607,-0.10823714733123779,0.03595733642578125,-0.01730434736604991,-0.13887092471122742,0.06854218244552612,-0.029892472088292266,-0.14378854632377625,0.09466534852981567,-0.04551512888069453,-0.11383092403411865,0.012406468391418457,-0.039210674822285796,-0.13727647066116333,0.03428524732589722,-0.06213980308170619,-0.15411806106567383,0.05550277233123779,-0.07234340673680606,-0.1661072075366974,0.06791085004806519,-0.07853846019501987,-0.08229875564575195,0.008892476558685303,-0.04880380025501552,-0.09613800048828125,0.1291401982307434,-0.0688604167699367,-0.07403039932250977,0.1525452733039856,-0.06198968878383937,-0.06190532445907593,0.13834160566329956,-0.05628992757196727,-0.04290276765823364,0.01671135425567627,-0.058744759768202925,-0.058825671672821045,0.13193213939666748,-0.08119065082068744,-0.044894397258758545,0.13890564441680908,-0.06702135270829501,-0.0349583625793457,0.11055445671081543,-0.05371657153959575,-0.005959630012512207,0.028178811073303223,-0.06860840088124576,-0.025716543197631836,0.12002801895141602,-0.0890112347006351,-0.02194046974182129,0.1275627613067627,-0.08358511096234622,-0.014966487884521484,0.10395419597625732,-0.07588773733372989
Z,-0.0480198860168457,0.003975540399551392,-0.015460732584188008,-0.09628260135650635,0.0033645331859588623,-0.02808329295862677,-0.12641674280166626,0.002803593873977661,-0.04105214979995253,-0.11873525381088257,-0.010170459747314453,-0.052861156133303666,-0.10454666614532471,-0.0698310136795044,-0.0217722581749058,-0.12054252624511719,-0.07029521465301514,-0.04901016336430075,-0.13324710726737976,-0.07851231098175049,-0.06832521986711981,-0.15050822496414185,-0.09480509161949158,-0.08331189137447836,-0.07236027717590332,-0.09659034013748169,-0.025811884743461633,-0.08516442775726318,0.01980459690093994,-0.05335867982853415,-0.06683206558227539,0.06510922312736511,-0.05568816345680716,-0.06093388795852661,0.052611321210861206,-0.054244982269892716,-0.03306323289871216,-0.09157481789588928,-0.03331745248783591,-0.042349159717559814,0.016177058219909668,-0.056319331941494966,-0.03543293476104736,0.04675590991973877,-0.045842452165970826,-0.03264009952545166,0.03412431478500366,-0.03539668974030974,0.0040051937103271484,-0.07248210906982422,-0.043502943781504655,-0.0016054511070251465,-0.005157977342605591,-0.06377532165993216,-0.004460334777832031,0.014044135808944702,-0.06203090977419379,-0.004539608955383301,0.005412399768829346,-0.05635609310616019
Z,-0.03884059190750122,0.006594747304916382,-0.025834237336184174,-0.08968228101730347,-0.010137796401977539,-0.0400548811247603,-0.11591053009033203,-0.020495235919952393,-0.053481125383640915,-0.0926586389541626,-0.04487890005111694,-0.06338151276018777,-0.08156603574752808,-0.09913027286529541,-0.02914143271651426,-0.08631980419158936,-0.11951859295368195,-0.05960693314578691,-0.08318197727203369,-0.13604992628097534,-0.07885300099756876,-0.0753517746925354,-0.15643958747386932,-0.0913738208999888,-0.04161101579666138,-0.13147452473640442,-0.028229155688549668,-0.036647260189056396,-0.019956201314926147,-0.05973794788029352,-0.04235029220581055,0.009740829467773438,-0.06156321719196001,-0.04637211561203003,-0.006013274192810059,-0.05688883468415895,0.0008350014686584473,-0.12445324659347534,-0.03239296480920473,0.00311124324798584,-0.01725316047668457,-0.058413782267834335,-0.008338212966918945,0.00023743510246276855,-0.042570800631310135,-0.01320117712020874,-0.020284444093704224,-0.02535972475912729,0.03934967517852783,-0.10393410921096802,-0.040906236617828995,0.036509037017822266,-0.028133928775787354,-0.06466679751780191,0.025130927562713623,-0.00866970419883728,-0.0607935088863627,0.02256697416305542,-0.019742876291275024,-0.050099042355086
Z,-0.044463157653808594,-0.002587735652923584,-0.02242174317620993,-0.08833420276641846,-0.016519129276275635,-0.03988726568900347,-0.10095489025115967,-0.019957542419433594,-0.05607655031167269,-0.08139640092849731,-0.02569139003753662,-0.06934539360486269,-0.07950139045715332,-0.09127089381217957,-0.04473895711385012,-0.09305226802825928,-0.0929461419582367,-0.08183279765330553,-0.08145219087600708,-0.08955404162406921,-0.10457353425704241,-0.06624817848205566,-0.08786636590957642,-0.11739511174641848,-0.04105567932128906,-0.11526411771774292,-0.04737422002040148,-0.037163615226745605,-0.006778299808502197,-0.08865820003234148,-0.04293018579483032,0.04975646734237671,-0.09468131644212008,-0.046780526638031006,0.07000476121902466,-0.09142013025962115,-0.0002859830856323242,-0.10423126816749573,-0.05315056947551966,-0.0022225379943847656,0.002764582633972168,-0.08273758125983477,-0.014960169792175293,0.032565534114837646,-0.06867636126958132,-0.022387027740478516,0.030266284942626953,-0.05295617265187502,0.03332674503326416,-0.08098703622817993,-0.06266500187598467,0.030815958976745605,-0.005189180374145508,-0.08441697192870379,0.022110581398010254,0.017592549324035645,-0.07758042348109484,0.020375609397888184,0.013926208019256592,-0.0659794671603322
Z,-0.047229647636413574,-0.0014886260032653809,-0.0196479252974342,-0.09305620193481445,-0.0034844279289245605,-0.03246176349621521,-0.1064678430557251,0.005360305309295654,-0.04513126718502747,-0.08045458793640137,-0.0012998580932617188,-0.05365418749552475,-0.08609926700592041,-0.0763736367225647,-0.026025095159823763,-0.09305137395858765,-0.05048847198486328,-0.05223708334069954,-0.08298128843307495,-0.03506910800933838,-0.06403412031632172,-0.07358437776565552,-0.03224837779998779,-0.06856568264466034,-0.047454655170440674,-0.09041726589202881,-0.02808212968211876,-0.04159730672836304,0.04658651351928711,-0.05374851184588181,-0.04359990358352661,0.07075536251068115,-0.05324614899855362,-0.05008310079574585,0.05321204662322998,-0.04670331361394631,-0.0060294270515441895,-0.07659250497817993,-0.033979737336451876,-0.0071977972984313965,0.05242466926574707,-0.05238397898774849,-0.01319807767868042,0.05221378803253174,-0.036272701943929064,-0.01941019296646118,0.023153066635131836,-0.01917901369434105,0.029003620147705078,-0.05293774604797363,-0.04377893837791191,0.02462249994277954,0.0407564640045166,-0.059386470491702426,0.017383217811584473,0.0438346266746521,-0.051903826321179736,0.014372467994689941,0.02191603183746338,-0.03882405641179787
Z,-0.06574350595474243,0.015066742897033691,-0.008528587927079112,-0.10997593402862549,0.05610877275466919,-0.029059493501639277,-0.13426023721694946,0.09162789583206177,-0.04826777945921412,-0.13428354263305664,0.0974687933921814,-0.07064541201755992,-0.10907882452011108,0.012761354446411133,-0.058609159250712306,-0.13201630115509033,0.034309208393096924,-0.0881966925756692,-0.14398044347763062,0.05835282802581787,-0.10144284885094157,-0.1498582363128662,0.07279050350189209,-0.10868541668817988,-0.07157844305038452,0.006241440773010254,-0.06707446794674388,-0.08693742752075195,0.1392633318901062,-0.09156348328754893,-0.0701950192451477,0.16913187503814697,-0.08399565290377131,-0.057514727115631104,0.15694570541381836,-0.0779807991878747,-0.026087284088134766,0.017597973346710205,-0.07526387046740046,-0.04487252235412598,0.14915478229522705,-0.10105812322065821,-0.03650552034378052,0.15865564346313477,-0.0853016353742837,-0.02475184202194214,0.12474530935287476,-0.07035945128366938,0.013782382011413574,0.03684377670288086,-0.08313090126678935,-0.007854640483856201,0.1406642198562622,-0.10694163065121165,-0.007181882858276367,0.1472177505493164,-0.10102073620722285,0.0010328888893127441,0.11653465032577515,-0.09213349740669718
Z,-0.046399831771850586,0.006889224052429199,-0.02569335400158934,-0.08413851261138916,0.006219685077667236,-0.044162631770916505,-0.09268301725387573,-0.0018559098243713379,-0.060985085359163804,-0.07540833950042725,-0.01969963312149048,-0.07300517036611609,-0.08074337244033813,-0.0901595950126648,-0.04228297322089247,-0.09133678674697876,-0.07296127080917358,-0.07176091595584921,-0.07725602388381958,-0.05615091323852539,-0.08343152030403189,-0.06200706958770752,-0.04814821481704712,-0.08703578337127738,-0.03632497787475586,-0.10492575168609619,-0.043494586637564225,-0.03401845693588257,0.02957332134246826,-0.07345230951005988,-0.03178560733795166,0.06220918893814087,-0.07251999600822501,-0.030729293823242188,0.050683557987213135,-0.06539724840814642,0.008552253246307373,-0.08724784851074219,-0.04811183809334807,0.004369497299194336,0.042420923709869385,-0.07304846568996481,0.00048720836639404297,0.053235411643981934,-0.05692638530427985,0.0002678036689758301,0.035946667194366455,-0.03935640006358199,0.04548633098602295,-0.05963575839996338,-0.05654612629706435,0.04226952791213989,0.0298498272895813,-0.07849212064439826,0.03691375255584717,0.04113072156906128,-0.07071773781473212,0.03726005554199219,0.027980268001556396,-0.05652237757141165
Z,-0.038543760776519775,0.015051066875457764,-0.03730960669102501,-0.06866621971130371,0.012141048908233643,-0.06315640466394257,-0.05632704496383667,0.003831923007965088,-0.08328151064100098,-0.030122339725494385,-0.02363508939743042,-0.09876213329019379,-0.0915534496307373,-0.0991697907447815,-0.06417413907232117,-0.09625566005706787,-0.07922631502151489,-0.10702882813396286,-0.0817333459854126,-0.07934695482254028,-0.13136662649097275,-0.06912887096405029,-0.08872020244598389,-0.14504851507129501,-0.048815906047821045,-0.1285422444343567,-0.059898321648262254,-0.03757971525192261,-0.0032716989517211914,-0.10087422387780975,-0.038736701011657715,0.03950256109237671,-0.1038699086207373,-0.04387420415878296,0.03119415044784546,-0.10072938459100556,-0.002992987632751465,-0.11868184804916382,-0.06012259157481026,0.00311356782913208,-0.0007433891296386719,-0.09121388303222489,-0.010859489440917969,0.026190578937530518,-0.07224270062627625,-0.0219842791557312,0.013208925724029541,-0.054659155328891984,0.03541010618209839,-0.09131103754043579,-0.06561398612441849,0.03787362575531006,-0.00361478328704834,-0.09677886324109863,0.02321845293045044,0.02011263370513916,-0.09276324616851639,0.014420092105865479,0.014048516750335693,-0.08159381257476639
Z,-0.04985940456390381,0.0010049939155578613,-0.022466486679178388,-0.10399478673934937,-0.00776594877243042,-0.0365799929814159,-0.11774826049804688,0.0007215738296508789,-0.050892554582816274,-0.096793532371521,-0.0028754472732543945,-0.061815496893387945,-0.09516239166259766,-0.08198589086532593,-0.03390330857203594,-0.1066625714302063,-0.07296720147132874,-0.06799654326007953,-0.09628432989120483,-0.0668322741985321,-0.08529495856330982,-0.08519476652145386,-0.07244718074798584,-0.09408380499647251,-0.050675809383392334,-0.1077241599559784,-0.03750019928978077,-0.04203164577484131,0.03275716304779053,-0.072537701936227,-0.04816919565200806,0.07623118162155151,-0.07329799643324009,-0.05926096439361572,0.06325721740722656,-0.06656379661129108,-0.002386331558227539,-0.09543830156326294,-0.04593479669259182,-0.0010976791381835938,0.036348700523376465,-0.07456401398943058,-0.014152228832244873,0.05821359157562256,-0.0570543821768581,-0.025549352169036865,0.03452497720718384,-0.03765546938942066,0.037744760513305664,-0.07071805000305176,-0.05841419881747356,0.03532177209854126,0.02561318874359131,-0.08258738777206531,0.024036109447479248,0.046937525272369385,-0.07581191918418995,0.01836240291595459,0.032116711139678955,-0.06229862234161487
C,-0.06880062818527222,-0.015577614307403564,-0.007558883336137967,-0.12548595666885376,-0.06090003252029419,-0.016995410603236394,-0.16986560821533203,-0.09480154514312744,-0.03228702878649159,-0.21088987588882446,-0.1319923996925354,-0.04593042021686955,-0.10640484094619751,-0.18873310089111328,0.023170367646265788,-0.12417560815811157,-0.2668209671974182,0.00027725427109004386,-0.15537405014038086,-0.28317007422447205,-0.024209856224011617,-0.18471986055374146,-0.2770482301712036,-0.03962366392905636,-0.0831756591796875,-0.1998601257801056,0.008414431306768222,-0.10181981325149536,-0.2985351085662842,-0.01714185921544953,-0.1437487006187439,-0.3073912262916565,-0.03931774308974667,-0.17774701118469238,-0.28064221143722534,-0.05086998006398602,-0.05934751033782959,-0.20037299394607544,-0.012161650863241391,-0.07858908176422119,-0.2965293228626251,-0.03279598539764805,-0.12426763772964478,-0.3066479563713074,-0.046439130958866315,-0.1604217290878296,-0.2864576578140259,-0.05201241111452504,-0.035772621631622314,-0.18940454721450806,-0.035008725878547864,-0.06543582677841187,-0.2597808241844177,-0.05041751748020573,-0.10526019334793091,-0.28031378984451294,-0.058967930433105664,-0.13928580284118652,-0.2781626880168915,-0.06287726497347279
C,-0.07067465782165527,-0.011230528354644775,-0.011039942174721595,-0.13093113899230957,-0.05267077684402466,-0.017806212089527484,-0.17319244146347046,-0.09135866165161133,-0.02800168716119611,-0.20938807725906372,-0.1316375434398651,-0.03708536238180482,-0.1124081015586853,-0.1715444028377533,0.019806943230759266,-0.1362249255180359,-0.2372535765171051,0.004549275014977816,-0.15748077630996704,-0.25994789600372314,-0.01496117529230201,-0.18353676795959473,-0.2676205039024353,-0.02921502911256635,-0.08698773384094238,-0.1886627972126007,0.010920279987584713,-0.11408114433288574,-0.26364997029304504,-0.007692866164762613,-0.1420688033103943,-0.28159086406230927,-0.029529171667564746,-0.17214417457580566,-0.2757653295993805,-0.043543186641801235,-0.05972790718078613,-0.1948876678943634,-0.0027724519814738002,-0.08581221103668213,-0.2751782685518265,-0.01982515738116586,-0.11677896976470947,-0.2951495498418808,-0.03438070104228341,-0.14793646335601807,-0.2901158332824707,-0.042575151331294414,-0.028175711631774902,-0.19011303782463074,-0.018443633473981258,-0.055184125900268555,-0.2555970549583435,-0.03323557288156831,-0.08523136377334595,-0.2843177914619446,-0.04264770881043756,-0.11605679988861084,-0.2952332943677902,-0.04812982738720262
C,-0.06502872705459595,-0.011392414569854736,-0.015915165585141722,-0.12364441156387329,-0.05164414644241333,-0.030543732386689726,-0.16500955820083618,-0.08527123928070068,-0.04789546590731675,-0.20400142669677734,-0.12011599540710449,-0.06413951974795395,-0.10757118463516235,-0.17962414026260376,0.002081097173828539,-0.1267262101173401,-0.25516843795776367,-0.024480660375814978,-0.15231716632843018,-0.27574092149734497,-0.05044299450204903,-0.1782640814781189,-0.27239951491355896,-0.06680353444502884,-0.07981860637664795,-0.19180825352668762,-0.008044533361356798,-0.09958964586257935,-0.28479284048080444,-0.03871831383989388,-0.1345677375793457,-0.29495570063591003,-0.06333265167162949,-0.16647857427597046,-0.2701289653778076,-0.0761400879590326,-0.05124092102050781,-0.19160333275794983,-0.02308323692963654,-0.06935614347457886,-0.2840269207954407,-0.047888257470589224,-0.10636335611343384,-0.2973758578300476,-0.06351238202736909,-0.13880878686904907,-0.27929458022117615,-0.0702155725328737,-0.019933879375457764,-0.17842340469360352,-0.04034027543352181,-0.044203221797943115,-0.24473318457603455,-0.059528459724646154,-0.07781541347503662,-0.2714557349681854,-0.07051154684708649,-0.10992962121963501,-0.276178777217865,-0.07584673624918992
C,-0.068744957447052,-0.017567098140716553,-0.010412368098581481,-0.12658405303955078,-0.05747425556182861,-0.022240732902968574,-0.17432373762130737,-0.08705198764801025,-0.03963670424588983,-0.2164958119392395,-0.12472760677337646,-0.05530167661079233,-0.10624784231185913,-0.18808630108833313,0.02403155796757872,-0.1274857521057129,-0.2662377655506134,0.0008505148679667229,-0.15856033563613892,-0.28328177332878113,-0.024486259663785148,-0.18781888484954834,-0.27887487411499023,-0.040632198671186615,-0.08273404836654663,-0.19988057017326355,0.010944512566243958,-0.10607385635375977,-0.29622751474380493,-0.015631663719499755,-0.14742738008499146,-0.3049815595149994,-0.039917356441105056,-0.1811995506286621,-0.2784147262573242,-0.05271703294881647,-0.059250712394714355,-0.20220422744750977,-0.00825590464689796,-0.08223956823348999,-0.29827427864074707,-0.029525668466771293,-0.1267065405845642,-0.3089650571346283,-0.04405373997458284,-0.16248172521591187,-0.2884660065174103,-0.049893244276130844,-0.03559684753417969,-0.19370970129966736,-0.029926612148369003,-0.0678781270980835,-0.2614588141441345,-0.04539628616937463,-0.10705584287643433,-0.28247731924057007,-0.05425847239264314,-0.14095789194107056,-0.2810513973236084,-0.05820868826874559
C,-0.06353074312210083,-0.008942604064941406,-0.0133186765101595,-0.11903059482574463,-0.04412436485290527,-0.02578222566217614,-0.15759575366973877,-0.07555210590362549,-0.04112083651990128,-0.1933375597000122,-0.108714759349823,-0.055680645638410575,-0.100039541721344,-0.16288483142852783,0.005048745303149693,-0.12036639451980591,-0.23472893238067627,-0.017603531488482482,-0.14308351278305054,-0.25438278913497925,-0.04075032659739686,-0.1671537160873413,-0.2535398006439209,-0.05565215834349824,-0.07585036754608154,-0.17449548840522766,-0.004190511078838832,-0.09898883104324341,-0.2586498260498047,-0.031036054724161155,-0.12968593835830688,-0.2705649137496948,-0.05508293026060296,-0.1581646203994751,-0.2506612539291382,-0.0684941094455166,-0.05087012052536011,-0.17661207914352417,-0.017725693070594795,-0.07258367538452148,-0.26098373532295227,-0.039053430789415366,-0.10635465383529663,-0.2759897708892822,-0.054718712353412635,-0.13670307397842407,-0.26159346103668213,-0.06235264801353646,-0.022230803966522217,-0.16823387145996094,-0.03313262947768403,-0.047444164752960205,-0.23019906878471375,-0.04965682142347527,-0.07872825860977173,-0.25672996044158936,-0.06009616144866181,-0.10882872343063354,-0.2632405161857605,-0.06566485577196313
H,-0.043335020542144775,-0.10073408484458923,-0.01015851922736033,-0.12210994958877563,-0.13605189323425293,-0.02582015280083283,-0.192970871925354,-0.09591677784919739,-0.03713229667798146,-0.23383629322052002,-0.045252442359924316,-0.04926446076885327,-0.13224250078201294,-0.13976362347602844,-0.07440464195266827,-0.24084466695785522,-0.1284002661705017,-0.09836264696374997,-0.2998772859573364,-0.11408603191375732,-0.10653091218725308,-0.3495495319366455,-0.09988817572593689,-0.10970403995767697,-0.14205217361450195,-0.0584033727645874,-0.07736825939670666,-0.2593876123428345,-0.05426013469696045,-0.09983517971292599,-0.32920026779174805,-0.05576741695404053,-0.10211950537220105,-0.3810938000679016,-0.05114936828613281,-0.10341303792253598,-0.14815258979797363,0.01419365406036377,-0.07574052360311612,-0.24832260608673096,0.00447613000869751,-0.0892266779805766,-0.23132085800170898,-0.025803327560424805,-0.07617480304494961,-0.20226043462753296,-0.03688758611679077,-0.0638435408140765,-0.15074682235717773,0.07028645277023315,-0.07436748590723141,-0.22772884368896484,0.0428009033203125,-0.07936238494173153,-0.22311079502105713,0.010978877544403076,-0.06696341928497418,-0.20748275518417358,-0.005836367607116699,-0.05553655323043927
H,-0.03923618793487549,-0.08120161294937134,-0.003994624780119693,-0.11246597766876221,-0.09917280077934265,-0.012957482317091262,-0.17290616035461426,-0.05853244662284851,-0.01984918368756894,-0.20455563068389893,-0.012137234210968018,-0.02776001458764199,-0.13253092765808105,-0.11209571361541748,-0.04601059173941735,-0.22222661972045898,-0.09839671850204468,-0.06212091510892037,-0.27069926261901855,-0.08698219060897827,-0.06790681248307351,-0.3110973834991455,-0.07445329427719116,-0.06995371049046639,-0.13691288232803345,-0.04962950944900513,-0.05003961985707406,-0.23272740840911865,-0.04347729682922363,-0.06252221828103188,-0.28959399461746216,-0.04122960567474365,-0.06363887404799584,-0.33284270763397217,-0.0330582857131958,-0.06470002298951272,-0.136199951171875,0.009788453578948975,-0.050559782141448295,-0.21057534217834473,0.01733255386352539,-0.05820385059118394,-0.19029146432876587,0.000932157039642334,-0.04773631756901864,-0.16305845975875854,-0.0037680864334106445,-0.037954178357125556,-0.13103079795837402,0.060832321643829346,-0.05115189095735673,-0.18998241424560547,0.05469244718551636,-0.052238539510966575,-0.1768924593925476,0.04010355472564697,-0.03965228488445405,-0.15541744232177734,0.0352327823638916,-0.02855315496921662
H,-0.039823174476623535,-0.08212929964065552,-0.003156873443714403,-0.10586875677108765,-0.10932773351669312,-0.009488608734301351,-0.1607697606086731,-0.07565957307815552,-0.01368151050954225,-0.18787109851837158,-0.031171023845672607,-0.01826390908061626,-0.12770670652389526,-0.10029405355453491,-0.038654916965953134,-0.21529865264892578,-0.08778291940689087,-0.04963534050583007,-0.26176559925079346,-0.07687252759933472,-0.05212255665063026,-0.30001014471054077,-0.0658409595489502,-0.05193704836963775,-0.13555926084518433,-0.03875255584716797,-0.04076495864390495,-0.22776424884796143,-0.032072484493255615,-0.04912158944605949,-0.2811160683631897,-0.030141353607177734,-0.048712928825608515,-0.3201531767845154,-0.02494823932647705,-0.04824549430011871,-0.13648688793182373,0.016223907470703125,-0.039441854739180826,-0.20565199851989746,0.013067841529846191,-0.042517402255526804,-0.18902504444122314,-0.006345272064208984,-0.03319497131704452,-0.16421747207641602,-0.013412773609161377,-0.024849903815976404,-0.13290894031524658,0.06050390005111694,-0.03822198980449798,-0.18388724327087402,0.04368942975997925,-0.035416611516467356,-0.17180198431015015,0.027235209941864014,-0.023284175479403757,-0.1525934934616089,0.021583378314971924,-0.012819385202220701
H,-0.036864280700683594,-0.07446014881134033,0.0012373253346424917,-0.09899497032165527,-0.095761239528656,-0.001008018770534136,-0.15028035640716553,-0.06339854001998901,-0.0026985427022907515,-0.17390215396881104,-0.023429811000823975,-0.004811672645899989,-0.12681162357330322,-0.09205377101898193,-0.024199753686133363,-0.206018328666687,-0.0844389796257019,-0.03173963321680162,-0.24930787086486816,-0.07581812143325806,-0.03307259423965547,-0.28367236256599426,-0.06629854440689087,-0.031846992357912995,-0.13452285528182983,-0.03620630502700806,-0.026666899829450585,-0.2149372100830078,-0.03555727005004883,-0.031107663794699647,-0.26524150371551514,-0.035233139991760254,-0.031035899802390077,-0.30173593759536743,-0.031909048557281494,-0.030362138211074807,-0.1357184648513794,0.014850080013275146,-0.0261117384427223,-0.1875777244567871,0.009593367576599121,-0.024621084018889405,-0.16975051164627075,-0.003694474697113037,-0.016145456268731095,-0.14707356691360474,-0.006927311420440674,-0.008459122537914254,-0.13182944059371948,0.05664539337158203,-0.025606151356640794,-0.1691579818725586,0.04173934459686279,-0.017180213391128518,-0.15564608573913574,0.03022855520248413,-0.004157670459989049,-0.13778233528137207,0.028364717960357666,0.006700777296629212
H,-0.0359230637550354,-0.06352031230926514,-0.002570034505225749,-0.10074597597122192,-0.07344570755958557,-0.009276109083913298,-0.15198051929473877,-0.035647809505462646,-0.014612897566877336,-0.17985069751739502,0.006127059459686279,-0.020599822781406374,-0.12218594551086426,-0.08930197358131409,-0.031084091670237513,-0.1965762972831726,-0.0842164158821106,-0.04257150114270303,-0.2361639142036438,-0.08052483201026917,-0.04651088387461755,-0.2695772051811218,-0.07412779331207275,-0.0476321552762613,-0.12464600801467896,-0.039911627769470215,-0.03465549767705056,-0.20384031534194946,-0.040292322635650635,-0.04413528115244958,-0.2504945397377014,-0.042038142681121826,-0.04551695407124612,-0.28816574811935425,-0.037864506244659424,-0.04659956813546273,-0.12240809202194214,0.010019361972808838,-0.03558069587441537,-0.1856488585472107,0.020205795764923096,-0.042997808463297815,-0.166725754737854,0.007872462272644043,-0.03503595412465188,-0.1442427635192871,0.004537642002105713,-0.026874690584264727,-0.11612361669540405,0.0531466007232666,-0.036265121109209986,-0.16535258293151855,0.048916637897491455,-0.03723561511131379,-0.15133821964263916,0.038148581981658936,-0.025997554219685526,-0.13247954845428467,0.03592324256896973,-0.016092454350911112
H,-0.03771781921386719,-0.06574305891990662,-0.00032930872370684483,-0.10501110553741455,-0.07815539836883545,-0.007610108691409323,-0.15745115280151367,-0.03969705104827881,-0.014366709149584267,-0.18539291620254517,0.0028103888034820557,-0.022274584963128063,-0.12564975023269653,-0.10248979926109314,-0.03393001247863481,-0.2018105387687683,-0.0949907898902893,-0.04967276145438859,-0.24385762214660645,-0.09205302596092224,-0.05690523748020837,-0.27922123670578003,-0.08648571372032166,-0.060210087790295574,-0.12651091814041138,-0.051901668310165405,-0.04063438762645433,-0.20998865365982056,-0.0516011118888855,-0.0536095029554815,-0.25903797149658203,-0.05415695905685425,-0.05676992376069734,-0.2982243299484253,-0.05043673515319824,-0.05918902669768045,-0.12342202663421631,0.00030171871185302734,-0.044538290693566296,-0.19440138339996338,0.015361219644546509,-0.055157100304171536,-0.1741161346435547,0.005117923021316528,-0.04621134836892793,-0.14995378255844116,0.0006218254566192627,-0.03686373819331834,-0.11654037237167358,0.0477844774723053,-0.04805432398538301,-0.1738452911376953,0.046925634145736694,-0.051707067980572674,-0.1588849425315857,0.036023467779159546,-0.039616537734076473,-0.13890153169631958,0.03163483738899231,-0.02864971336643407
H,-0.03989452123641968,-0.05977076292037964,-0.0023048283280502346,-0.1012236475944519,-0.06834656000137329,-0.009096487958885291,-0.14648771286010742,-0.030360102653503418,-0.015092523370839217,-0.16962826251983643,0.01161801815032959,-0.022021895808137515,-0.11864864826202393,-0.08028894662857056,-0.029362800133384326,-0.1889878511428833,-0.07684028148651123,-0.04084787012354241,-0.22754406929016113,-0.0718415379524231,-0.04549847037807808,-0.26068276166915894,-0.06468969583511353,-0.04729236902014122,-0.12096530199050903,-0.031743526458740234,-0.0338068069638382,-0.19561302661895752,-0.03181344270706177,-0.04286867992297516,-0.24081385135650635,-0.032867372035980225,-0.04453797505513535,-0.27710646390914917,-0.02788597345352173,-0.04587471352235184,-0.11780959367752075,0.016550898551940918,-0.03586073086873398,-0.17705494165420532,0.024898648262023926,-0.04382307694569931,-0.159734308719635,0.011429786682128906,-0.03748625756517754,-0.13796329498291016,0.007216274738311768,-0.030273773309744456,-0.11060577630996704,0.058616697788238525,-0.03764537588969574,-0.16015976667404175,0.051250576972961426,-0.039670257431424716,-0.14730775356292725,0.03895288705825806,-0.02919019253269539,-0.12813544273376465,0.036109209060668945,-0.019675817874230006
H,-0.03582221269607544,-0.05963575839996338,-0.0021081144693653187,-0.09432899951934814,-0.07196563482284546,-0.0074265209730128845,-0.14003121852874756,-0.03780663013458252,-0.011710976879612645,-0.16525930166244507,-0.0002471804618835449,-0.016546951304690083,-0.11311250925064087,-0.0773741602897644,-0.027856250922695835,-0.18315380811691284,-0.07221293449401855,-0.037612355943338116,-0.22096484899520874,-0.06665098667144775,-0.04072666883052989,-0.2522982954978943,-0.059422433376312256,-0.041440255637780865,-0.11762022972106934,-0.029844224452972412,-0.030978418584481915,-0.19119369983673096,-0.028245866298675537,-0.03821686625065013,-0.23428362607955933,-0.02899634838104248,-0.038845412130967816,-0.26796042919158936,-0.025227665901184082,-0.039452302898780545,-0.11679649353027344,0.015063345432281494,-0.03168578788222476,-0.17468595504760742,0.019662022590637207,-0.036458309437648495,-0.15911263227462769,0.005248963832855225,-0.029879735480562886,-0.13866937160491943,0.0003923773765563965,-0.023332724045530995,-0.11219888925552368,0.05330097675323486,-0.032234389032737454,-0.15911078453063965,0.04757833480834961,-0.03200053393425151,-0.14835470914840698,0.03481501340866089,-0.0221952085155408,-0.13148647546768188,0.030695199966430664,-0.013530470128671368
H,-0.03176063299179077,-0.06959748268127441,-0.002036250957360153,-0.09211874008178711,-0.08532828092575073,-0.007355378770341758,-0.14183253049850464,-0.05370146036148071,-0.011380064130833034,-0.166490375995636,-0.013743877410888672,-0.01594805886696804,-0.11259162425994873,-0.08502566814422607,-0.032928291537871246,-0.18878114223480225,-0.08042633533477783,-0.04403938708554733,-0.23051011562347412,-0.07347500324249268,-0.04676073400031555,-0.2640286684036255,-0.06418997049331665,-0.04671819863568771,-0.1191326379776001,-0.032247066497802734,-0.035355873235573654,-0.19745773077011108,-0.03269505500793457,-0.04426435364138115,-0.2439558506011963,-0.03347676992416382,-0.04356018809329498,-0.27948665618896484,-0.029466211795806885,-0.042469639160742645,-0.12049710750579834,0.016292035579681396,-0.03498856333743561,-0.18090128898620605,0.010627508163452148,-0.03959332389484871,-0.1645650863647461,-0.002603769302368164,-0.029849622228255157,-0.14293676614761353,-0.004234910011291504,-0.02070959826659191,-0.11749207973480225,0.05533599853515625,-0.03465051931988228,-0.1616978645324707,0.0385705828666687,-0.032593354412426834,-0.1503201723098755,0.02656644582748413,-0.020575335078945045,-0.134432852268219,0.025981426239013672,-0.010138705202450637
H,-0.04489290714263916,-0.07426679134368896,-0.003721086189301559,-0.11250334978103638,-0.08926433324813843,-0.00930759811043913,-0.16197913885116577,-0.05045890808105469,-0.013890024621190378,-0.1864335536956787,-0.005864858627319336,-0.018944375563563653,-0.13690900802612305,-0.08887386322021484,-0.028371487159432718,-0.21656203269958496,-0.08390522003173828,-0.0411580301561969,-0.26279598474502563,-0.07938611507415771,-0.04651732591182167,-0.30004578828811646,-0.07284510135650635,-0.048220949594082185,-0.1439945101737976,-0.03150671720504761,-0.03214268607288773,-0.23011237382888794,-0.025476574897766113,-0.04192228463679726,-0.2825937271118164,-0.026155948638916016,-0.04356349480539734,-0.3234405815601349,-0.024201631546020508,-0.04411734116465027,-0.1437475085258484,0.022265076637268066,-0.03389688057094986,-0.20601963996887207,0.019712090492248535,-0.04177773592263634,-0.18784677982330322,0.0060166120529174805,-0.0353020414450782,-0.16366475820541382,0.0026746392250061035,-0.027301738385261842,-0.13901019096374512,0.06648457050323486,-0.03581346419841225,-0.18843501806259155,0.05379670858383179,-0.036106782380642244,-0.1759539246559143,0.03854715824127197,-0.025009796369971582,-0.15678995847702026,0.03389817476272583,-0.014637354176642248
G,-0.037993669509887695,-0.12115657329559326,0.002777543838686114,-0.12316387891769409,-0.17963984608650208,0.0020836889628235156,-0.20745831727981567,-0.1595335304737091,0.00659183877295888,-0.2541508078575134,-0.10848742723464966,0.009206520381933814,-0.1511685848236084,-0.1580386757850647,-0.0488081472110089,-0.2708207368850708,-0.15929746627807617,-0.05484976341240966,-0.3333057165145874,-0.15666523575782776,-0.05188021158092582,-0.38270431756973267,-0.14778298139572144,-0.049264063138895864,-0.16862618923187256,-0.07491928339004517,-0.04826928024404609,-0.2778400778770447,-0.07630133628845215,-0.04712803011053168,-0.2577046751976013,-0.0902930498123169,-0.029794476006561155,-0.21976971626281738,-0.09319043159484863,-0.01852153894715869,-0.17480963468551636,-0.0005716681480407715,-0.04286210705750548,-0.26780515909194946,-0.017764747142791748,-0.03805445601456725,-0.24328094720840454,-0.03718900680541992,-0.017752458352976674,-0.21096187829971313,-0.03838157653808594,-0.006340209406250352,-0.17466998100280762,0.06165266036987305,-0.03587973957174384,-0.25380557775497437,0.039112210273742676,-0.027849995542698736,-0.24027997255325317,0.017823398113250732,-0.00943322108351552,-0.21871882677078247,0.013837218284606934,0.0025424132939342314
G,-0.03074169158935547,-0.1299946904182434,-0.000604126838528174,-0.10174483060836792,-0.22102651000022888,-0.0018295156220240472,-0.18016839027404785,-0.23304790258407593,0.00475079525166322,-0.2261485457420349,-0.18620100617408752,0.010653720292236102,-0.15917116403579712,-0.15930765867233276,-0.06139225227854084,-0.28160274028778076,-0.1603555679321289,-0.07627345709225963,-0.3488566279411316,-0.159959077835083,-0.08203668234965633,-0.4023488163948059,-0.15053877234458923,-0.08501903055331539,-0.17467713356018066,-0.0770459771156311,-0.05917999608537983,-0.2935945987701416,-0.07778441905975342,-0.062239536029313314,-0.26954174041748047,-0.09402209520339966,-0.04411925463101696,-0.22811895608901978,-0.09812307357788086,-0.03209113789818119,-0.17896443605422974,-0.0005803704261779785,-0.05221942154786419,-0.2841939926147461,-0.01495969295501709,-0.052821227294419515,-0.2575684189796448,-0.03126782178878784,-0.02906473254880737,-0.220345139503479,-0.03330636024475098,-0.013807877843294847,-0.17421787977218628,0.06398129463195801,-0.043744717669699895,-0.2639630436897278,0.04444468021392822,-0.040119168293689,-0.2482919692993164,0.02561497688293457,-0.018796325606320607,-0.220758855342865,0.021175146102905273,-0.003549589720581281
G,-0.030529916286468506,-0.12196540832519531,0.002156974806332812,-0.09316039085388184,-0.20516282320022583,0.001954665466094241,-0.16263502836227417,-0.2218228578567505,0.008163397724622712,-0.20607447624206543,-0.18130922317504883,0.013546978647703156,-0.1495736837387085,-0.1547040045261383,-0.05442058894515611,-0.26559531688690186,-0.15856266021728516,-0.0671110846448002,-0.3268446922302246,-0.16027063131332397,-0.07170541066408731,-0.3759880065917969,-0.15360671281814575,-0.07375540811300851,-0.16615712642669678,-0.08073842525482178,-0.05276568833470918,-0.27520692348480225,-0.08080244064331055,-0.051709337567096725,-0.2524285912513733,-0.0929434597492218,-0.0335964843976555,-0.21378278732299805,-0.09605959057807922,-0.022869741951232925,-0.17117321491241455,-0.009569287300109863,-0.04656432423472978,-0.26708751916885376,-0.021935462951660156,-0.04477757069945909,-0.24228769540786743,-0.03529614210128784,-0.023824893345242515,-0.20740991830825806,-0.03767096996307373,-0.011659831215744987,-0.16799312829971313,0.051217615604400635,-0.03865956742048837,-0.24909621477127075,0.031650006771087646,-0.03472630906582452,-0.2337641716003418,0.015443861484527588,-0.016166778688436523,-0.20764362812042236,0.012875080108642578,-0.003505392640015259
G,-0.0248681902885437,-0.1001482605934143,0.004411010907759305,-0.08210021257400513,-0.16709274053573608,0.0049710123779078685,-0.14477425813674927,-0.1760239601135254,0.008113396258821126,-0.17963290214538574,-0.13704943656921387,0.009616374874283906,-0.1362673044204712,-0.13441875576972961,-0.03136426778716839,-0.22970479726791382,-0.1415918469429016,-0.03714791508598125,-0.27918165922164917,-0.14454996585845947,-0.03643909665031231,-0.31890255212783813,-0.1439245045185089,-0.035663155934045676,-0.1501747965812683,-0.0714637041091919,-0.03300748588723934,-0.23120009899139404,-0.06716853380203247,-0.03439760776443279,-0.2109283208847046,-0.06740176677703857,-0.021806873476336364,-0.18003928661346436,-0.06519812345504761,-0.01349495919627941,-0.1528233289718628,-0.011392295360565186,-0.03095142552835739,-0.2222164273262024,-0.01134103536605835,-0.03144612359089649,-0.19950318336486816,-0.01758819818496704,-0.01513193557245529,-0.16977089643478394,-0.018945276737213135,-0.004936138263175849,-0.14870673418045044,0.042012929916381836,-0.027489287873933677,-0.21027541160583496,0.033358633518218994,-0.02353810342235363,-0.1933811902999878,0.025946617126464844,-0.007269315516779784,-0.16858786344528198,0.025601685047149658,0.00426492551135027
G,-0.025129377841949463,-0.09221303462982178,-0.0016527529733458834,-0.07851797342300415,-0.1615230143070221,-0.005763519198840328,-0.1386287808418274,-0.16986700892448425,-0.006500892450308271,-0.17395645380020142,-0.1319495141506195,-0.008518260547166534,-0.12288254499435425,-0.1279490888118744,-0.0367600532409007,-0.21040815114974976,-0.14008194208145142,-0.04398316016161985,-0.2573663592338562,-0.14527785778045654,-0.043663273208981224,-0.29564368724823,-0.14722442626953125,-0.04346797486508436,-0.13671857118606567,-0.06455987691879272,-0.038200790637379356,-0.22245562076568604,-0.06518179178237915,-0.04462490474546499,-0.202572762966156,-0.06743192672729492,-0.03437528630459852,-0.1710708737373352,-0.06555372476577759,-0.0263017365869338,-0.1395978331565857,-0.0067809224128723145,-0.03623553981745786,-0.21228009462356567,-0.011866748332977295,-0.039219162070398994,-0.19111758470535278,-0.020188868045806885,-0.022065761142616935,-0.16227376461029053,-0.02048659324645996,-0.010527975500767894,-0.13655948638916016,0.04376453161239624,-0.033710664713030525,-0.19784384965896606,0.03208965063095093,-0.03232770284379072,-0.18258243799209595,0.022770047187805176,-0.016535012626295753,-0.1600121259689331,0.022115767002105713,-0.004804170799648233
G,-0.023355960845947266,-0.09135353565216064,-0.002252975492972098,-0.07824116945266724,-0.15770888328552246,-0.004594139303314648,-0.13667136430740356,-0.1659557819366455,-0.0032946909919857603,-0.16644734144210815,-0.12731969356536865,-0.003309235689464174,-0.12207597494125366,-0.1213831901550293,-0.03394970951159593,-0.2059592604637146,-0.130938321352005,-0.040384440697032176,-0.252994179725647,-0.1366085410118103,-0.042002766407328807,-0.2907198667526245,-0.13744822144508362,-0.04342110363324281,-0.13430911302566528,-0.06047862768173218,-0.03399719206174012,-0.21755647659301758,-0.06099355220794678,-0.03830129188974496,-0.2008325457572937,-0.06818634271621704,-0.03038112913747426,-0.16975784301757812,-0.0677788257598877,-0.024445860660868846,-0.13648903369903564,-0.004217803478240967,-0.030747157535749636,-0.21021997928619385,-0.008456110954284668,-0.032383604920703135,-0.19326400756835938,-0.020060300827026367,-0.019197522676783763,-0.16487157344818115,-0.021882355213165283,-0.010814582943218909,-0.13400334119796753,0.0430414080619812,-0.026878307587701045,-0.19625389575958252,0.0322151780128479,-0.026272532544332705,-0.18367409706115723,0.020838916301727295,-0.01366899163951274,-0.1618064045906067,0.01863759756088257,-0.004395436044084988
G,-0.020212888717651367,-0.09521627426147461,-0.0038462280589754982,-0.07225167751312256,-0.16130852699279785,-0.005738612200659077,-0.12832635641098022,-0.16546279191970825,-0.003161690832641284,-0.15585988759994507,-0.12865525484085083,-0.0018329476533125444,-0.12222790718078613,-0.1142684817314148,-0.034824567783218185,-0.20336395502090454,-0.12133616209030151,-0.03839637612138347,-0.24825024604797363,-0.12472814321517944,-0.03859961305890636,-0.284221351146698,-0.12152332067489624,-0.039611781883579056,-0.13477253913879395,-0.05466955900192261,-0.03297986735735492,-0.20932185649871826,-0.05999433994293213,-0.03138140489492969,-0.19001984596252441,-0.07286041975021362,-0.021619108441811363,-0.16080522537231445,-0.07425057888031006,-0.016206785041433136,-0.13611024618148804,-0.0011055469512939453,-0.027983113128286163,-0.2001977562904358,-0.012489080429077148,-0.02442644250724868,-0.18122261762619019,-0.025631487369537354,-0.011512033577602665,-0.15551871061325073,-0.02485734224319458,-0.005191199417751591,-0.13134032487869263,0.0436587929725647,-0.02263431337807731,-0.18871086835861206,0.03115975856781006,-0.019549461949210922,-0.17614132165908813,0.017470180988311768,-0.00797286530170993,-0.15619373321533203,0.016275107860565186,-0.00038666041830026643
G,-0.022213220596313477,-0.09304815530776978,-0.0016481399435850363,-0.0726880431175232,-0.15347033739089966,-0.0016570939116480332,-0.1242932677268982,-0.1593472957611084,0.0018456640753594655,-0.1531403660774231,-0.1288003921508789,0.004313265868246319,-0.12982141971588135,-0.1072114109992981,-0.02917883735078597,-0.2108955979347229,-0.11388188600540161,-0.03290251087325835,-0.25579512119293213,-0.11741763353347778,-0.03338660862225318,-0.291617751121521,-0.11465460062026978,-0.03399234827536368,-0.13999110460281372,-0.049915313720703125,-0.02753885466533923,-0.20854437351226807,-0.05463474988937378,-0.025684613771021603,-0.18953245878219604,-0.06369531154632568,-0.015573812685191868,-0.16048455238342285,-0.06377935409545898,-0.009765280447185276,-0.1394447684288025,0.002642214298248291,-0.023199358991563557,-0.1991124153137207,-0.007592439651489258,-0.02163057777959132,-0.17953044176101685,-0.018540620803833008,-0.009789494834125279,-0.15386241674423218,-0.018847107887268066,-0.0033914586894514542,-0.13385027647018433,0.047167181968688965,-0.018117368257820843,-0.18889355659484863,0.03353017568588257,-0.015326284839987991,-0.17404943704605103,0.021918654441833496,-0.003323395074561475,-0.15296155214309692,0.021544277667999268,0.004883479290425541
G,-0.02551138401031494,-0.09273451566696167,0.0003798888857158289,-0.08106333017349243,-0.15495961904525757,-0.0003019462536872908,-0.13915503025054932,-0.15501385927200317,0.0021257377439791725,-0.16715043783187866,-0.11454355716705322,0.0030453077261949346,-0.12974631786346436,-0.11705005168914795,-0.03209653937018864,-0.21475011110305786,-0.12049835920333862,-0.03522022881306164,-0.26034945249557495,-0.12243705987930298,-0.03217686407960407,-0.2967124581336975,-0.12082785367965698,-0.03038827770150654,-0.1409527063369751,-0.05637079477310181,-0.032581169835696144,-0.21233928203582764,-0.05533301830291748,-0.0329465202311372,-0.19262397289276123,-0.060986995697021484,-0.02089154042995922,-0.1642063856124878,-0.06112247705459595,-0.013363332233796044,-0.1418067216873169,-0.0015270113945007324,-0.02976978824234955,-0.20123672485351562,-0.007169902324676514,-0.028606560758719368,-0.18106603622436523,-0.01656430959701538,-0.013964539139935894,-0.15551036596298218,-0.01786959171295166,-0.0057355884718095496,-0.13754868507385254,0.04688459634780884,-0.026176572523484154,-0.19240576028823853,0.035422444343566895,-0.021751709959874077,-0.17589008808135986,0.02631288766860962,-0.0074779910290931895,-0.15347105264663696,0.026619136333465576,0.001983721063067989
G,-0.02779310941696167,-0.08988016843795776,-0.0010386685933978512,-0.08479976654052734,-0.15094247460365295,-0.004327091188176091,-0.1448575258255005,-0.14926761388778687,-0.003621747517033036,-0.17777323722839355,-0.1095966100692749,-0.004324416895403083,-0.12537240982055664,-0.11875158548355103,-0.03934865983669322,-0.2097645401954651,-0.12355583906173706,-0.04532138424460452,-0.25538212060928345,-0.12589526176452637,-0.044331015818758424,-0.29231345653533936,-0.12379181385040283,-0.04373567345087093,-0.13635343313217163,-0.05653315782546997,-0.039647893779917176,-0.2118663787841797,-0.05688178539276123,-0.04116823690478366,-0.19266825914382935,-0.06366193294525146,-0.028797201612039025,-0.1640494465827942,-0.06341534852981567,-0.02115011567716163,-0.13792449235916138,-0.000691533088684082,-0.03640965911094707,-0.20233798027038574,-0.0065857768058776855,-0.036046916418714936,-0.18243873119354248,-0.01721203327178955,-0.02033483775798839,-0.15616172552108765,-0.017987310886383057,-0.011382560045464452,-0.13515925407409668,0.047305941581726074,-0.03232303800527614,-0.19183534383773804,0.03837364912033081,-0.029017029129906113,-0.17681974172592163,0.02733999490737915,-0.014516444676561768,-0.15529704093933105,0.026371300220489502,-0.004763986715121682
G,-0.03175473213195801,-0.09139883518218994,-0.0034563599338486295,-0.10062265396118164,-0.15065640211105347,-0.009084528283934246,-0.1720096468925476,-0.13876473903656006,-0.011384845683138023,-0.21318894624710083,-0.0975152850151062,-0.015443222569088588,-0.12751108407974243,-0.1418769657611847,-0.038668755413751255,-0.2190055251121521,-0.14609462022781372,-0.04946979132459606,-0.27038586139678955,-0.14981681108474731,-0.051642306120853076,-0.3111954927444458,-0.15276718139648438,-0.05282023546264614,-0.14217442274093628,-0.07428452372550964,-0.04127593708203281,-0.23671770095825195,-0.0641140341758728,-0.051758158923844944,-0.21810877323150635,-0.05963629484176636,-0.04429689419434513,-0.18446487188339233,-0.05855801701545715,-0.036847293348769794,-0.1466975212097168,-0.0111122727394104,-0.040650825919370304,-0.227644145488739,-0.010237574577331543,-0.04774653908775295,-0.20744937658309937,-0.011650919914245605,-0.03245494511888469,-0.17714154720306396,-0.012548863887786865,-0.020641049342016826,-0.14557862281799316,0.045208632946014404,-0.03944129121468509,-0.2141004204750061,0.03737133741378784,-0.0416484735624596,-0.20246171951293945,0.031119823455810547,-0.027709217713932643,-0.1799997091293335,0.030339300632476807,-0.016100333975414882
G,-0.03353583812713623,-0.09178668260574341,-0.001139372724928478,-0.10112917423248291,-0.1551324427127838,-0.007327531136461118,-0.1695929765701294,-0.14857199788093567,-0.010518379181512216,-0.20869648456573486,-0.1066436767578125,-0.015548275455721239,-0.13015985488891602,-0.14339864253997803,-0.041964915253110746,-0.22470593452453613,-0.1493295431137085,-0.05374696166057191,-0.2769291400909424,-0.1536473035812378,-0.05636433199781976,-0.3170272707939148,-0.15739062428474426,-0.05750019908685289,-0.14360201358795166,-0.07440009713172913,-0.045789301998802046,-0.2431110143661499,-0.06151571869850159,-0.05590891898412309,-0.23237311840057373,-0.06103816628456116,-0.048248630620427946,-0.20379900932312012,-0.06232234835624695,-0.04173025549192033,-0.14770221710205078,-0.009864479303359985,-0.04585364893812738,-0.23462742567062378,-0.007263004779815674,-0.051445007927604536,-0.21840238571166992,-0.013895690441131592,-0.03504582182306848,-0.18900322914123535,-0.01753959059715271,-0.02353459098178945,-0.1464242935180664,0.04739701747894287,-0.04525513634819589,-0.2185717225074768,0.0402299165725708,-0.04611739576596818,-0.20907938480377197,0.02960944175720215,-0.030798461891599516,-0.1874629259109497,0.0253908634185791,-0.01872901492554746
G,-0.03125184774398804,-0.09685006737709045,-0.009083351129351769,-0.10789132118225098,-0.15360665321350098,-0.017307960437296543,-0.18194496631622314,-0.12794244289398193,-0.020420557828305874,-0.22159981727600098,-0.0794031023979187,-0.025240789176582012,-0.1304662823677063,-0.14368516206741333,-0.048101958827732716,-0.2193024754524231,-0.14137598872184753,-0.0609930018053042,-0.27122968435287476,-0.14278894662857056,-0.0645698579118239,-0.31308358907699585,-0.14098310470581055,-0.06749697496151796,-0.14231693744659424,-0.07003054022789001,-0.04919230659460894,-0.23475217819213867,-0.0485873818397522,-0.06278346945500246,-0.21127599477767944,-0.05214652419090271,-0.055904482500313435,-0.17567074298858643,-0.05404403805732727,-0.04965965916371218,-0.1454448103904724,-0.004670262336730957,-0.04721428175425402,-0.22628694772720337,0.007271528244018555,-0.05642253627037874,-0.20306611061096191,-0.001932680606842041,-0.0404917383656489,-0.17248111963272095,-0.005583822727203369,-0.02906837594663969,-0.14329153299331665,0.051912128925323486,-0.04512346257424227,-0.21144819259643555,0.05294245481491089,-0.049942073421238575,-0.19144034385681152,0.04422605037689209,-0.03644547332978121,-0.16431736946105957,0.04339975118637085,-0.025815426380990658
G,-0.020975470542907715,-0.09916186332702637,-0.005090701095555872,-0.07925635576248169,-0.15870416164398193,-0.007380813061987013,-0.13876789808273315,-0.1530381441116333,-0.005085702221636623,-0.16417992115020752,-0.1090729832649231,-0.0043933509660707415,-0.12862062454223633,-0.11275118589401245,-0.036910327784513086,-0.21203994750976562,-0.11032891273498535,-0.041956408582423776,-0.25892895460128784,-0.10941314697265625,-0.04295144107172355,-0.2965116500854492,-0.10267186164855957,-0.044694660864566416,-0.1409969925880432,-0.04896920919418335,-0.03450120490023956,-0.21551984548568726,-0.04596489667892456,-0.03476083900759086,-0.19325584173202515,-0.05678749084472656,-0.025517341382597536,-0.16222608089447021,-0.05804949998855591,-0.020116151012276262,-0.14221316576004028,0.007276713848114014,-0.028898444659803957,-0.20370948314666748,0.0024572014808654785,-0.02631964970359668,-0.18260878324508667,-0.008927345275878906,-0.012959797568415254,-0.15516293048858643,-0.00877922773361206,-0.006170545406435579,-0.13718634843826294,0.05447089672088623,-0.02306100230643615,-0.19140219688415527,0.0458945631980896,-0.02040602702627048,-0.17512565851211548,0.0349956750869751,-0.008721081241761297,-0.15275514125823975,0.035224080085754395,-0.0009817862229244412
G,-0.027412772178649902,-0.09412318468093872,0.003031973739899385,-0.07688045501708984,-0.1527479887008667,0.004343281280062783,-0.12749654054641724,-0.1549643874168396,0.009281876276991952,-0.15532511472702026,-0.12008118629455566,0.013240436803362954,-0.13313555717468262,-0.10136795043945312,-0.028691746514477146,-0.21690016984939575,-0.10390186309814453,-0.03047456614319266,-0.2611120343208313,-0.10342180728912354,-0.02949473656360091,-0.29668891429901123,-0.09667491912841797,-0.029123237576522243,-0.1439582109451294,-0.04358893632888794,-0.02743327453378619,-0.21420717239379883,-0.04903459548950195,-0.020845141481794727,-0.195573627948761,-0.06312143802642822,-0.007474972155131709,-0.16722655296325684,-0.06655532121658325,-0.0005669715918603657,-0.14227604866027832,0.00884246826171875,-0.02282129250112952,-0.20383822917938232,-0.002876579761505127,-0.01664160400275172,-0.18428993225097656,-0.016589105129241943,-0.0031313416419553874,-0.15890079736709595,-0.01760917901992798,0.0032758794387799384,-0.13405436277389526,0.051887691020965576,-0.01687709636632384,-0.19075632095336914,0.04054039716720581,-0.009555934217013728,-0.17714160680770874,0.02548915147781372,0.004402112461439955,-0.1561727523803711,0.022999703884124756,0.013127137686870682
G,-0.02718651294708252,-0.09645169973373413,0.0032617519810567153,-0.08240747451782227,-0.1593669056892395,0.0035599197927633774,-0.1405525803565979,-0.1613122820854187,0.007487299872166897,-0.1700354814529419,-0.12426823377609253,0.01007096750808456,-0.13358157873153687,-0.1112716794013977,-0.033622547964029526,-0.22068965435028076,-0.11311852931976318,-0.036139525453024124,-0.26645004749298096,-0.11269402503967285,-0.0337957888640692,-0.3019837737083435,-0.10625261068344116,-0.03231685234087012,-0.14479470252990723,-0.049870073795318604,-0.03307743368523619,-0.21919679641723633,-0.0553135871887207,-0.029291287044458603,-0.20242547988891602,-0.06973886489868164,-0.015599875690810894,-0.17443162202835083,-0.07246571779251099,-0.00804925614821217,-0.1447243094444275,0.004686713218688965,-0.028628444279008125,-0.20958852767944336,-0.006699621677398682,-0.024154035354428505,-0.19221371412277222,-0.02321988344192505,-0.009878266582660888,-0.16627347469329834,-0.02581608295440674,-0.002840633251168345,-0.13901925086975098,0.05154132843017578,-0.022755941355996345,-0.19750893115997314,0.03926193714141846,-0.01652249878125689,-0.18468409776687622,0.023601651191711426,-0.0025364917036374557,-0.1635218858718872,0.020303189754486084,0.006260382497287775
G,-0.024940311908721924,-0.09722939133644104,-0.0066779730964317,-0.0894593596458435,-0.1616305410861969,-0.011630437349142042,-0.15665024518966675,-0.1499556303024292,-0.012280798529447523,-0.18735259771347046,-0.10237911343574524,-0.014575937775136438,-0.13357526063919067,-0.12724605202674866,-0.03958592099434277,-0.22499793767929077,-0.12792721390724182,-0.046659185563386885,-0.2755066156387329,-0.12542206048965454,-0.04687344190961262,-0.3135209083557129,-0.11839139461517334,-0.047294798319400755,-0.1461464762687683,-0.05868428945541382,-0.03859100398904225,-0.22814899682998657,-0.04995983839035034,-0.045870742772878614,-0.20723813772201538,-0.06106811761856079,-0.03850218189245602,-0.1738625168800354,-0.06566673517227173,-0.03244365287310025,-0.14806526899337769,0.001684725284576416,-0.034484705900014845,-0.2195337414741516,0.0002791881561279297,-0.03887469974643132,-0.19790858030319214,-0.013410806655883789,-0.02628924233204266,-0.16775161027908325,-0.016249120235443115,-0.01787983720487496,-0.14450961351394653,0.05390369892120361,-0.030007698585452047,-0.20590776205062866,0.0465092658996582,-0.03207148147112271,-0.18956321477890015,0.033128321170806885,-0.020764722501100508,-0.16563522815704346,0.03001779317855835,-0.011845318612815348
