label,wrist_x,wrist_y,wrist_z,thumb_x,thumb_y,thumb_z,index_x,index_y,index_z,middle_x,middle_y,middle_z,ring_x,ring_y,ring_z,pinky_x,pinky_y,pinky_z
A,0.824245274,0.723245442,-7.18E-07,0.605787158,0.396095037,-0.070254944,0.714644611,0.543775022,-0.087799944,0.763795197,0.577019751,-0.073596999,0.804776609,0.59549731,-0.043396771,0.841549575,0.567043006,-0.041000266
A,0.656607866,0.844331503,-9.26E-07,0.454461038,0.511992276,-0.059655577,0.53717643,0.679338515,-0.07556159,0.581619084,0.710122049,-0.05728351,0.627051473,0.726490617,-0.029674074,0.67105788,0.702165902,-0.030071603
A,0.737177193,0.50822103,-5.41E-07,0.506901383,0.206879973,-0.053578831,0.608851254,0.324121714,-0.064595856,0.653054297,0.350740522,-0.054149557,0.701192915,0.372186482,-0.026240537,0.73914057,0.340825707,-0.021540336
A,0.872394979,0.513137102,-5.39E-07,0.652589262,0.218529105,-0.048619848,0.772514343,0.334091663,-0.063880593,0.814003348,0.365831614,-0.051334202,0.851714611,0.3819592,-0.022782275,0.885282159,0.358860314,-0.017652586
A,0.79837662,0.842229724,-5.63E-07,0.662739277,0.544978142,-0.062874399,0.738096416,0.689843297,-0.074041151,0.771841407,0.721356213,-0.062022015,0.800498664,0.741247118,-0.03101334,0.834532976,0.723200798,-0.024154335
A,0.576787114,0.90531081,-9.18E-07,0.396596789,0.587827742,-0.048427165,0.468195796,0.750317335,-0.067413673,0.505897403,0.77779007,-0.049825389,0.548648238,0.798416853,-0.027312387,0.591309071,0.781082273,-0.031851053
A,0.642920673,0.637226045,-6.24E-07,0.456539035,0.386182278,-0.052060351,0.537505984,0.510405362,-0.064682946,0.575677395,0.522616208,-0.0518317,0.614263535,0.532151699,-0.026911879,0.644733131,0.508081973,-0.025786461
A,0.561151326,0.603065431,-6.22E-07,0.367563784,0.385296196,-0.04521988,0.451034665,0.495928735,-0.053948585,0.484380484,0.50199616,-0.045412462,0.524610162,0.506838202,-0.02323547,0.551896453,0.484951317,-0.022999162
A,0.797147036,0.596416056,-4.71E-07,0.665018976,0.349556148,-0.042771071,0.726706028,0.460188299,-0.06023312,0.758516908,0.482994407,-0.048576441,0.787172973,0.498538435,-0.023573538,0.815301061,0.482580096,-0.019680303
A,0.887813687,0.400848567,-4.33E-07,0.736364841,0.128558904,-0.037508152,0.803676724,0.24131602,-0.048753526,0.837109923,0.2631329,-0.043712959,0.875188768,0.281713516,-0.019654529,0.906686723,0.260796219,-0.013390907
B,0.824445069,0.812907338,5.59E-07,0.777536929,0.599696159,-0.089734115,0.719722748,0.284890294,-0.099467106,0.754764855,0.237129271,-0.090969615,0.796623111,0.267494172,-0.093741581,0.848033428,0.340302765,-0.095717847
B,0.885747969,0.761910915,5.47E-07,0.840417027,0.504591942,-0.093564287,0.768018723,0.186969578,-0.099612027,0.809636831,0.135382861,-0.08920221,0.855082095,0.169187158,-0.090676293,0.917640865,0.243138015,-0.093305677
B,0.731044054,0.807767391,4.91E-07,0.684853137,0.606764436,-0.07316485,0.638673604,0.334639251,-0.078920692,0.673909009,0.294074506,-0.072057649,0.70945096,0.321255803,-0.075334854,0.756220281,0.382346451,-0.078090146
B,0.607546747,0.869519293,5.02E-07,0.553238034,0.669982076,-0.069350272,0.500374258,0.392432898,-0.083323531,0.534893036,0.34825474,-0.080457568,0.572969794,0.3799842,-0.085683979,0.614950418,0.445502609,-0.091454178
B,0.600096941,0.735954523,5.06E-07,0.550918102,0.523836076,-0.068166755,0.475041807,0.260616988,-0.074756995,0.50411576,0.21302402,-0.068276405,0.541067064,0.238903016,-0.071769819,0.589379191,0.298578769,-0.075160645
B,0.731325448,0.710814118,4.65E-07,0.698701739,0.47642377,-0.060893174,0.617877722,0.223866969,-0.058706447,0.650718331,0.182982594,-0.049191386,0.689677417,0.209449768,-0.052616,0.740035295,0.265884459,-0.055258259
B,0.749313056,0.857692778,4.07E-07,0.744849801,0.649607658,-0.065416686,0.687785327,0.398730218,-0.072136842,0.7190516,0.361706614,-0.067314178,0.754740417,0.389691114,-0.069480523,0.798499942,0.454375207,-0.072151177
B,0.795083046,0.958197117,3.53E-07,0.795198262,0.741643667,-0.058347147,0.747433245,0.508047283,-0.059714422,0.779393852,0.474059641,-0.055601381,0.813523233,0.502674341,-0.058649208,0.853822649,0.566463292,-0.060356192
B,0.646948516,1.000121951,4.20E-07,0.630327165,0.796950519,-0.06209879,0.577154219,0.536036611,-0.069092602,0.606032133,0.499074101,-0.066333212,0.643821061,0.529155493,-0.070814922,0.684423327,0.594150007,-0.075242572
B,0.674215257,0.964068353,3.98E-07,0.655415952,0.747636378,-0.058297623,0.598929465,0.490195215,-0.062214836,0.62915051,0.452491164,-0.059972353,0.666079164,0.479271621,-0.066258766,0.710461676,0.542800546,-0.072521187
B,0.607102633,0.905277729,5.59E-07,0.566632152,0.648052096,-0.076398514,0.481183559,0.342339963,-0.082489729,0.517633021,0.291341573,-0.07896395,0.561096191,0.324555844,-0.084684566,0.612170517,0.393510014,-0.091432683
C,0.688743949,0.725404263,-2.21E-07,0.438859582,0.654377699,-0.006892453,0.424184948,0.441611826,-0.006834021,0.411331236,0.445605457,-0.033268336,0.414295554,0.445553362,-0.048669368,0.436902046,0.463567168,-0.069850765
C,0.821344912,0.661010623,-6.85E-08,0.571975946,0.575470328,-0.022490371,0.579273582,0.367330074,-0.01635387,0.579145312,0.36535424,-0.046996243,0.592918336,0.367047846,-0.066666566,0.62056005,0.380592108,-0.092208706
C,0.82445693,0.601246417,-1.73E-07,0.575279236,0.510770559,0.000515554,0.582110763,0.299676567,0.013809541,0.574782491,0.293524086,-0.020687327,0.58188957,0.296720505,-0.046513561,0.603962839,0.306357563,-0.076168031
C,0.806048632,0.749994636,-1.51E-07,0.566919148,0.653448284,-0.021251546,0.567566752,0.4561975,-0.031814449,0.567199826,0.455259323,-0.052421611,0.57726115,0.461559832,-0.062020861,0.599988699,0.48453781,-0.080853395
C,0.677905023,0.788048685,-1.63E-07,0.43882522,0.690064371,-0.025773548,0.438446701,0.486599743,-0.0238338,0.427726418,0.489014864,-0.041223478,0.431142032,0.496621192,-0.049943447,0.449193805,0.517398775,-0.06409049
C,0.744278312,0.756346345,4.73E-08,0.505802572,0.676320076,-0.039607547,0.507049143,0.454731703,-0.030557174,0.513212562,0.451762825,-0.058336973,0.5327636,0.45479694,-0.072720274,0.570992589,0.460983545,-0.094103545
C,0.799312115,0.594677091,1.97E-07,0.54983896,0.516880155,-0.039886069,0.561181009,0.279209435,-0.013979015,0.572421014,0.261013001,-0.037561785,0.60048002,0.253348768,-0.047200438,0.638385355,0.255427778,-0.062153339
C,0.804717898,0.785773396,1.25E-07,0.596262217,0.688268363,-0.073304445,0.62458849,0.475748241,-0.067410827,0.633144498,0.475174665,-0.073849581,0.658680856,0.474998057,-0.071042545,0.696837306,0.489046633,-0.084009498
C,0.664423466,0.814281881,4.07E-08,0.426215261,0.730332077,-0.039035097,0.434346914,0.501938283,-0.025068918,0.436910003,0.494808882,-0.048660878,0.448844194,0.496351779,-0.063389204,0.484820455,0.508588314,-0.087087266
C,0.820511818,0.646677792,1.13E-07,0.572900772,0.537163615,-0.03473049,0.600531459,0.312613368,-0.008073516,0.605284095,0.305099487,-0.045877054,0.624144733,0.306359649,-0.063792296,0.661369979,0.313290536,-0.088494927
D,0.791680276,0.783460379,-1.83E-07,0.586647093,0.614510655,-0.083199866,0.647497892,0.29339534,-0.077392302,0.608673036,0.613571107,-0.077975936,0.643099308,0.654595912,-0.06364423,0.651328444,0.660322964,-0.077977777
D,0.847480237,0.757392645,-1.21E-07,0.675620198,0.589939713,-0.094457142,0.726886392,0.272629589,-0.092352666,0.696135879,0.583763242,-0.088710219,0.733226359,0.625567555,-0.066235483,0.749411881,0.634631276,-0.075207464
D,0.863533497,0.86218363,-1.75E-07,0.710737109,0.689945936,-0.102209903,0.775272131,0.387861013,-0.109947063,0.740863621,0.70586729,-0.104683198,0.774562538,0.745327055,-0.078171901,0.79066968,0.761072397,-0.085818857
D,0.700448871,0.95862931,-1.93E-07,0.484307289,0.792719662,-0.071752816,0.54981035,0.475837141,-0.078251228,0.503688097,0.795681119,-0.073146708,0.532344878,0.837331057,-0.06234489,0.545466602,0.85375315,-0.081513323
D,0.697920501,0.894098759,-1.62E-07,0.448425889,0.68369168,-0.081382707,0.549777567,0.328710139,-0.082078092,0.471321851,0.685647786,-0.077601314,0.508585989,0.733521223,-0.068230376,0.513190866,0.740578055,-0.095734522
D,0.743881464,0.757102013,-1.82E-07,0.537625968,0.570192575,-0.093535416,0.607335925,0.20516625,-0.083395071,0.566631019,0.56457746,-0.077931844,0.60791558,0.599902511,-0.056966335,0.619773686,0.607707322,-0.074453637
D,0.868897855,0.736868918,-8.35E-08,0.68617928,0.504434288,-0.099564388,0.775704622,0.176088125,-0.08679942,0.710048497,0.500722229,-0.081141695,0.748625636,0.548668742,-0.059879437,0.762102783,0.553233624,-0.07893686
D,0.682813346,0.848317564,-1.56E-07,0.446141958,0.632259905,-0.076746449,0.539878666,0.281894147,-0.071688615,0.464012712,0.623168886,-0.069207251,0.50089848,0.670334458,-0.060616922,0.496862352,0.684203982,-0.091729946
D,0.833083391,0.906824827,-1.70E-07,0.68449831,0.714111328,-0.095608711,0.76604706,0.399508148,-0.08875373,0.713547707,0.726959467,-0.084985048,0.744950414,0.764562309,-0.060689516,0.760045946,0.784914494,-0.067334071
D,0.905292273,0.669099748,-1.68E-08,0.723127604,0.451022983,-0.11587657,0.805817842,0.138930053,-0.094487555,0.755410075,0.449619681,-0.094317466,0.788640499,0.487219214,-0.06966418,0.807587385,0.486816525,-0.076800764
E,0.874312639,0.624752522,-2.23E-07,0.814513564,0.451941431,-0.08006224,0.747040093,0.362582535,-0.088801987,0.796032965,0.365362644,-0.093702629,0.838244081,0.367519706,-0.079290748,0.876595616,0.345782518,-0.076913126
E,0.84104979,0.82697165,-3.00E-07,0.802719474,0.654403031,-0.057807431,0.748380363,0.565901101,-0.0732878,0.794834197,0.576071322,-0.074588284,0.832744002,0.580470264,-0.064735942,0.867352784,0.563523531,-0.067919858
E,0.676362276,0.866496563,-4.00E-07,0.602765262,0.700589657,-0.069299512,0.554524362,0.615163267,-0.068753794,0.595589697,0.604936242,-0.055870555,0.637113392,0.611547947,-0.048973735,0.672190666,0.589901209,-0.05251921
E,0.693546772,0.80439949,-4.08E-07,0.628505588,0.598155856,-0.088263214,0.561498761,0.495847106,-0.092213042,0.615538836,0.495111197,-0.081576437,0.667610347,0.498583674,-0.070845351,0.712284267,0.474388599,-0.072640099
E,0.782212198,0.745022476,-3.52E-07,0.74905771,0.553365052,-0.076811269,0.671994448,0.471400201,-0.085602656,0.726441979,0.47662124,-0.077493422,0.769819796,0.478298813,-0.067036785,0.807917476,0.458091587,-0.069440864
E,0.825798869,0.563498795,-2.43E-07,0.79190886,0.357283205,-0.06799566,0.709281921,0.291519821,-0.076221228,0.759120047,0.291211843,-0.074396916,0.804804981,0.298748851,-0.061397869,0.844280481,0.277424544,-0.062692873
E,0.64961642,0.571837962,-3.72E-07,0.592281282,0.368891984,-0.075776123,0.521397173,0.301975399,-0.085701428,0.570110619,0.29392916,-0.079189494,0.614053071,0.286486179,-0.072048448,0.656298578,0.258811951,-0.068906091
E,0.582433879,0.759068966,-4.02E-07,0.512163222,0.568535805,-0.070027404,0.459089637,0.487317353,-0.075208656,0.506171882,0.483873546,-0.06972973,0.54962635,0.483330965,-0.06347429,0.58949554,0.464729965,-0.06323202
E,0.764852643,0.716644347,-3.44E-07,0.733499765,0.53489387,-0.064809754,0.665727496,0.460586429,-0.076403573,0.715926409,0.460309684,-0.069292806,0.757090688,0.463394523,-0.059522599,0.794286668,0.4464086,-0.062740535
E,0.843992412,0.844866395,-3.44E-07,0.809335589,0.680447996,-0.061517596,0.765581727,0.598004937,-0.067528941,0.811294556,0.604579389,-0.061555143,0.847545624,0.605766535,-0.054402553,0.878765881,0.590147257,-0.057084855
F,0.789953947,0.681781888,2.56E-07,0.56911093,0.558384478,-0.091954432,0.618866801,0.528370976,-0.122675762,0.664302111,0.200446516,-0.091718085,0.739568591,0.200053215,-0.100253955,0.860601306,0.269419193,-0.093680777
F,0.773895681,0.822363853,2.05E-07,0.574311197,0.682354033,-0.090009719,0.623403251,0.654433191,-0.117619202,0.676522076,0.36825636,-0.096756391,0.745148063,0.373848647,-0.109411061,0.857016087,0.451502979,-0.101177305
F,0.622048378,0.905166626,1.60E-07,0.393220007,0.775095522,-0.08078035,0.448887765,0.746631324,-0.11911045,0.482521385,0.429561257,-0.088923037,0.547573268,0.436240703,-0.097282469,0.661342144,0.504533172,-0.089462444
F,0.597672224,0.768920898,1.64E-07,0.351488054,0.620388448,-0.088105448,0.409473896,0.591696382,-0.118018158,0.450544626,0.249652892,-0.077694364,0.528649211,0.246786326,-0.087091759,0.648655474,0.317404926,-0.087798797
F,0.815685868,0.717896938,1.77E-07,0.623481214,0.54707396,-0.088327684,0.657453477,0.530318737,-0.119812153,0.704496443,0.225663066,-0.088175766,0.782157958,0.230809093,-0.092921175,0.899483144,0.298125952,-0.081644379
F,0.81349349,0.875894189,1.29E-07,0.659161866,0.712814152,-0.10549514,0.685844421,0.6936391,-0.137515843,0.73696661,0.421616316,-0.11161413,0.80980432,0.43168804,-0.11518418,0.906629324,0.512728572,-0.099332109
F,0.677421331,0.85855341,8.66E-08,0.531873226,0.716332793,-0.077672936,0.559664667,0.704229712,-0.09472663,0.593370736,0.474275708,-0.075573459,0.646662295,0.47698313,-0.079457365,0.727121949,0.539833307,-0.072073035
F,0.730962038,0.532522321,1.00E-07,0.555332065,0.383137584,-0.067097113,0.582872331,0.376638442,-0.087734453,0.601046324,0.11988984,-0.061154895,0.655531704,0.116832748,-0.062346041,0.74344635,0.148920894,-0.05524873
F,0.601513684,0.534819841,1.00E-07,0.412510455,0.373081505,-0.066798739,0.455901265,0.37384367,-0.084471397,0.477125853,0.106127918,-0.053879336,0.532205164,0.098025143,-0.053785473,0.612116456,0.132863551,-0.047494374
F,0.571422517,0.890217125,7.35E-08,0.381027341,0.748423815,-0.066042371,0.415473759,0.734464228,-0.094816476,0.442200989,0.470694244,-0.066839747,0.503222108,0.471043706,-0.072649643,0.590566516,0.528319299,-0.067613594
C,0.790833533,0.712098598,3.13E-08,0.556142032,0.633107066,-0.058877923,0.59558636,0.42022872,-0.048964176,0.599392712,0.418573141,-0.061286386,0.61777842,0.415738493,-0.064628266,0.650825083,0.425480664,-0.079036094
C,0.675475359,0.779985905,1.47E-08,0.445680261,0.710444212,-0.041916072,0.455971241,0.477972865,-0.028392812,0.451991558,0.471610665,-0.041853771,0.464609683,0.479345381,-0.055847291,0.488930762,0.497997224,-0.077645443
C,0.691448987,0.653000772,-5.09E-08,0.468580097,0.575405955,-0.016436543,0.485026032,0.35677129,-0.002256989,0.4766258,0.354122341,-0.028049519,0.489633232,0.350495279,-0.046720795,0.517339468,0.356299639,-0.071012087
C,0.6920439,0.66759038,-2.98E-07,0.483162224,0.539931297,0.008678322,0.497451961,0.35702318,0.0030858,0.488170087,0.353015095,-0.022458551,0.487812161,0.351951241,-0.040052235,0.50287801,0.370389581,-0.060498409
C,0.704432309,0.817162991,-1.29E-07,0.498533428,0.70036453,-0.008312318,0.517631412,0.507502019,-0.01018434,0.513636351,0.498764157,-0.025922423,0.519773722,0.506834269,-0.041637789,0.538594723,0.533839703,-0.064058729
C,0.670727849,0.881967306,1.42E-08,0.452147573,0.793305039,-0.034034755,0.478129089,0.569244623,-0.027307661,0.470954686,0.569411993,-0.042066991,0.477967024,0.578868389,-0.053848047,0.504073381,0.601912439,-0.075413756
C,0.638420939,0.861492395,5.05E-08,0.394389749,0.787503719,-0.037761364,0.419683248,0.537595689,-0.02309433,0.413741708,0.534941673,-0.044854831,0.427408993,0.533134401,-0.058661845,0.461675853,0.538245499,-0.080339327
C,0.759251237,0.839367986,6.82E-08,0.537193,0.7413041,-0.051854119,0.579691947,0.510264397,-0.043960717,0.584261715,0.507624149,-0.059278242,0.602400601,0.511340737,-0.065854222,0.636103153,0.531796336,-0.081058607
C,0.772793233,0.713797212,2.86E-08,0.551790953,0.62211597,-0.037063405,0.581235111,0.416913629,-0.022951985,0.587715149,0.413702101,-0.044882711,0.602356374,0.411232829,-0.053344961,0.635873497,0.416265011,-0.06751518
C,0.715866983,0.714964867,4.59E-08,0.481256157,0.624725759,-0.015914118,0.511487842,0.409533203,0.009616701,0.514423847,0.395781159,-0.019204626,0.529264271,0.400262654,-0.040361278,0.556974292,0.407133818,-0.061651293
E,0.838717341,0.690360606,-2.32E-07,0.75899297,0.564802527,-0.075031489,0.700387299,0.446956635,-0.083372951,0.749869049,0.448284566,-0.082591526,0.791885376,0.444876194,-0.066266179,0.827457309,0.431863606,-0.068525732
E,0.82709825,0.703417778,-2.88E-07,0.767210245,0.579295278,-0.056944452,0.709680021,0.478776693,-0.069538012,0.757361054,0.48510772,-0.06698671,0.795123994,0.480344176,-0.060644269,0.823409498,0.467473686,-0.062731512
E,0.843398452,0.599032998,-1.16E-07,0.777378678,0.451043367,-0.057602409,0.710117936,0.35108754,-0.07205829,0.757984638,0.341762543,-0.072928868,0.798608422,0.342212379,-0.062369026,0.833280027,0.333592623,-0.064834617
E,0.810285985,0.768766761,-3.39E-07,0.752081513,0.62781179,-0.064092413,0.701840162,0.533876121,-0.076008312,0.748330891,0.531678796,-0.066372573,0.786173344,0.530977488,-0.056695662,0.819346845,0.516418278,-0.057575099
E,0.639951289,0.879543781,-2.68E-07,0.564364195,0.762559056,-0.076642357,0.519851387,0.651927233,-0.080989763,0.560527682,0.642770708,-0.073990993,0.600851119,0.645538628,-0.065590158,0.636952341,0.634446859,-0.063765727
E,0.617198944,0.730384648,-1.77E-07,0.53936094,0.610541463,-0.085599042,0.484537333,0.500662446,-0.091952212,0.528967559,0.487996459,-0.089021116,0.570476353,0.478022456,-0.068124637,0.607992768,0.462488681,-0.066749588
E,0.550533831,0.74010855,-2.80E-07,0.446556181,0.624788046,-0.089072771,0.395043612,0.520492256,-0.087964408,0.436390996,0.501004577,-0.083377726,0.48120147,0.494597435,-0.073379561,0.520872712,0.474385023,-0.069819309
E,0.621879458,0.554424286,-2.56E-07,0.536475837,0.410955638,-0.081028052,0.485831559,0.309575796,-0.088893153,0.53134793,0.294306904,-0.090264775,0.577248216,0.288883239,-0.076045938,0.617349923,0.275523514,-0.06916225
E,0.822552562,0.504870296,-2.59E-07,0.747471035,0.348231435,-0.05570516,0.683849156,0.254868776,-0.07860934,0.733621895,0.243436903,-0.081897788,0.773732483,0.24293837,-0.071715869,0.806808352,0.23167932,-0.072602153
E,0.841209292,0.714243472,-2.60E-07,0.785584927,0.564292252,-0.061078604,0.753822923,0.470742762,-0.071743704,0.799805641,0.480168402,-0.07063859,0.835630417,0.483667344,-0.058864858,0.867240131,0.473093301,-0.059499405
F,0.7705971,0.761253119,2.66E-07,0.650722444,0.624573708,-0.114663519,0.653597355,0.611379087,-0.125174135,0.667541087,0.31603682,-0.076526076,0.734459758,0.333557248,-0.072131619,0.832584202,0.393668592,-0.057275865
F,0.675024927,0.784611285,2.85E-07,0.525453568,0.655229211,-0.100486785,0.544309139,0.641225576,-0.116943061,0.564265966,0.335900784,-0.080814108,0.63248533,0.346409589,-0.084527098,0.733725727,0.40211612,-0.071980536
F,0.540696025,0.84061414,2.83E-07,0.363251448,0.703889132,-0.084546663,0.393636703,0.698867261,-0.115879819,0.424045056,0.36084199,-0.085013181,0.499575883,0.369460136,-0.094063103,0.600149691,0.439417541,-0.080577813
F,0.513185382,0.753401875,2.48E-07,0.320861399,0.590289831,-0.088884689,0.357077479,0.592799067,-0.109202757,0.389204085,0.265688807,-0.073662765,0.459486246,0.271027476,-0.079233438,0.571431637,0.335849881,-0.074335374
F,0.629844069,0.720102787,2.42E-07,0.486403435,0.576096058,-0.09736836,0.498839796,0.566101015,-0.10611859,0.495722175,0.277888298,-0.063341513,0.558137596,0.277922213,-0.068848088,0.665931523,0.331784129,-0.057245966
F,0.718752921,0.839649558,2.13E-07,0.616618395,0.702032387,-0.109320253,0.615628839,0.685088396,-0.126827285,0.623261631,0.381590009,-0.090714239,0.68453902,0.391524941,-0.094646268,0.785226107,0.45778352,-0.07525079
F,0.779931724,0.886827171,2.28E-07,0.730196118,0.748129845,-0.103625029,0.714647889,0.741657317,-0.120489471,0.735903919,0.439489216,-0.089883305,0.789232671,0.45926705,-0.09200307,0.873648286,0.532048047,-0.073342085
F,0.794557512,0.696661532,2.50E-07,0.724303246,0.51923728,-0.102823094,0.710105419,0.508103013,-0.113835447,0.725665808,0.243302673,-0.074391544,0.784030795,0.260146677,-0.077282265,0.870486736,0.328195512,-0.064399451
F,0.629366934,0.700265229,2.72E-07,0.50857687,0.530290663,-0.095214806,0.511012673,0.523708522,-0.109626099,0.519744039,0.245266229,-0.06712044,0.587764978,0.258470148,-0.071340345,0.69076544,0.318831861,-0.058991332
F,0.79098922,0.658775985,3.03E-07,0.680437267,0.424880683,-0.122903034,0.6731264,0.438057274,-0.131225705,0.680134475,0.127633274,-0.078671068,0.752270579,0.14901197,-0.077847458,0.862865746,0.22215198,-0.061336234
C,0.871060967,0.911572337,-1.39E-07,0.531414628,0.633278012,-0.077039599,0.59729445,0.388485014,-0.085911691,0.623984575,0.390601993,-0.116633683,0.667072475,0.387511194,-0.110048212,0.709307015,0.407268286,-0.120968141
C,0.884974837,0.682518005,-1.12E-08,0.544328153,0.43778199,-0.041516174,0.60556531,0.187972903,-0.012425211,0.633309543,0.165885895,-0.057634193,0.674654484,0.154292345,-0.068358563,0.729010344,0.154923528,-0.087583713
C,0.764085174,0.766823232,-1.10E-08,0.478469729,0.560849786,-0.038760647,0.533785224,0.351990461,-0.008933194,0.546430588,0.34370172,-0.048413493,0.569601655,0.340980589,-0.057668835,0.605829239,0.348520875,-0.077091254
C,0.710571527,0.91585803,-2.55E-07,0.344147205,0.642347097,-0.028498875,0.395129621,0.392367125,-0.017600615,0.402056098,0.388660908,-0.063962013,0.441356629,0.380998075,-0.07826186,0.474234819,0.390932411,-0.102532208
C,0.884660006,0.858740449,4.62E-08,0.583379745,0.619031429,-0.102182522,0.660230994,0.386369884,-0.098762609,0.684194922,0.387001455,-0.119171306,0.730620027,0.386697888,-0.108429007,0.777273238,0.403369844,-0.114442527
E,0.827071011,0.881928921,-6.27E-07,0.723951697,0.644149721,-0.159878582,0.644158542,0.494320422,-0.169513777,0.725351512,0.480729073,-0.152541757,0.793373466,0.478129894,-0.127296001,0.854042292,0.442651629,-0.129876554
E,0.809636652,0.730939686,-5.22E-07,0.706456542,0.495014757,-0.141987875,0.628859639,0.361537248,-0.159289077,0.699817896,0.346032053,-0.147419065,0.762357712,0.343960673,-0.127712041,0.82163161,0.309704691,-0.127992153
E,0.759865522,0.80728817,-5.18E-07,0.681939125,0.602636099,-0.116147384,0.613309324,0.484057307,-0.131106302,0.677360237,0.476460099,-0.116086371,0.730489016,0.470012844,-0.09751901,0.78002286,0.42972666,-0.096789062
E,0.761942327,0.967864394,-5.81E-07,0.687336981,0.785979629,-0.093470052,0.642146111,0.682023346,-0.095009319,0.700844824,0.68190217,-0.077988587,0.745440722,0.682753682,-0.06289997,0.785021722,0.657164156,-0.071750358
E,0.65791595,0.930858672,-3.91E-07,0.562113464,0.743297458,-0.096879736,0.502832651,0.615739882,-0.093159527,0.558538198,0.616945982,-0.080300905,0.607126296,0.618483365,-0.067683138,0.654257715,0.598389268,-0.067888282
E,0.60228163,0.848039567,-3.41E-07,0.503471434,0.656474888,-0.099182904,0.429557621,0.520525753,-0.103712283,0.488663524,0.522636473,-0.097765915,0.543434501,0.525814533,-0.077472851,0.591401398,0.499065936,-0.078806095
E,0.743068516,0.819667459,-3.50E-07,0.651492596,0.618751705,-0.089739382,0.585628152,0.490132332,-0.083103448,0.643015623,0.485005796,-0.073016949,0.689885855,0.479476929,-0.056035459,0.730952799,0.459647298,-0.056662772
G,0.926470339,0.65837115,-1.84E-07,0.678068161,0.524114072,-0.016905854,0.541931748,0.496199638,-0.071444958,0.745737433,0.563766837,-0.041442804,0.748598874,0.635881841,-0.022400584,0.758679867,0.689472079,-0.011476764
G,0.889501631,0.429152966,-2.92E-07,0.628102064,0.315744042,-0.023443516,0.485690653,0.248574123,-0.088113174,0.698915541,0.350949556,-0.065117553,0.705211043,0.418503284,-0.040981214,0.712724805,0.471646011,-0.043291397
G,0.839218378,0.735992849,-3.97E-08,0.657384336,0.606476188,-0.020119099,0.544759333,0.608365357,-0.054856151,0.695322692,0.654157281,-0.034148924,0.694682419,0.711175442,-0.017261913,0.701091349,0.755578578,-0.012482923
G,0.724768996,0.887562335,4.12E-08,0.538943589,0.740412772,-0.008698177,0.408284962,0.747833908,-0.042033546,0.571117461,0.788186491,-0.013164915,0.577112556,0.849980652,0.001555314,0.589656234,0.896912336,0.008629125
G,0.737299144,0.691296279,-5.28E-08,0.528854251,0.572619796,-0.022125931,0.375412494,0.515596688,-0.061304674,0.574427009,0.619317174,-0.037415948,0.577896535,0.68148458,-0.018294616,0.58744067,0.731598794,-0.009864446
G,0.928688645,0.664995551,-1.30E-07,0.70087117,0.552656531,-0.029603375,0.611392498,0.4805848,-0.077754855,0.767867863,0.586974502,-0.053693064,0.767184794,0.642194867,-0.032760736,0.772823274,0.691367209,-0.028765272
G,1.011150718,0.392688543,-1.89E-07,0.762884557,0.269854069,-0.040115166,0.649266481,0.156662807,-0.094553225,0.822074711,0.325225502,-0.07460925,0.827768505,0.382027745,-0.056552645,0.836619437,0.436492532,-0.061693534
G,0.79562819,0.351714075,-1.67E-07,0.6205405,0.277467698,-0.026341626,0.481289685,0.156456143,-0.065490812,0.63418442,0.305810839,-0.053642835,0.640581727,0.346572906,-0.04116286,0.650516033,0.388772994,-0.043982025
G,0.711319625,0.911028862,4.87E-08,0.544038236,0.828466296,-0.026997713,0.445167154,0.84113282,-0.05718052,0.577279985,0.861960649,-0.033819363,0.588485062,0.913623035,-0.016442798,0.598583877,0.953388393,-0.015268422
G,0.667768776,0.841319621,8.78E-09,0.46706605,0.721445262,-0.017439246,0.31870985,0.668486893,-0.051829547,0.50643909,0.757046402,-0.02797763,0.513173223,0.820562899,-0.009551181,0.521670341,0.870771587,-0.004558055
H,0.89114213,0.559292912,4.70E-07,0.685126483,0.413983762,-0.019440047,0.524597526,0.398282468,-0.051055249,0.493819475,0.442676723,-0.055442255,0.713134706,0.545492828,-0.032184891,0.729703188,0.593958437,-0.015476285
H,0.905869305,0.388196021,3.58E-07,0.676788986,0.409469306,-0.030305842,0.529378891,0.265916169,-0.07104712,0.504058242,0.311406553,-0.078262441,0.731496453,0.400264412,-0.052717861,0.746295273,0.439648688,-0.042593837
H,0.892395616,0.668139219,4.90E-07,0.665503919,0.677107275,-0.01557037,0.5273031,0.57681644,-0.037813503,0.50710547,0.631953359,-0.041582245,0.717422783,0.688163042,-0.021935796,0.736756206,0.729095578,-0.004180916
H,0.891213715,0.81549865,5.61E-07,0.679868281,0.816722751,-0.017992631,0.540682614,0.750471234,-0.052638169,0.518844247,0.800966501,-0.049499094,0.715674877,0.833658814,-0.025983052,0.734443665,0.87369591,-0.009967853
H,0.813818634,0.784835696,6.51E-07,0.606782913,0.778670132,-0.01097381,0.445112556,0.67778194,-0.04036402,0.424553633,0.729099929,-0.039730173,0.636441588,0.799102008,-0.019250702,0.658477187,0.843844056,-0.000427195
H,0.796788514,0.626235783,6.62E-07,0.574771166,0.632874012,-0.024628937,0.404674411,0.501363516,-0.056095656,0.385867596,0.559961677,-0.058264356,0.610863566,0.647466779,-0.035820719,0.628937304,0.692140162,-0.016951172
H,0.922932684,0.355022013,4.66E-07,0.670470297,0.380068511,-0.025841994,0.51255554,0.208264112,-0.076789923,0.487052202,0.258541375,-0.092019007,0.725655019,0.387214303,-0.057856273,0.748817205,0.425810069,-0.050292354
H,0.803446293,0.888863981,6.49E-07,0.586466312,0.891405165,-0.030699087,0.453167737,0.815411925,-0.064371571,0.431516588,0.870756984,-0.057563644,0.634944499,0.90517664,-0.03116356,0.658357084,0.951307356,-0.012400794
H,0.671797216,0.791667283,6.36E-07,0.452105522,0.781616271,0.000948871,0.291671813,0.696161747,-0.035894152,0.267318487,0.751103342,-0.035229821,0.493845612,0.809905469,-0.007408973,0.522314012,0.859148443,0.012267121
H,0.654110789,0.57436496,6.61E-07,0.421945751,0.56286186,-0.003265471,0.236891583,0.460088074,-0.047961485,0.204860598,0.523829043,-0.058590028,0.45746693,0.610097885,-0.015588715,0.489607364,0.658445001,-0.002280702
I,0.791286409,0.778924465,-5.87E-07,0.689995766,0.548333585,-0.056386217,0.715705216,0.665552139,-0.047529414,0.748016417,0.672632515,-0.052082334,0.778254092,0.62648797,-0.03432887,0.816566586,0.360579491,-0.035225634
I,0.799433351,0.633196592,-6.06E-07,0.692566574,0.383788973,-0.057431072,0.7208727,0.507857382,-0.045183569,0.754214764,0.515444279,-0.043384846,0.784413338,0.45733574,-0.019205937,0.803014278,0.21288237,-0.018132463
I,0.831867158,0.938447595,-5.79E-07,0.751656711,0.716933012,-0.069535792,0.760637641,0.812077284,-0.051801503,0.792910576,0.833022416,-0.056498256,0.824243128,0.800619245,-0.039630581,0.865532875,0.513530076,-0.03656644
I,0.631149173,0.920271218,-6.09E-07,0.524695218,0.725438356,-0.059721626,0.54891181,0.832468808,-0.051109485,0.574552894,0.8386904,-0.054219648,0.602665126,0.797278821,-0.0362092,0.661974549,0.512378395,-0.039751332
I,0.612474501,0.778936625,-5.87E-07,0.498521388,0.575554371,-0.053594463,0.525326669,0.679546535,-0.046988912,0.554091334,0.690659285,-0.051038761,0.583574414,0.637938738,-0.033016689,0.62591213,0.36368224,-0.037643582
I,0.494366974,0.772549748,-6.56E-07,0.367573619,0.571240127,-0.054520316,0.400355726,0.700381994,-0.053409714,0.422639549,0.690606117,-0.056664068,0.446432918,0.633688986,-0.039789155,0.505728006,0.352264613,-0.044323966
I,0.489327013,0.632716894,-6.02E-07,0.363061488,0.404102623,-0.066504374,0.374421895,0.533852935,-0.062088177,0.419191897,0.530811369,-0.063386708,0.456006318,0.469083905,-0.039798956,0.510280609,0.19054082,-0.044008043
I,0.658409238,0.610185862,-6.13E-07,0.555264354,0.374618977,-0.059253149,0.582565844,0.488089234,-0.049321968,0.613625348,0.493312567,-0.049073536,0.639931321,0.433277965,-0.026563909,0.6702075,0.184908986,-0.02704992
I,0.790452063,0.774594545,-5.67E-07,0.728493631,0.553092659,-0.069255412,0.737258792,0.65909034,-0.062060468,0.767704964,0.677735388,-0.058693405,0.797134936,0.633109689,-0.036143519,0.823631465,0.367654234,-0.030751335
I,0.853304446,0.939978123,-5.15E-07,0.795379579,0.738030672,-0.075670004,0.797024727,0.815327823,-0.066729747,0.828917325,0.850863039,-0.066801868,0.858477592,0.822514892,-0.048779961,0.892155111,0.544269443,-0.046987426
J,0.672156751,0.871904016,-2.98E-07,0.722926974,0.605041862,0.022020305,0.681092441,0.660429537,0.005282027,0.641188443,0.669391513,-0.002280602,0.60060668,0.680921853,-0.008751272,0.52185601,0.543082952,-0.012770712
J,0.710518122,0.614565313,-4.44E-07,0.715289414,0.38863793,0.022108264,0.709309042,0.422934204,0.01351347,0.669506192,0.42757982,0.000440854,0.630270779,0.439754993,-0.015698431,0.537719607,0.264991164,-0.031740315
J,0.710803747,0.878786206,-3.44E-07,0.76552695,0.616189599,0.033195846,0.704332769,0.669850767,0.013632219,0.669178784,0.67841357,0.001711587,0.630166709,0.687345982,-0.002984597,0.557751179,0.546464145,-0.008273887
J,0.590755105,0.949077964,-2.62E-07,0.638706207,0.702975392,-0.000959404,0.599489808,0.733127356,-0.018865148,0.556930304,0.742675662,-0.009904236,0.519679964,0.755841136,-0.010327836,0.445729703,0.606203079,-0.016199509
J,0.500287354,0.839092255,-2.71E-07,0.554008007,0.599306285,0.001658387,0.511830091,0.615866721,-0.015241428,0.469938964,0.627079785,-0.008322619,0.433459044,0.640324831,-0.01070096,0.351829022,0.488102615,-0.013861484
J,0.710276246,0.552803516,-4.71E-07,0.725387275,0.333494782,0.022779526,0.706072807,0.380660057,0.007634168,0.677761197,0.384678036,0.000600948,0.644483328,0.402490854,-0.011835822,0.550470352,0.202658132,-0.02101302
J,0.822745383,0.432250142,-4.62E-07,0.843787014,0.222182959,0.021054976,0.830472946,0.261856198,0.006467064,0.803344548,0.278055191,0.005719785,0.771109462,0.293818116,-0.005307316,0.666080773,0.090600342,0.001258014
J,0.837496281,0.812271655,-5.27E-07,0.863048136,0.595999599,0.032086261,0.818545163,0.626639068,0.017526506,0.794747174,0.633147657,0.003796713,0.769602537,0.639751613,-0.005301507,0.700209498,0.475751519,-0.022245875
J,0.668899775,0.943188906,-3.56E-07,0.73035717,0.708079636,0.008509423,0.67705065,0.739089429,-0.005908174,0.642662466,0.746419609,-0.009644072,0.607676148,0.75242126,-0.013558021,0.541447699,0.608792067,-0.015413797
J,0.565723419,0.893522441,-3.82E-07,0.646540344,0.605014205,0.023473976,0.567413926,0.643523693,0.010850282,0.523337245,0.652891338,0.000910245,0.479821026,0.663324475,-0.003582292,0.396906376,0.486078799,-0.011996849
K,0.802722573,0.694680214,7.30E-07,0.716344595,0.414483398,-0.038280223,0.653440297,0.323291212,-0.039552525,0.785383642,0.29452008,-0.06214866,0.791299701,0.614738166,-0.042223863,0.82311672,0.605269492,-0.032864571
K,0.867482007,0.53516078,8.85E-07,0.773698688,0.231714234,-0.042098343,0.713899374,0.13682422,-0.034641292,0.851136208,0.088921383,-0.058563627,0.856605351,0.437924027,-0.047269385,0.886340976,0.43587631,-0.035171118
K,0.847353518,0.830451846,6.76E-07,0.766696811,0.532789946,-0.039109804,0.715224743,0.44068107,-0.044659194,0.839662671,0.425779283,-0.065973885,0.835929632,0.749634027,-0.043539617,0.862148881,0.739354491,-0.033147953
K,0.691640258,0.878955841,4.99E-07,0.616462231,0.613650382,-0.036772795,0.552406311,0.514140368,-0.045502134,0.667466342,0.49636054,-0.067574777,0.665658772,0.819298983,-0.041759513,0.702355981,0.808311164,-0.034990422
K,0.706946433,0.824379921,8.11E-07,0.589010835,0.513877749,-0.063308932,0.513365984,0.396813571,-0.079465441,0.655610561,0.345645219,-0.104884543,0.678442955,0.749677539,-0.066422515,0.713909268,0.745329678,-0.054863982
K,0.735018432,0.62282753,9.87E-07,0.622545004,0.267667204,-0.058989499,0.551447034,0.145858735,-0.055919606,0.703500628,0.096826494,-0.083660714,0.71622771,0.51496172,-0.057634119,0.751015246,0.506946683,-0.043772787
K,0.870957732,0.681941688,9.94E-07,0.796591282,0.312753707,-0.049650181,0.74329406,0.20519796,-0.04722878,0.88825649,0.181928068,-0.073954053,0.872451603,0.577629268,-0.052657112,0.905464113,0.576300144,-0.038345285
K,0.84198153,0.823569298,7.75E-07,0.777966142,0.505926549,-0.042173702,0.738793492,0.408231199,-0.04300702,0.861117184,0.402682424,-0.06017277,0.843253255,0.73594147,-0.045028049,0.86941427,0.731280684,-0.035316356
K,0.667753756,0.87246418,6.31E-07,0.613345027,0.565957963,-0.04263667,0.563643575,0.454090774,-0.058089416,0.680935264,0.439180076,-0.090317093,0.645762861,0.802751422,-0.051619038,0.684638739,0.796267629,-0.041218441
K,0.577895105,0.952530622,6.68E-07,0.484128803,0.553267419,-0.05133383,0.392601341,0.406941086,-0.072911687,0.552489877,0.357681721,-0.10582421,0.533135056,0.874931693,-0.062039882,0.591733575,0.847254872,-0.04785791
L,0.940351546,0.643931031,-9.40E-08,0.692073762,0.567115784,-0.114722438,0.789980769,0.240429878,-0.092843488,0.874341786,0.504151046,-0.068612777,0.911955595,0.507380784,-0.054748669,0.956147909,0.498211592,-0.048579384
L,0.91157794,0.835919678,-8.83E-09,0.668642044,0.769317985,-0.138372049,0.774766922,0.427879095,-0.099795625,0.853873134,0.71061033,-0.07257852,0.889457881,0.709194779,-0.055123426,0.929439783,0.703973174,-0.049436819
L,0.803584933,0.858846426,-8.58E-08,0.552734613,0.806430638,-0.105057687,0.658922136,0.463748634,-0.086696506,0.740817428,0.746185839,-0.064333163,0.776239038,0.734407485,-0.04877213,0.816798866,0.719157219,-0.044667274
L,0.756510139,0.800346971,-6.76E-08,0.48634693,0.731723726,-0.111951903,0.604156792,0.374084204,-0.089750789,0.68765837,0.669888139,-0.058873594,0.727223575,0.664925575,-0.043501899,0.768107891,0.65794754,-0.035953011
L,0.664073169,0.787877083,-6.81E-08,0.377299786,0.715763569,-0.116787165,0.501050472,0.337950796,-0.083943181,0.589039087,0.655200303,-0.055064451,0.631673396,0.644957364,-0.036262028,0.66773361,0.635461271,-0.0334762
L,0.749823213,0.595392108,-9.79E-08,0.467976272,0.503614426,-0.116681911,0.591084599,0.162606657,-0.089700818,0.67227608,0.449925274,-0.054249555,0.713707924,0.446837306,-0.040022936,0.756846905,0.435014576,-0.037599899
L,0.86979717,0.595675111,-1.05E-07,0.605857015,0.491577178,-0.107298404,0.728274167,0.166788071,-0.086789683,0.800610662,0.442092597,-0.057543449,0.840919614,0.447761238,-0.0476471,0.887420118,0.439263135,-0.040915661
L,0.588620543,0.817273974,-8.80E-08,0.330541372,0.759615481,-0.106280535,0.437634706,0.413265467,-0.07323695,0.522633553,0.717310131,-0.051487796,0.55834043,0.702415943,-0.033124354,0.590334713,0.687462449,-0.037042711
L,0.813378751,0.785965502,-6.97E-08,0.596847534,0.707191885,-0.089672349,0.700538754,0.419431686,-0.078787953,0.763221264,0.673989773,-0.062019181,0.794751048,0.672188938,-0.045373306,0.829364061,0.666112304,-0.038836472
L,0.718956947,0.623978555,-6.86E-08,0.536350787,0.565138221,-0.072791375,0.614463151,0.3308734,-0.062098768,0.668354511,0.528930068,-0.0368989,0.694793761,0.527477384,-0.028749745,0.7250368,0.522045374,-0.023190698
L,0.858725548,0.867366791,-5.00E-08,0.462198555,0.766120255,-0.215764895,0.643878579,0.215753347,-0.169441313,0.756033003,0.667030156,-0.091492131,0.813609421,0.655009389,-0.076272815,0.871441185,0.64967829,-0.067635782
L,0.748560667,0.777868092,-1.23E-07,0.390474439,0.724482417,-0.15748477,0.534077585,0.218654066,-0.127385512,0.655570328,0.623385429,-0.082896255,0.70784533,0.598812044,-0.059063055,0.763388276,0.583168328,-0.056477945
L,0.783758759,0.787568092,-7.38E-08,0.471743494,0.730058193,-0.147063002,0.605540335,0.286944598,-0.121669941,0.707628965,0.649255514,-0.088514917,0.747809589,0.631796777,-0.063362502,0.794054568,0.623909056,-0.061121751
L,0.734957099,0.833934665,-9.08E-08,0.432112038,0.781318605,-0.132713184,0.566312253,0.351946831,-0.112108983,0.663757265,0.711196959,-0.088896804,0.706348419,0.697429359,-0.061783582,0.750481486,0.691420138,-0.059635226
L,0.851073444,0.826076508,-1.08E-07,0.473355055,0.71644783,-0.189125761,0.64620924,0.202461839,-0.152043641,0.754373431,0.61880368,-0.093419924,0.81195724,0.610142708,-0.074665688,0.872100949,0.606251895,-0.06748388
L,0.771823645,0.853096664,-1.35E-07,0.350443363,0.779642999,-0.182138368,0.519688368,0.200255364,-0.145035177,0.654549003,0.665932477,-0.078703292,0.716452062,0.638983309,-0.059665605,0.78433609,0.625820041,-0.053451933
D,0.811859667,0.973122001,-3.31E-08,0.667743862,0.809971035,-0.153655723,0.652786255,0.437571615,-0.144516557,0.713637173,0.812854528,-0.132556811,0.764886618,0.840932071,-0.091763064,0.812650561,0.839519739,-0.090940237
D,0.784127891,0.840131044,-2.09E-08,0.697044194,0.67930156,-0.119004868,0.670084238,0.372509778,-0.116836801,0.729681969,0.687954664,-0.106094591,0.76850158,0.71051383,-0.067728736,0.801751733,0.70462817,-0.06558691
D,0.681989551,0.84465605,-7.12E-08,0.5591079,0.694200397,-0.101858273,0.570079148,0.397331834,-0.089882851,0.592914164,0.7095263,-0.087843552,0.634049475,0.733566582,-0.06278798,0.670268416,0.73611784,-0.064473152
D,0.746879697,0.765383065,-1.57E-08,0.620735645,0.582262635,-0.11661347,0.603678823,0.279347032,-0.09798903,0.662833869,0.592204452,-0.090675235,0.70909214,0.607533216,-0.060376704,0.752438188,0.605194449,-0.059831664
D,0.835074365,0.69699347,1.77E-10,0.768204093,0.481058359,-0.124423444,0.716562331,0.192543924,-0.107664131,0.797328711,0.49732855,-0.102424026,0.839163005,0.516560316,-0.070772626,0.872313976,0.508175135,-0.070245109
D,0.721906364,0.89511174,-7.69E-08,0.598779798,0.747404695,-0.11292883,0.610341907,0.441890627,-0.096675247,0.639011085,0.760336578,-0.089753039,0.680024326,0.785262346,-0.063544206,0.714157462,0.786972404,-0.064558707
D,0.652825892,0.895070076,-1.50E-07,0.500351131,0.740855932,-0.104252622,0.523802936,0.414634794,-0.096185431,0.535498381,0.764721572,-0.096535824,0.584688723,0.786933184,-0.069320612,0.620412827,0.785223246,-0.071640722
D,0.755838692,0.872454286,-4.16E-09,0.669138908,0.73148948,-0.123281211,0.642381191,0.422223628,-0.115019321,0.706128299,0.743465424,-0.106886126,0.741461396,0.763186932,-0.070572004,0.77783978,0.752269983,-0.0677604
D,0.887040615,0.687226057,-2.66E-08,0.849069595,0.469868064,-0.10067144,0.77482605,0.207805514,-0.090972319,0.871150255,0.499745131,-0.088117473,0.90904063,0.512619138,-0.060292993,0.942389846,0.500000417,-0.060201511
L,0.878692627,0.93516624,-6.21E-08,0.480048031,0.775761068,-0.230182856,0.671629429,0.260209024,-0.179906502,0.789368153,0.718624473,-0.112405546,0.849209368,0.724185228,-0.090736613,0.911408544,0.726280332,-0.081943706
L,0.805303037,0.781122923,-4.94E-08,0.433301926,0.631092012,-0.203311086,0.607616842,0.173395902,-0.152354211,0.719009876,0.57720679,-0.103330374,0.774292648,0.579096735,-0.074185386,0.833998442,0.577091336,-0.069406688
L,0.744166613,0.829783559,-7.33E-08,0.402596891,0.724677324,-0.160883352,0.548846841,0.282853186,-0.123942591,0.659343064,0.663421929,-0.076535612,0.710614622,0.653835654,-0.056198116,0.761285722,0.645740151,-0.050437912
L,0.762516797,0.848942757,-5.38E-08,0.456917644,0.773040056,-0.152980059,0.594165623,0.347830862,-0.119546689,0.68524754,0.700560391,-0.082244165,0.729469061,0.691088676,-0.064002395,0.779792309,0.682940841,-0.056924477
L,0.858425081,0.701659143,-5.64E-08,0.559199333,0.5895468,-0.15618062,0.700132489,0.183880329,-0.125036806,0.786202967,0.521146297,-0.08539243,0.83425051,0.530145049,-0.070355467,0.890772641,0.526745319,-0.062316112
L,0.827221096,0.906867921,-6.50E-08,0.535030901,0.812214255,-0.160777897,0.680708826,0.387209237,-0.122487761,0.765350759,0.750946522,-0.086800292,0.809827447,0.745344996,-0.070873417,0.854872584,0.743337631,-0.05937767
L,0.708040833,0.915809691,-3.84E-08,0.364512205,0.830833495,-0.161977887,0.523304105,0.374343336,-0.12317159,0.621428967,0.765619278,-0.076947451,0.670730054,0.751462102,-0.048008971,0.716772437,0.745256126,-0.045355983
L,0.747547865,0.90563941,-3.79E-08,0.343218297,0.787837148,-0.192322254,0.528657854,0.248300284,-0.144601554,0.64573288,0.69922936,-0.083762221,0.706966877,0.693239927,-0.057316173,0.767442703,0.689133763,-0.050057899
L,0.869597793,0.740399122,-8.23E-08,0.481138676,0.58911556,-0.205731347,0.668772519,0.077611536,-0.156199515,0.782528281,0.516514778,-0.11480239,0.843930125,0.529016435,-0.086993948,0.912037075,0.524390817,-0.080706075
L,0.753676176,0.865240157,-4.45E-08,0.430571079,0.758514643,-0.148841277,0.577139258,0.331794292,-0.114666373,0.668637395,0.693949699,-0.064729415,0.719343185,0.690029263,-0.050973136,0.770580828,0.687457383,-0.042528301
H,0.910912097,0.763586879,4.37E-07,0.654797196,0.454374969,0.010054274,0.39718166,0.53923744,-0.01839672,0.360041589,0.605691493,-0.027974846,0.693311632,0.719503522,-0.010677189,0.721804142,0.781556129,0.022029888
H,1.000421524,0.517737389,4.53E-07,0.657565892,0.435811341,-0.034650322,0.442742199,0.254999965,-0.081779294,0.385481566,0.332972735,-0.104161866,0.74767679,0.490196317,-0.066495121,0.767059863,0.556061864,-0.04524428
H,0.901467144,0.796939135,2.91E-07,0.61716342,0.563634634,-0.036350347,0.413600653,0.590343475,-0.084258445,0.373826295,0.664353132,-0.087682188,0.679050386,0.746608257,-0.051216301,0.693401158,0.810166299,-0.02681746
H,0.877169073,0.883909047,4.54E-07,0.603070259,0.612633228,-0.033635702,0.396780282,0.682735324,-0.074809663,0.352273494,0.757522345,-0.072394304,0.645163298,0.824400246,-0.037896708,0.666603684,0.895357847,-0.011510593
H,0.796220183,0.764420152,5.51E-07,0.526048839,0.497152597,-0.023786427,0.278224438,0.542822719,-0.068411656,0.224047184,0.619368613,-0.070158102,0.550843835,0.730708718,-0.042140916,0.578982711,0.795025826,-0.015845137
H,0.859789848,0.526362658,4.41E-07,0.564521611,0.454709947,-0.008012941,0.349360079,0.281619132,-0.06140193,0.298644006,0.351714939,-0.08895795,0.615628064,0.518549681,-0.054780368,0.639073193,0.572629392,-0.034960184
H,0.89469564,0.82853359,3.87E-07,0.652570903,0.563802838,-0.018935297,0.432605565,0.629567206,-0.074385531,0.38201353,0.700456679,-0.08744017,0.671633065,0.791387439,-0.046706304,0.690081537,0.856171489,-0.022168681
H,0.788433731,0.949783146,6.55E-07,0.539493978,0.714137375,-0.04225916,0.310670525,0.7464692,-0.079281785,0.259376764,0.823111653,-0.076458804,0.551373363,0.901063502,-0.038862459,0.573675334,0.96866411,-0.013756962
H,0.691198349,0.780780196,5.70E-07,0.430251956,0.539493561,-0.026460493,0.20939061,0.558527529,-0.060156822,0.161932081,0.622837067,-0.060594015,0.455725551,0.759863853,-0.036578104,0.474163026,0.822894752,-0.012545465
H,0.845928788,0.531499028,3.91E-07,0.601242542,0.430818439,0.009415521,0.406334102,0.303431571,-0.035955463,0.362969726,0.355447084,-0.069875285,0.62964344,0.520137727,-0.038310967,0.650502622,0.570325494,-0.027601497
H,0.833806634,0.593769312,3.27E-07,0.649780512,0.414077371,-0.003464672,0.480474263,0.414545774,-0.036729224,0.444655895,0.460629761,-0.057735473,0.669633865,0.585172594,-0.039994787,0.688858807,0.625331044,-0.033847135
H,0.886398435,0.784198642,2.89E-07,0.703418434,0.588799655,-0.001342233,0.534254372,0.630641341,-0.04629847,0.496975213,0.680439055,-0.060141385,0.707552195,0.76166445,-0.031917509,0.724060476,0.808023751,-0.017661868
H,0.860252261,0.531729877,3.39E-07,0.667372823,0.379590034,-0.004861978,0.511829615,0.364706397,-0.046269003,0.474369377,0.409703791,-0.060474686,0.690017462,0.529599905,-0.039897099,0.708471894,0.567529261,-0.030712187
H,0.867869735,0.629225433,3.46E-07,0.689750671,0.434691638,-0.00725543,0.528753579,0.44517386,-0.03190225,0.493101358,0.483312368,-0.047282338,0.702186346,0.617808104,-0.035638396,0.717792034,0.65849638,-0.02119646
H,0.889238358,0.788791299,2.85E-07,0.711366296,0.594179749,0.005199956,0.554703712,0.635304451,-0.038253713,0.514865518,0.676612318,-0.055403803,0.71204412,0.76005733,-0.027543845,0.727267504,0.80843246,-0.00858255
H,0.858310759,0.887794435,4.95E-07,0.659905136,0.708647192,-0.034986459,0.494776428,0.750219584,-0.074836828,0.460797459,0.806212425,-0.073387347,0.676895022,0.865212142,-0.040138084,0.692517519,0.925132573,-0.019930081
H,0.766140461,0.625292301,4.53E-07,0.583052993,0.428006828,-0.000409436,0.377846003,0.427298069,-0.039442703,0.329378784,0.48877722,-0.061163366,0.583480418,0.617944658,-0.033961892,0.600994408,0.666479588,-0.017015249
,,,,,,,,,,,,,,,,,,
,,,,,,,,,,,,,,,,,,
,,,,,,,,,,,,,,,,,,
,,,,,,,,,,,,,,,,,,
,,,,,,,,,,,,,,,,,,
H,0.9451726078987122,0.5089893341064453,4.912961344416544e-07,0.632805347442627,0.4384819567203522,-0.07971774786710739,0.4370739758014679,0.3367557227611542,-0.156876340508461,0.39497843384742737,0.41753318905830383,-0.16203482449054718,0.6900151968002319,0.47508659958839417,-0.0902702733874321,0.7079617381095886,0.5397176742553711,-0.07593639940023422
H,0.9770625829696655,0.40111789107322693,4.795801942236722e-07,0.6203003525733948,0.3621807098388672,-0.10204723477363586,0.42163124680519104,0.20569589734077454,-0.17912772297859192,0.38295504450798035,0.29128214716911316,-0.19103965163230896,0.7037395238876343,0.3812611699104309,-0.12482714653015137,0.7263703346252441,0.44157254695892334,-0.11562071740627289
H,0.9022994637489319,0.46467307209968567,3.5771404327533673e-07,0.5779145956039429,0.4138551354408264,-0.06818778812885284,0.4011400640010834,0.30304795503616333,-0.15742149949073792,0.3681431710720062,0.3829057514667511,-0.15292909741401672,0.6483617424964905,0.43614140152931213,-0.08399084210395813,0.6691611409187317,0.493367075920105,-0.07489858567714691
H,0.9591447710990906,0.6671212911605835,4.4668743726106186e-07,0.6481828093528748,0.5504109263420105,-0.06040005758404732,0.45524898171424866,0.48113715648651123,-0.13277322053909302,0.4174654185771942,0.5620216727256775,-0.13479678332805634,0.6985905766487122,0.6091147065162659,-0.07204350084066391,0.7142810821533203,0.6733729243278503,-0.05914567410945892
H,0.8907042145729065,0.7247805595397949,8.432878644271113e-07,0.5514997839927673,0.6542665362358093,-0.0661567747592926,0.33016473054885864,0.5424978733062744,-0.15473440289497375,0.27957597374916077,0.6204493641853333,-0.14847730100154877,0.6110517978668213,0.6951172947883606,-0.06302044540643692,0.6413732171058655,0.7614679932594299,-0.042725712060928345
H,0.9169469475746155,0.5381136536598206,6.330783435259946e-07,0.5962692499160767,0.505540132522583,-0.07787942886352539,0.3960183560848236,0.3117201328277588,-0.16499890387058258,0.34817928075790405,0.3907140791416168,-0.1626594066619873,0.6687588095664978,0.5160749554634094,-0.10066824406385422,0.6950147747993469,0.5796480774879456,-0.08729976415634155
H,0.9067949056625366,0.6265075206756592,5.823726496601012e-07,0.627234160900116,0.5672451257705688,-0.06113997846841812,0.4397297203540802,0.44531288743019104,-0.1401084065437317,0.3990176320075989,0.5179409980773926,-0.13304193317890167,0.6706980466842651,0.6023761034011841,-0.0707126185297966,0.6923752427101135,0.6592750549316406,-0.05923173949122429
H,0.8084186315536499,0.686697244644165,8.162116387211427e-07,0.521809995174408,0.6425805687904358,-0.05339057743549347,0.3117363452911377,0.5371476411819458,-0.11346594244241714,0.26863351464271545,0.6108980178833008,-0.11065641790628433,0.5676087737083435,0.6841599345207214,-0.0563318207859993,0.5908238887786865,0.7409084439277649,-0.03527935594320297
H,0.8225193619728088,0.7323206663131714,6.925400271029503e-07,0.5315113663673401,0.6834915280342102,-0.05826461315155029,0.3627009391784668,0.5941483378410339,-0.1075163409113884,0.32274043560028076,0.6581750512123108,-0.10031456500291824,0.5940188765525818,0.711306095123291,-0.05559876933693886,0.6131958961486816,0.7680602073669434,-0.03149544820189476
H,0.9711486101150513,0.5441766977310181,5.453737230709521e-07,0.6485524773597717,0.4843232333660126,-0.08124496787786484,0.4705110788345337,0.352128803730011,-0.17452272772789001,0.42020997405052185,0.4280156195163727,-0.17810456454753876,0.7190521955490112,0.513425886631012,-0.09960006922483444,0.7380526065826416,0.578200101852417,-0.08824551105499268
I,0.7687506675720215,0.7738065123558044,-5.36341190127132e-07,0.5968225002288818,0.5444191694259644,-0.08762872964143753,0.6533428430557251,0.6270884275436401,-0.08333837985992432,0.6906818747520447,0.6592246294021606,-0.09272470325231552,0.7299647927284241,0.6417223811149597,-0.0714530274271965,0.8058479428291321,0.29765573143959045,-0.07960973680019379
I,0.7226218581199646,0.8974032998085022,-7.848095151530288e-07,0.4997323453426361,0.6329406499862671,-0.11294110864400864,0.5611448287963867,0.7484425902366638,-0.1031721755862236,0.6035147309303284,0.7890177965164185,-0.12699712812900543,0.6538890600204468,0.7759155035018921,-0.10580167919397354,0.7646738290786743,0.31888526678085327,-0.11703759431838989
I,0.7109920382499695,0.9199861288070679,-9.062723052011279e-07,0.4509747326374054,0.6387702822685242,-0.12761659920215607,0.5224305987358093,0.7626627087593079,-0.11249015480279922,0.5726571083068848,0.8109278678894043,-0.14266082644462585,0.6308147311210632,0.7927034497261047,-0.12036369740962982,0.7518119215965271,0.2624530792236328,-0.13274191319942474
I,0.6815164089202881,0.8039488196372986,-7.558724632872327e-07,0.4439893364906311,0.5320772528648376,-0.10563051700592041,0.5085923075675964,0.644980788230896,-0.09737718850374222,0.5557400584220886,0.6814913153648376,-0.11880962550640106,0.6066007614135742,0.6617228984832764,-0.09643343091011047,0.7076762914657593,0.20196068286895752,-0.10945721715688705
I,0.7162666320800781,0.7223204374313354,-5.83929875119793e-07,0.5187895894050598,0.4810413122177124,-0.0901675745844841,0.5795317888259888,0.5621485114097595,-0.08738955855369568,0.6232819557189941,0.5954268574714661,-0.10038770735263824,0.6666843891143799,0.5702747702598572,-0.07632682472467422,0.7402621507644653,0.19742858409881592,-0.08709964901208878
I,0.7034497857093811,0.6966946125030518,-4.234060781982407e-07,0.5302658081054688,0.45263367891311646,-0.08288778364658356,0.5875501036643982,0.5392672419548035,-0.07710650563240051,0.6240503787994385,0.553529679775238,-0.08710817247629166,0.6598785519599915,0.5330187678337097,-0.06492950022220612,0.7762675881385803,0.22118666768074036,-0.08002983778715134
I,0.7199056148529053,0.7059431672096252,-4.0278393953485647e-07,0.5725996494293213,0.48126769065856934,-0.07585722953081131,0.6276882290840149,0.5582178831100464,-0.07391142100095749,0.6605133414268494,0.5769150257110596,-0.07779929041862488,0.6976511478424072,0.5615272521972656,-0.05675977095961571,0.7987299561500549,0.2683654725551605,-0.06732133030891418
I,0.7289681434631348,0.7285958528518677,-3.729004163233185e-07,0.6017476320266724,0.49808967113494873,-0.07562123239040375,0.6533468961715698,0.5729561448097229,-0.07269906252622604,0.6828213930130005,0.6024438738822937,-0.07852423191070557,0.7191833257675171,0.5836857557296753,-0.05785059556365013,0.8267880082130432,0.31368207931518555,-0.067034512758255
I,0.7362967729568481,0.7452908754348755,-3.409045064017846e-07,0.6294333338737488,0.5207700729370117,-0.08079731464385986,0.6767867207527161,0.6013991236686707,-0.0700252577662468,0.7048651576042175,0.6224445700645447,-0.078276626765728,0.7408236265182495,0.608905553817749,-0.056978557258844376,0.8591069579124451,0.360885351896286,-0.06348006427288055
I,0.7346182465553284,0.7094329595565796,-3.266699195592082e-07,0.6132063269615173,0.47495612502098083,-0.07600868493318558,0.6648398637771606,0.5526790618896484,-0.070142462849617,0.6937074661254883,0.5792309045791626,-0.07887784391641617,0.725829541683197,0.561493992805481,-0.05940227583050728,0.8415105938911438,0.3005220890045166,-0.06795573979616165
I,0.7450234293937683,0.7386298775672913,-4.2751119622153055e-07,0.5920494198799133,0.48095130920410156,-0.08642503619194031,0.6499630808830261,0.5681372880935669,-0.08089357614517212,0.6835185289382935,0.5913201570510864,-0.0897190198302269,0.7229575514793396,0.5747225284576416,-0.06724250316619873,0.8532851338386536,0.26833051443099976,-0.07890169322490692
I,0.7421493530273438,0.7644590139389038,-5.166161258784996e-07,0.5670168399810791,0.5023177862167358,-0.09141514450311661,0.628236711025238,0.5906872153282166,-0.0868891030550003,0.6653202176094055,0.6251018047332764,-0.0949079766869545,0.7118768692016602,0.60502028465271,-0.07211381942033768,0.8210631608963013,0.25337401032447815,-0.08240185678005219
I,0.738345205783844,0.7701362371444702,-5.733795092055516e-07,0.5526446104049683,0.5047903656959534,-0.09813282638788223,0.6132884621620178,0.5965246558189392,-0.08910845220088959,0.6538721919059753,0.6322900652885437,-0.10227418690919876,0.699974536895752,0.6055750846862793,-0.07765720039606094,0.797779381275177,0.23545107245445251,-0.08680161088705063
I,0.7211132645606995,0.7873148918151855,-6.670719585599727e-07,0.5216584205627441,0.5150020122528076,-0.10501159727573395,0.5809994339942932,0.6185856461524963,-0.09824991971254349,0.6220940947532654,0.6497966647148132,-0.1129404678940773,0.6695622205734253,0.6262373924255371,-0.08800540119409561,0.7662338018417358,0.22250711917877197,-0.09703250974416733
I,0.652752697467804,0.7654188275337219,-5.805469527331297e-07,0.45561158657073975,0.5111075043678284,-0.08836890012025833,0.5110054016113281,0.6025665998458862,-0.0872572660446167,0.5446867942810059,0.6282304525375366,-0.0999118909239769,0.5864189267158508,0.6052309274673462,-0.0807938426733017,0.6997383832931519,0.24687635898590088,-0.09122058004140854
I,0.6307163238525391,0.7362720966339111,-5.47647630355641e-07,0.45544981956481934,0.5056682825088501,-0.07841778546571732,0.5057325959205627,0.5887004733085632,-0.0765419751405716,0.5371179580688477,0.6124168634414673,-0.08694299310445786,0.5757536292076111,0.5882818698883057,-0.06836505979299545,0.677541196346283,0.26382872462272644,-0.07894789427518845
I,0.6778807640075684,0.7413461208343506,-4.987434749637032e-07,0.527195394039154,0.5210858583450317,-0.08391907066106796,0.5811572670936584,0.5963653326034546,-0.07835699617862701,0.6164352893829346,0.6242019534111023,-0.08416324108839035,0.6528017520904541,0.6012627482414246,-0.060623228549957275,0.7352290153503418,0.2963198125362396,-0.06897949427366257
I,0.7208445072174072,0.7722594141960144,-4.4341692273519584e-07,0.5891990661621094,0.5640357732772827,-0.08428728580474854,0.6448106169700623,0.6359061598777771,-0.0756615549325943,0.6769634485244751,0.668047308921814,-0.08752478659152985,0.7125759720802307,0.6451389789581299,-0.06498196721076965,0.7904745936393738,0.3502400517463684,-0.06791654229164124
I,0.7512919306755066,0.8093512654304504,-4.2671632627389045e-07,0.640487790107727,0.6204383969306946,-0.08391904830932617,0.6897379159927368,0.6853573322296143,-0.07579532265663147,0.7242085933685303,0.7166537046432495,-0.08210637420415878,0.7552614212036133,0.7004153728485107,-0.06325796991586685,0.8177455067634583,0.41026031970977783,-0.06180369853973389
I,0.783778727054596,0.7984336614608765,-3.636916972027393e-07,0.679364025592804,0.6045476198196411,-0.08464036881923676,0.730488657951355,0.6799392700195312,-0.07301171869039536,0.7631208300590515,0.704108476638794,-0.07685279846191406,0.795951783657074,0.678674578666687,-0.0561617836356163,0.8506101369857788,0.41289442777633667,-0.05460576340556145
I,0.7317790389060974,0.7944806814193726,-6.565173293893167e-07,0.520832359790802,0.5602576732635498,-0.11086775362491608,0.5967183709144592,0.6489350199699402,-0.10095001012086868,0.6425693035125732,0.6863015294075012,-0.11637017130851746,0.6899445056915283,0.6495161056518555,-0.09003262966871262,0.7613438367843628,0.24687141180038452,-0.0983462855219841
I,0.7359313368797302,0.8373985290527344,-7.653601414858713e-07,0.5093979835510254,0.5875792503356934,-0.12016241252422333,0.5889409184455872,0.6888550519943237,-0.0985872745513916,0.6388453841209412,0.7266966104507446,-0.12513196468353271,0.6905279755592346,0.6888637542724609,-0.09882987290620804,0.769568920135498,0.242301344871521,-0.10730815678834915
I,0.7330153584480286,0.7086082696914673,-5.551092385758238e-07,0.5193926095962524,0.4256952404975891,-0.11382055282592773,0.6014530062675476,0.5269946455955505,-0.10986784100532532,0.6485985517501831,0.562018871307373,-0.1103513166308403,0.6950973868370056,0.5258930325508118,-0.08010027557611465,0.7726929187774658,0.11759191751480103,-0.08553672581911087
I,0.6886508464813232,0.7011972665786743,-5.922240688960301e-07,0.4667845368385315,0.4217391312122345,-0.10107633471488953,0.542265772819519,0.513800859451294,-0.09847118705511093,0.5849267244338989,0.5499987602233887,-0.1082705706357956,0.631746768951416,0.5116983652114868,-0.0844523161649704,0.7191862463951111,0.10605192184448242,-0.09026307612657547
I,0.7122489809989929,0.7131863832473755,-6.15152259797469e-07,0.48761940002441406,0.4538472592830658,-0.08981876075267792,0.5729607343673706,0.5198157429695129,-0.09270796179771423,0.6198510527610779,0.5637834072113037,-0.09894292056560516,0.6690870523452759,0.5370725393295288,-0.07425107806921005,0.7377484440803528,0.1421913504600525,-0.0825924426317215
I,0.7733245491981506,0.7338974475860596,-5.580520792136667e-07,0.5984799265861511,0.4837166965007782,-0.10400942713022232,0.6764324903488159,0.5613216757774353,-0.09764134883880615,0.7192965149879456,0.6021869778633118,-0.1028948426246643,0.7625523805618286,0.5716131329536438,-0.07264873385429382,0.8189661502838135,0.2064259648323059,-0.07406815886497498
I,0.7880871295928955,0.7399770021438599,-4.790127832166036e-07,0.6271936893463135,0.5022420883178711,-0.10788263380527496,0.7025780081748962,0.5823097825050354,-0.09701520949602127,0.742739737033844,0.6166699528694153,-0.1022094190120697,0.7822615504264832,0.5890095233917236,-0.07112184911966324,0.8408868908882141,0.23827838897705078,-0.07230155169963837
I,0.7892025709152222,0.7471413612365723,-4.864006655225239e-07,0.6324175000190735,0.5084359645843506,-0.10432717204093933,0.7045571804046631,0.5921167135238647,-0.09516150504350662,0.7429364919662476,0.623938798904419,-0.10041847825050354,0.7830100059509277,0.598793625831604,-0.06994171440601349,0.8442721366882324,0.25155431032180786,-0.07025911659002304
I,0.7985883951187134,0.7757343649864197,-4.340554937698471e-07,0.6508724093437195,0.530206024646759,-0.09871073067188263,0.7220113277435303,0.6114380359649658,-0.09184179455041885,0.7585313320159912,0.651972770690918,-0.09481934458017349,0.800916314125061,0.6287434101104736,-0.06597963720560074,0.8834784626960754,0.29408252239227295,-0.06891343742609024
I,0.7999101281166077,0.7650678753852844,-4.326441569446615e-07,0.6492577791213989,0.5228402018547058,-0.09506803750991821,0.7212982177734375,0.6037365198135376,-0.08846283704042435,0.7575259208679199,0.6381090879440308,-0.09289351105690002,0.7992913126945496,0.6176632642745972,-0.06710575520992279,0.8834976553916931,0.28244224190711975,-0.07100656628608704
I,0.7807023525238037,0.733361005783081,-4.097181260931393e-07,0.6247197389602661,0.4755149781703949,-0.08480767160654068,0.6890021562576294,0.5592126250267029,-0.07794645428657532,0.7257850766181946,0.5864476561546326,-0.08357280492782593,0.7661340236663818,0.5697240233421326,-0.06062258034944534,0.8586200475692749,0.24202856421470642,-0.06487070769071579
I,0.7407882213592529,0.7097270488739014,-3.8090780662969337e-07,0.5787901878356934,0.43520528078079224,-0.08418146520853043,0.6399588584899902,0.5194647312164307,-0.07723403722047806,0.6790719032287598,0.5497100353240967,-0.08173742145299911,0.7203090190887451,0.5199123024940491,-0.060736194252967834,0.841860294342041,0.21386992931365967,-0.07278553396463394
M,0.6908950209617615,0.6236386895179749,-6.189661689859349e-07,0.7618773579597473,0.3638172149658203,-0.08692951500415802,0.5926504135131836,0.4649769067764282,-0.1187693327665329,0.6321884393692017,0.4786715805530548,-0.1012774184346199,0.678250253200531,0.46274805068969727,-0.0789809599518776,0.7229083776473999,0.5365269780158997,-0.07849359512329102
M,0.6833942532539368,0.6027737855911255,-5.903635837967158e-07,0.7501389980316162,0.3420982360839844,-0.08959699422121048,0.5835363864898682,0.4399902820587158,-0.12489909678697586,0.624661386013031,0.4553362727165222,-0.1034194678068161,0.6699373126029968,0.4454944431781769,-0.07749452441930771,0.7194312214851379,0.5119993686676025,-0.07901407033205032
M,0.7323412299156189,0.5402607321739197,-5.670041787197988e-07,0.8129525184631348,0.25709664821624756,-0.08155905455350876,0.6487468481063843,0.35870033502578735,-0.12077964842319489,0.6900917887687683,0.3663208484649658,-0.10701128095388412,0.7363687753677368,0.34742459654808044,-0.0892120823264122,0.7770035862922668,0.4456407427787781,-0.09019237756729126
M,0.7271753549575806,0.6682447791099548,-5.536782623494219e-07,0.8266885280609131,0.4373908042907715,-0.08153249323368073,0.6635181903839111,0.5117188096046448,-0.11804895848035812,0.7028846740722656,0.5288516879081726,-0.1039520651102066,0.7486546039581299,0.511332094669342,-0.08403535932302475,0.7759475111961365,0.6057848930358887,-0.08489398658275604
M,0.7509028315544128,0.7749396562576294,-4.5887961164226e-07,0.860662579536438,0.5824353098869324,-0.08602064847946167,0.7059849500656128,0.6403098702430725,-0.12022331357002258,0.7393279075622559,0.6589644551277161,-0.09926729649305344,0.7796186804771423,0.6598035097122192,-0.07374957948923111,0.8078071475028992,0.7219042181968689,-0.07772237807512283
M,0.6417176723480225,0.7638373374938965,-5.93474965171481e-07,0.6990991830825806,0.5130772590637207,-0.0890219509601593,0.5407110452651978,0.6134195327758789,-0.12269299477338791,0.5786110162734985,0.6306150555610657,-0.1038438156247139,0.6229776740074158,0.6128079891204834,-0.07844264805316925,0.674985945224762,0.6920283436775208,-0.07525330036878586
M,0.5931746363639832,0.5992652773857117,-5.955974984317436e-07,0.6196457743644714,0.2885628938674927,-0.08952803164720535,0.4667678475379944,0.43033772706985474,-0.12311582267284393,0.5062187910079956,0.4348137676715851,-0.10430224984884262,0.5435268878936768,0.39774465560913086,-0.09078534692525864,0.6117497682571411,0.5111181139945984,-0.08863192051649094
M,0.6405096054077148,0.5731668472290039,-4.7248909140762407e-07,0.6891034245491028,0.3152506351470947,-0.07011944055557251,0.551909863948822,0.4106632471084595,-0.09668099135160446,0.584467887878418,0.41985830664634705,-0.09082529693841934,0.6216407418251038,0.40249377489089966,-0.07958082854747772,0.6704295873641968,0.4915805459022522,-0.07856768369674683
M,0.5936009883880615,0.6519464254379272,-4.3807639826809464e-07,0.6322199106216431,0.4253709316253662,-0.060125455260276794,0.5116350650787354,0.511124849319458,-0.08362211287021637,0.5432734489440918,0.523006796836853,-0.07637068629264832,0.577376127243042,0.5031298995018005,-0.06362258642911911,0.6182980537414551,0.5824531316757202,-0.06278393417596817
M,0.6931400299072266,0.7348793148994446,-4.103420963019744e-07,0.744868814945221,0.531112551689148,-0.06478866189718246,0.6303693652153015,0.6113860607147217,-0.0926792100071907,0.6589569449424744,0.6188017725944519,-0.08446165919303894,0.6943948268890381,0.6043838858604431,-0.06888137012720108,0.7293899655342102,0.672819972038269,-0.06880854815244675
M,0.8182656168937683,0.5625173449516296,-4.497202610309614e-07,0.8681514263153076,0.3133885860443115,-0.07031602412462234,0.7356187701225281,0.41657933592796326,-0.0998987928032875,0.766712486743927,0.4207664728164673,-0.09380460530519485,0.8042750954627991,0.3985493779182434,-0.08123771846294403,0.8534017205238342,0.4861798584461212,-0.08100391179323196
N,0.7363979816436768,0.5103057026863098,-3.7699751942454895e-07,0.7492009997367859,0.24143022298812866,-0.06373715400695801,0.6579580903053284,0.3402388095855713,-0.09594933688640594,0.6910040974617004,0.3443809151649475,-0.0881621390581131,0.7338589429855347,0.439784973859787,-0.06013689935207367,0.7735933661460876,0.4175448417663574,-0.04233487322926521
N,0.6678839325904846,0.6134669780731201,-4.0471223883287166e-07,0.6744803786277771,0.34806475043296814,-0.06860927492380142,0.5870568752288818,0.45804911851882935,-0.10177108645439148,0.6178483963012695,0.46417391300201416,-0.08766040205955505,0.6590368747711182,0.5501055717468262,-0.05618220195174217,0.6985939145088196,0.5293707251548767,-0.04194004833698273
N,0.6312999725341797,0.7717618346214294,-5.426798566077196e-07,0.6213857531547546,0.485660582780838,-0.0716138631105423,0.5281819105148315,0.607960045337677,-0.10504201054573059,0.5615687370300293,0.6065753698348999,-0.08904687315225601,0.6160895824432373,0.7008954882621765,-0.054453831166028976,0.6614534854888916,0.6719231605529785,-0.04547624662518501
N,0.6203173398971558,0.8995653390884399,-5.870291488463408e-07,0.6022992730140686,0.5847381949424744,-0.06527350097894669,0.5099849700927734,0.7171841859817505,-0.10131710022687912,0.5412064790725708,0.7203681468963623,-0.08809402585029602,0.5978245735168457,0.8188958764076233,-0.05210775509476662,0.6496288776397705,0.7821808457374573,-0.0463266521692276
N,0.6032893061637878,0.6820653676986694,-5.628295411952422e-07,0.5634829998016357,0.34114599227905273,-0.06938762962818146,0.47128307819366455,0.48490047454833984,-0.10869817435741425,0.5053608417510986,0.47376033663749695,-0.09666761755943298,0.5777216553688049,0.5936000943183899,-0.06211671605706215,0.6247158646583557,0.5537086129188538,-0.04619966074824333
N,0.6358084678649902,0.5290931463241577,-4.054794828789454e-07,0.6089254021644592,0.2014930546283722,-0.053886186331510544,0.524017333984375,0.31536224484443665,-0.09639735519886017,0.5574924349784851,0.29618406295776367,-0.08566565066576004,0.6240813732147217,0.43261653184890747,-0.06135859712958336,0.669498860836029,0.39814165234565735,-0.04676399752497673
N,0.725063681602478,0.45613962411880493,-2.638076068706141e-07,0.7265428304672241,0.14602237939834595,-0.04557173326611519,0.6428643465042114,0.25372886657714844,-0.0880022868514061,0.6778624057769775,0.23064284026622772,-0.08074982464313507,0.7235747575759888,0.3600926399230957,-0.04918791726231575,0.7643350958824158,0.33239370584487915,-0.03995775058865547
N,0.7575951218605042,0.4403330683708191,-2.1568162367202603e-07,0.7582203149795532,0.17604568600654602,-0.03461506962776184,0.6891211271286011,0.2569492757320404,-0.07062135636806488,0.7205674648284912,0.23684801161289215,-0.06628912687301636,0.7590948939323425,0.3573150336742401,-0.040149539709091187,0.7954943180084229,0.33301758766174316,-0.03144744411110878
N,0.7701480388641357,0.563397228717804,-2.7195915208722e-07,0.7886300683021545,0.31739234924316406,-0.04470803216099739,0.7186851501464844,0.4004521369934082,-0.07326395809650421,0.7451925277709961,0.3924744427204132,-0.06494364887475967,0.7777104377746582,0.4901980757713318,-0.042704012244939804,0.8097106218338013,0.4708676040172577,-0.030207905918359756
N,0.7087517380714417,0.6948521137237549,-3.161413530960999e-07,0.7159426212310791,0.45591655373573303,-0.059732310473918915,0.6476993560791016,0.5504973530769348,-0.08921641856431961,0.676668643951416,0.5541821718215942,-0.07737673819065094,0.7137059569358826,0.6317577362060547,-0.050100672990083694,0.7461183667182922,0.6080005764961243,-0.03473499417304993
M,0.7285752892494202,0.7743178606033325,-6.782628361179377e-07,0.7884812355041504,0.4640653729438782,-0.09054499864578247,0.6160352230072021,0.5935714244842529,-0.12876592576503754,0.661811113357544,0.5939388871192932,-0.10923130810260773,0.711132287979126,0.5777822732925415,-0.08736440539360046,0.7657216191291809,0.6701910495758057,-0.08791592717170715
M,0.6328204870223999,0.7109783887863159,-6.022787033543864e-07,0.6675421595573425,0.37895864248275757,-0.08838798850774765,0.5062849521636963,0.5317040681838989,-0.11772637814283371,0.5459804534912109,0.5232235789299011,-0.10201650112867355,0.5907008647918701,0.5009282827377319,-0.08953965455293655,0.651382565498352,0.5934483408927917,-0.08546117693185806
M,0.5687435269355774,0.6403307318687439,-6.336492219816137e-07,0.5844457745552063,0.30574432015419006,-0.08185465633869171,0.4293726086616516,0.4565943479537964,-0.11332660913467407,0.4709322154521942,0.45121335983276367,-0.10186146944761276,0.5189871191978455,0.42178788781166077,-0.09225758910179138,0.5890595316886902,0.5175812840461731,-0.09014011174440384
M,0.7389187812805176,0.6420892477035522,-5.461620276037138e-07,0.8112683296203613,0.30740243196487427,-0.08186192810535431,0.6470458507537842,0.43787339329719543,-0.12375817447900772,0.6886399984359741,0.42937251925468445,-0.11926908791065216,0.7437725067138672,0.41129738092422485,-0.10829877108335495,0.7947329878807068,0.521501362323761,-0.10691379010677338
M,0.7418848872184753,0.7586370706558228,-4.63244390402906e-07,0.8241971731185913,0.4898667335510254,-0.07826915383338928,0.6808969974517822,0.5911641120910645,-0.11484595388174057,0.7152482271194458,0.5921184420585632,-0.10726665705442429,0.7598326206207275,0.5866507887840271,-0.09181949496269226,0.7911229729652405,0.6710400581359863,-0.09571214020252228
O,0.7515254020690918,0.6118066906929016,-6.438061745939194e-07,0.5315503478050232,0.3570476472377777,-0.021293720230460167,0.5281896591186523,0.285616934299469,-0.02150809019804001,0.5291697382926941,0.2898038327693939,-0.049561332911252975,0.5386887788772583,0.30797278881073,-0.06503764539957047,0.5596169829368591,0.3220723271369934,-0.08225738257169724
O,0.7051306366920471,0.5830603837966919,-5.36863922206976e-07,0.5004531741142273,0.34272098541259766,-0.00834618229418993,0.49673405289649963,0.2760206162929535,-0.008623341098427773,0.49505650997161865,0.27157601714134216,-0.03343375399708748,0.5039267539978027,0.29184943437576294,-0.050852179527282715,0.5244746208190918,0.3081248104572296,-0.06923407316207886
O,0.6446674466133118,0.6816908717155457,-7.711224725426291e-07,0.4151151180267334,0.4444659948348999,-0.012391584925353527,0.4101333022117615,0.3733270466327667,-0.03904091194272041,0.4050027132034302,0.38090580701828003,-0.04362257570028305,0.4078253507614136,0.39674752950668335,-0.05494532734155655,0.41708940267562866,0.4142526686191559,-0.07693061232566833
O,0.5767766237258911,0.7791507840156555,-7.832557571418874e-07,0.3235188126564026,0.5746628046035767,-0.013777664862573147,0.31275463104248047,0.4956696927547455,-0.04421962425112724,0.30761197209358215,0.5188835263252258,-0.05488516762852669,0.3111720681190491,0.5390323400497437,-0.061358097940683365,0.3255317509174347,0.5572156310081482,-0.07452187687158585
O,0.6643289923667908,0.570613443851471,-4.19431387399527e-07,0.4532349407672882,0.33040785789489746,0.004054884426295757,0.44752997159957886,0.2901526391506195,0.02135765366256237,0.45308583974838257,0.2684932351112366,-0.009191715158522129,0.46495476365089417,0.27082496881484985,-0.031899578869342804,0.4755415916442871,0.28106915950775146,-0.0519232377409935
O,0.7261579632759094,0.4851635694503784,-3.286769469923456e-07,0.5380158424377441,0.23586705327033997,-0.026458393782377243,0.5326701998710632,0.19263064861297607,-0.019269175827503204,0.5431407690048218,0.16929981112480164,-0.030163446441292763,0.5611381530761719,0.16838130354881287,-0.03421648591756821,0.5777865648269653,0.1768271028995514,-0.04610709100961685
O,0.7795951962471008,0.5432676076889038,-3.9430190668099385e-07,0.6183576583862305,0.29614195227622986,-0.05075060576200485,0.6165472865104675,0.257779985666275,-0.041892025619745255,0.6300805807113647,0.23740845918655396,-0.046431392431259155,0.647728443145752,0.24426980316638947,-0.04849450662732124,0.6690097451210022,0.25603336095809937,-0.05688586086034775
O,0.7023962140083313,0.6492988467216492,-5.567607104239869e-07,0.5012873411178589,0.41385504603385925,-0.008343650959432125,0.4999464750289917,0.34682899713516235,-0.01041859295219183,0.500066876411438,0.3506484627723694,-0.034577202051877975,0.5103338956832886,0.3636212646961212,-0.051169510930776596,0.5261463522911072,0.37462201714515686,-0.07299912720918655
O,0.655411422252655,0.7522155046463013,-7.492127451769193e-07,0.4268065094947815,0.5398705005645752,-0.018932456150650978,0.42097344994544983,0.4707251489162445,-0.037095777690410614,0.4190640449523926,0.4790624976158142,-0.04928923025727272,0.4221566617488861,0.4953870177268982,-0.060751188546419144,0.4356975555419922,0.5100592970848083,-0.08211594820022583
O,0.6362700462341309,0.8262301683425903,-7.667134696021094e-07,0.39564836025238037,0.6339753866195679,-0.024976838380098343,0.38371238112449646,0.5595272779464722,-0.054446831345558167,0.38292497396469116,0.5691404938697815,-0.05781775712966919,0.38680189847946167,0.5887797474861145,-0.0668998435139656,0.3991585671901703,0.607673168182373,-0.08476369082927704
O,0.7677559852600098,0.6285812854766846,-5.30727561454114e-07,0.5874723792076111,0.36100664734840393,-0.025762755423784256,0.5917503833770752,0.31122416257858276,-0.019527705386281013,0.5929948687553406,0.3054443895816803,-0.04062608629465103,0.6050256490707397,0.31853824853897095,-0.05798066034913063,0.6257553100585938,0.3417084217071533,-0.07429236173629761
O,0.8809791803359985,0.53969407081604,-4.6328912617354945e-07,0.6726383566856384,0.33343085646629333,-0.008790130726993084,0.6675379872322083,0.28260624408721924,-0.0037351257633417845,0.6723043918609619,0.27137744426727295,-0.024428274482488632,0.6864495873451233,0.2818780243396759,-0.03889203071594238,0.7055721282958984,0.293878972530365,-0.055219948291778564
O,0.9027084112167358,0.4536830186843872,-3.712440559411334e-07,0.6969418525695801,0.25162678956985474,-0.03018510527908802,0.6904253959655762,0.20970332622528076,-0.016795050352811813,0.6970058083534241,0.1908314973115921,-0.025510577484965324,0.7132526636123657,0.19710689783096313,-0.0327613390982151,0.7308688163757324,0.20579233765602112,-0.04559563100337982
O,0.8007213473320007,0.558436393737793,-5.529032591766736e-07,0.59501051902771,0.40349069237709045,-0.020100358873605728,0.5871697068214417,0.3513774275779724,-0.02688346989452839,0.5861129760742188,0.3530442714691162,-0.04148722440004349,0.5935584306716919,0.3632001280784607,-0.0509706474840641,0.609192967414856,0.37045469880104065,-0.06373530626296997
O,0.6935133934020996,0.620276153087616,-6.493145292552072e-07,0.4816053807735443,0.4577072560787201,-0.023225437849760056,0.4763669967651367,0.4094846248626709,-0.04629173129796982,0.47323185205459595,0.4167521893978119,-0.04849081113934517,0.47585174441337585,0.42287909984588623,-0.054222337901592255,0.4845971465110779,0.4306320250034332,-0.06929907202720642
O,0.5915260910987854,0.5715941786766052,-5.999345944474044e-07,0.3997350335121155,0.3648659586906433,-0.021880708634853363,0.3974899649620056,0.3149399757385254,-0.03088754042983055,0.3922755718231201,0.3168778717517853,-0.036652274429798126,0.3920508623123169,0.33171647787094116,-0.05067489296197891,0.3999899625778198,0.337487131357193,-0.06848186999559402
O,0.6157171726226807,0.6968598365783691,-5.76611284941464e-07,0.4224185049533844,0.511828601360321,-0.01344901043921709,0.4193974733352661,0.47026750445365906,-0.025839751586318016,0.4157631993293762,0.4676663875579834,-0.03407512605190277,0.4193498492240906,0.47414523363113403,-0.04531773552298546,0.4302101135253906,0.4871826171875,-0.061143726110458374
O,0.594855546951294,0.7858856320381165,-6.372841312440869e-07,0.40506744384765625,0.6023475527763367,-0.024449562653899193,0.3965393900871277,0.5538612008094788,-0.04398443549871445,0.39551591873168945,0.5590043067932129,-0.04334791377186775,0.39985960721969604,0.571355938911438,-0.04762144014239311,0.4100085496902466,0.5845221281051636,-0.06233347952365875
O,0.6958730220794678,0.8110660314559937,-4.959999273523863e-07,0.5197223424911499,0.6208834052085876,-0.033452898263931274,0.5206872820854187,0.5696606636047363,-0.04444064944982529,0.5205035209655762,0.5746680498123169,-0.048294659703969955,0.5250494480133057,0.5890970230102539,-0.05293653905391693,0.5418215394020081,0.6034349203109741,-0.06328610330820084
O,0.7182942032814026,0.617097020149231,-3.16499068730991e-07,0.5378506779670715,0.39544352889060974,-0.011469357647001743,0.5399812459945679,0.353442519903183,-0.0009602041100151837,0.5489424467086792,0.3364621698856354,-0.012985552661120892,0.5618530511856079,0.3374851942062378,-0.01997104100883007,0.5731596946716309,0.3433624804019928,-0.0321047380566597
P,0.7372204065322876,0.12831458449363708,7.53739755054994e-07,0.6869911551475525,0.5134417414665222,-0.03524167090654373,0.6698511838912964,0.7761478424072266,-0.0968289002776146,0.7423437237739563,0.7776021957397461,-0.08471069484949112,0.7039594650268555,0.4304825961589813,-0.03901512548327446,0.7358331084251404,0.3875972032546997,-0.00980120524764061
P,0.6202622056007385,0.17153716087341309,7.75261867147492e-07,0.5695618987083435,0.5772321224212646,-0.03259850665926933,0.5253047943115234,0.846954345703125,-0.09377112984657288,0.6311415433883667,0.8349158763885498,-0.08030909299850464,0.6004046201705933,0.49318957328796387,-0.031102532520890236,0.6230477094650269,0.4612594544887543,-0.007841598242521286
P,0.6208755373954773,0.2423778474330902,5.983621349514578e-07,0.5849526524543762,0.5952835083007812,-0.02645023912191391,0.5463785529136658,0.8300203084945679,-0.07997462898492813,0.6333973407745361,0.8181561827659607,-0.06392841041088104,0.6112285256385803,0.5301064252853394,-0.02745780721306801,0.6373729109764099,0.49805504083633423,-0.009361429139971733
P,0.7512075901031494,0.23930102586746216,5.787596251138893e-07,0.7092101573944092,0.5641119480133057,-0.008964472450315952,0.7081230878829956,0.7893670797348022,-0.0544770248234272,0.7564606666564941,0.7889857292175293,-0.04627716913819313,0.7298771739006042,0.5076929926872253,-0.016553593799471855,0.7563269138336182,0.46456608176231384,0.008082202635705471
P,0.8098429441452026,0.22658281028270721,7.608190912833379e-07,0.7772245407104492,0.5448187589645386,-0.024645930156111717,0.7984248399734497,0.7594337463378906,-0.0688319206237793,0.8229746222496033,0.7727715969085693,-0.0522298626601696,0.8046913146972656,0.47893574833869934,-0.030398814007639885,0.8283016681671143,0.43212470412254333,-0.005123555660247803
P,0.7938801646232605,0.3126010298728943,6.783299681956123e-07,0.7622358202934265,0.5880263447761536,-0.023987622931599617,0.759477436542511,0.8063192963600159,-0.06376920640468597,0.7909472584724426,0.8117121458053589,-0.053287871181964874,0.7779805064201355,0.5357321500778198,-0.0337638333439827,0.8046626448631287,0.49689602851867676,-0.007901700213551521
P,0.6836358904838562,0.3317454755306244,5.672248448718165e-07,0.6150011420249939,0.6598714590072632,-0.019281521439552307,0.5806150436401367,0.8836036324501038,-0.0710354894399643,0.6588250994682312,0.8800691366195679,-0.05712378770112991,0.6522648930549622,0.5961506962776184,-0.029012588784098625,0.6816098690032959,0.5661886930465698,-0.010792475193738937
P,0.6444423198699951,0.17560666799545288,8.753606834943639e-07,0.6242306232452393,0.5867244601249695,-0.050135914236307144,0.5993464589118958,0.7894537448883057,-0.11454189568758011,0.6818916201591492,0.7948765754699707,-0.10001438856124878,0.646031379699707,0.4660567045211792,-0.05291665717959404,0.6747600436210632,0.42400503158569336,-0.02777278423309326
P,0.5406987071037292,0.24044828116893768,4.75448047154714e-07,0.5172961354255676,0.5683927536010742,-0.0237497016787529,0.4850025177001953,0.798529863357544,-0.0760842114686966,0.5738099813461304,0.7793465256690979,-0.0653848797082901,0.535925030708313,0.5104877948760986,-0.026360131800174713,0.5584834218025208,0.4801385998725891,-0.00861725490540266
P,0.8151195645332336,0.16799378395080566,9.875328714770149e-07,0.7829050421714783,0.5450168251991272,-0.06489773839712143,0.8279578685760498,0.7487332820892334,-0.12342896312475204,0.8641451597213745,0.7598704099655151,-0.0939343124628067,0.8219769597053528,0.4596249461174011,-0.04626288637518883,0.8398432731628418,0.41742846369743347,-0.022415557876229286
P,0.819197416305542,0.21012639999389648,9.912866971717449e-07,0.7992015480995178,0.6640069484710693,-0.04201909154653549,0.7610048055648804,0.8415930867195129,-0.08937469869852066,0.9044520854949951,0.8080527186393738,-0.07036849111318588,0.8552526235580444,0.4922024607658386,-0.021007413044571877,0.892356276512146,0.447988361120224,0.009695990942418575
P,0.7256500720977783,0.17567837238311768,7.246271138683369e-07,0.6944767236709595,0.5951107740402222,-0.046718429774045944,0.6523663401603699,0.7628669738769531,-0.09828722476959229,0.7863752841949463,0.7337809801101685,-0.07639270275831223,0.749430239200592,0.4367770552635193,-0.031175730749964714,0.779999852180481,0.4018772542476654,-0.00874368380755186
P,0.6113100647926331,0.22569036483764648,5.524329935724381e-07,0.5832006931304932,0.6250643730163574,-0.0426112599670887,0.548941969871521,0.7803586721420288,-0.08025413006544113,0.6857258677482605,0.7418333292007446,-0.07010946422815323,0.6347437500953674,0.46527597308158875,-0.02854313887655735,0.6660429835319519,0.43538010120391846,-0.005842328537255526
P,0.6765391230583191,0.2704102694988251,6.76386605391599e-07,0.6657086610794067,0.6550100445747375,-0.031462591141462326,0.6365453004837036,0.80482017993927,-0.07027095556259155,0.7549864649772644,0.7707114219665527,-0.05884682387113571,0.7055867314338684,0.49488580226898193,-0.02579708769917488,0.7372453212738037,0.4651431739330292,-0.0016835873248055577
P,0.7652806043624878,0.2430894374847412,7.839668114684173e-07,0.7699993252754211,0.6169919967651367,-0.04057466611266136,0.7336661219596863,0.7739416360855103,-0.0805305615067482,0.8496140241622925,0.7383263111114502,-0.06448790431022644,0.7995268106460571,0.47360703349113464,-0.03343591094017029,0.8292748928070068,0.4338390529155731,-0.010520930401980877
P,0.7802332639694214,0.25609034299850464,8.369457873413921e-07,0.7816616892814636,0.6468858122825623,-0.03859271854162216,0.7467465400695801,0.7983256578445435,-0.08304742723703384,0.8600726127624512,0.7592664957046509,-0.06301135569810867,0.8115916848182678,0.4928455948829651,-0.023982439190149307,0.836371123790741,0.4539003074169159,-0.00013748240598943084
P,0.7628563642501831,0.32174795866012573,7.335145255638054e-07,0.7582265138626099,0.695257842540741,-0.03303917124867439,0.7241868376731873,0.8495163917541504,-0.07523297518491745,0.8370242118835449,0.8134403824806213,-0.05618172511458397,0.7919848561286926,0.5440675616264343,-0.02195131592452526,0.8238434195518494,0.505118191242218,0.003347658785060048
P,0.6435955762863159,0.3426596224308014,6.274050861065916e-07,0.6251169443130493,0.7312466502189636,-0.04098719358444214,0.5949479341506958,0.881371021270752,-0.0815017968416214,0.7140593528747559,0.8367601633071899,-0.06124899163842201,0.6643790602684021,0.5691693425178528,-0.023946357890963554,0.6938869953155518,0.5377217531204224,0.0007364775519818068
P,0.6046903729438782,0.30531686544418335,5.344163582776673e-07,0.5818674564361572,0.7133763432502747,-0.03148834779858589,0.5473583936691284,0.8682881593704224,-0.061437975615262985,0.6813840866088867,0.813676118850708,-0.05060061067342758,0.6235132813453674,0.5444018244743347,-0.016185317188501358,0.6508018970489502,0.5202858448028564,0.008403168059885502
P,0.6064037084579468,0.1803068220615387,7.006340183579596e-07,0.5909709930419922,0.6238698959350586,-0.06750588119029999,0.5651708245277405,0.79812091588974,-0.11384277790784836,0.7016429901123047,0.7426855564117432,-0.08961889147758484,0.6338367462158203,0.44519320130348206,-0.03611503541469574,0.6653226017951965,0.4145140051841736,-0.01238284632563591
Q,0.6917558312416077,0.27211496233940125,4.360517280588283e-08,0.5416930913925171,0.6754652261734009,-0.0329427644610405,0.6023600101470947,0.8258503079414368,-0.08502434939146042,0.6253422498703003,0.5508778095245361,-0.0528138242661953,0.6835283041000366,0.5286177396774292,-0.02078936994075775,0.7273436188697815,0.5051435828208923,-0.025757180526852608
Q,0.7754302620887756,0.26728343963623047,2.0259331279248727e-07,0.6413881778717041,0.6573793292045593,-0.041547276079654694,0.7058615684509277,0.7932267785072327,-0.09149206429719925,0.7065032124519348,0.5420160889625549,-0.05494397506117821,0.7638189196586609,0.5176913142204285,-0.020886914804577827,0.8039680123329163,0.49486154317855835,-0.023101525381207466
Q,0.8071443438529968,0.15665945410728455,3.212885246739461e-07,0.6795362234115601,0.557196855545044,-0.0581379197537899,0.7467559576034546,0.681179940700531,-0.10861111432313919,0.743962824344635,0.4361230731010437,-0.07436081767082214,0.8009930849075317,0.4088076055049896,-0.03757981210947037,0.8424506187438965,0.3805578649044037,-0.04096672683954239
Q,0.8270924687385559,0.2956596612930298,3.1813877399144985e-07,0.6992577910423279,0.6876685619354248,-0.043608859181404114,0.7580398917198181,0.8227325677871704,-0.0927521213889122,0.7613382935523987,0.5705828070640564,-0.05718829482793808,0.8163143396377563,0.5430088639259338,-0.023979058489203453,0.8561668992042542,0.5223032236099243,-0.026032544672489166
Q,0.7121198773384094,0.27900272607803345,9.762525365886177e-08,0.5604337453842163,0.6820276975631714,-0.0409369058907032,0.6125985980033875,0.8299323916435242,-0.08962927758693695,0.6407981514930725,0.553787112236023,-0.05764639005064964,0.696571946144104,0.5359554886817932,-0.02405507303774357,0.7385708093643188,0.5137245059013367,-0.02588513121008873
Q,0.6316094398498535,0.22428570687770844,2.2346291927988204e-07,0.5247949957847595,0.6306045055389404,-0.043625060468912125,0.5870093107223511,0.7627681493759155,-0.08898460119962692,0.5860401391983032,0.506660521030426,-0.05559845641255379,0.6395648121833801,0.4699418246746063,-0.023013025522232056,0.6785348653793335,0.44365283846855164,-0.02294660173356533
Q,0.5753611922264099,0.07976201176643372,3.7077874992519355e-08,0.4350716173648834,0.49880433082580566,-0.06908580660820007,0.4964442849159241,0.6425174474716187,-0.1312946230173111,0.5257479548454285,0.3474472761154175,-0.1014416292309761,0.5801523923873901,0.33013030886650085,-0.0625486671924591,0.6263854503631592,0.3055645525455475,-0.06635341048240662
Q,0.6081044673919678,0.2538903057575226,-3.690414374091233e-08,0.46261340379714966,0.6525952219963074,-0.03822026774287224,0.5104048252105713,0.802385687828064,-0.0917721688747406,0.5547866225242615,0.5224730372428894,-0.06402388215065002,0.6070552468299866,0.5016874074935913,-0.03378830477595329,0.6513717770576477,0.48176461458206177,-0.04133708402514458
Q,0.7230502963066101,0.2582949995994568,1.8053675887585996e-07,0.5759826302528381,0.6488206386566162,-0.0515533983707428,0.6383799910545349,0.8009892702102661,-0.1009727492928505,0.6551255583763123,0.5277127623558044,-0.06642376631498337,0.7119313478469849,0.5078179240226746,-0.02787115052342415,0.7503610849380493,0.489554226398468,-0.029644029214978218
Q,0.6571843028068542,0.12821605801582336,-5.057652430195958e-08,0.5417652130126953,0.44578418135643005,-0.05109001323580742,0.5708621740341187,0.5334641337394714,-0.10484130680561066,0.6095628142356873,0.3214348256587982,-0.08887006342411041,0.6503726243972778,0.310321569442749,-0.06123725697398186,0.6879733800888062,0.2957720160484314,-0.06768768280744553
R,0.6997387409210205,0.7875926494598389,8.067764269981126e-07,0.6336016654968262,0.6057491898536682,-0.104793481528759,0.6305190920829773,0.30761614441871643,-0.11833307147026062,0.6087132096290588,0.2546100914478302,-0.12593136727809906,0.6588115692138672,0.6803045868873596,-0.10271633416414261,0.6955598592758179,0.6998582482337952,-0.0968400090932846
R,0.6931337118148804,0.7520467638969421,6.725152843500837e-07,0.646820068359375,0.5912072658538818,-0.09069836884737015,0.6383432745933533,0.33370864391326904,-0.10537321865558624,0.6146963834762573,0.2790330946445465,-0.10797794908285141,0.6677190065383911,0.6569686532020569,-0.09051332622766495,0.6995565891265869,0.6686351895332336,-0.08450164645910263
R,0.7904312610626221,0.6543180346488953,7.265808790180017e-07,0.7610635161399841,0.4766308069229126,-0.10952826589345932,0.7429892420768738,0.2134854644536972,-0.12381238490343094,0.7150396704673767,0.15982845425605774,-0.12437969446182251,0.785537838935852,0.5393527150154114,-0.10215112566947937,0.8193387985229492,0.5549675226211548,-0.10043587535619736
R,0.7755482792854309,0.7547193765640259,6.537911758641712e-07,0.7586259841918945,0.5950853228569031,-0.10093212127685547,0.758558988571167,0.3544115424156189,-0.11108221113681793,0.7356745004653931,0.3027256727218628,-0.10912548750638962,0.7818544507026672,0.6526834964752197,-0.09485798329114914,0.808661699295044,0.6720711588859558,-0.09117655456066132
R,0.6649132966995239,0.7954393029212952,6.884962431286112e-07,0.6227669715881348,0.6461254358291626,-0.08542188256978989,0.6108391880989075,0.39531397819519043,-0.10043993592262268,0.5867923498153687,0.35135558247566223,-0.10327818244695663,0.6442497968673706,0.706192672252655,-0.08528575301170349,0.6732595562934875,0.7284332513809204,-0.08286873251199722
R,0.5821571350097656,0.7401164770126343,6.856838581370539e-07,0.5141724944114685,0.5812545418739319,-0.08523333072662354,0.4983346462249756,0.3217039704322815,-0.09914425760507584,0.47703516483306885,0.2812854051589966,-0.10480684787034988,0.5416603684425354,0.645419180393219,-0.08398972451686859,0.5771275758743286,0.6589585542678833,-0.07776611298322678
R,0.6376401782035828,0.6636703014373779,6.884779963911569e-07,0.5809159874916077,0.47866207361221313,-0.09043107181787491,0.5631530284881592,0.20396378636360168,-0.10544393211603165,0.5412182807922363,0.15629500150680542,-0.10867121070623398,0.6058018803596497,0.5407072901725769,-0.0923050045967102,0.6403070688247681,0.5554518699645996,-0.08874261379241943
R,0.7771852612495422,0.6233780384063721,7.19754666533845e-07,0.7546603679656982,0.4326370060443878,-0.10734391957521439,0.7436666488647461,0.16439802944660187,-0.12101464718580246,0.7150790691375732,0.11727103590965271,-0.1205933690071106,0.7791975736618042,0.4919690489768982,-0.10306275635957718,0.8104631900787354,0.5147234201431274,-0.10600341856479645
R,0.7724850177764893,0.6408582925796509,6.402875101230165e-07,0.7606105208396912,0.4729223847389221,-0.09989291429519653,0.7542840838432312,0.23833869397640228,-0.11071747541427612,0.7320867776870728,0.194208562374115,-0.11190055310726166,0.7815647125244141,0.5239660739898682,-0.09151140600442886,0.8084408044815063,0.5422135591506958,-0.09126853942871094
R,0.7740628719329834,0.8019906282424927,5.969213248135929e-07,0.7732086777687073,0.6563014388084412,-0.08785496652126312,0.786898136138916,0.44080454111099243,-0.09863515943288803,0.7677462100982666,0.39428913593292236,-0.09948096424341202,0.7912901639938354,0.7128393650054932,-0.0825716108083725,0.8138960003852844,0.7384338974952698,-0.08288312703371048
S,0.6905120611190796,0.5967191457748413,-5.142391046319972e-07,0.612932562828064,0.42859047651290894,-0.03434398025274277,0.5845845341682434,0.47061097621917725,-0.04256970062851906,0.6222455501556396,0.4619264006614685,-0.022294573485851288,0.6618465781211853,0.46168598532676697,-0.00790382083505392,0.6936066746711731,0.44452303647994995,-0.008128847926855087
S,0.7631067633628845,0.4594470262527466,-5.265172831059317e-07,0.699713408946991,0.2670207619667053,-0.035918623208999634,0.6540290713310242,0.3318718671798706,-0.05807751417160034,0.6924796104431152,0.3157770335674286,-0.031167374923825264,0.7328927516937256,0.3170916438102722,-0.01107965037226677,0.769635796546936,0.2983863651752472,-0.014619267545640469
S,0.7571872472763062,0.5188922882080078,-4.292685957807407e-07,0.708635151386261,0.3464164733886719,-0.039279405027627945,0.6683023571968079,0.4010103642940521,-0.05346888303756714,0.7015737295150757,0.38958826661109924,-0.02817573957145214,0.7358027100563049,0.3919123411178589,-0.011822877451777458,0.7668861746788025,0.3774327337741852,-0.013675163500010967
S,0.7673177719116211,0.6604509353637695,-3.7437109767779475e-07,0.7429888844490051,0.49802982807159424,-0.04524886980652809,0.6986751556396484,0.5324440002441406,-0.05261180177330971,0.7296211123466492,0.5265848636627197,-0.032851021736860275,0.7614409327507019,0.5377021431922913,-0.01930948533117771,0.7948865294456482,0.5332678556442261,-0.01641051284968853
S,0.6533762812614441,0.7103522419929504,-3.769834222566715e-07,0.6179645657539368,0.5573152303695679,-0.03896845877170563,0.5790919661521912,0.5838651657104492,-0.04081661254167557,0.6136250495910645,0.5791409015655518,-0.021951451897621155,0.6469947099685669,0.5858292579650879,-0.00930340588092804,0.6785004138946533,0.576660692691803,-0.009462698362767696
S,0.5677293539047241,0.6580151319503784,-3.529817433900462e-07,0.5067076683044434,0.5061386227607727,-0.03152761235833168,0.4876091778278351,0.5461238026618958,-0.02728474885225296,0.5193195343017578,0.535595715045929,-0.013155992142856121,0.5491864085197449,0.5353990793228149,-0.0029374442528933287,0.5787628889083862,0.526951789855957,0.0007400087197311223
S,0.5518430471420288,0.5667988657951355,-4.56708249885196e-07,0.475532203912735,0.3984687626361847,-0.03518645092844963,0.4565989375114441,0.45106953382492065,-0.034451887011528015,0.49138006567955017,0.443287193775177,-0.016901925206184387,0.5249777436256409,0.441513329744339,-0.002421153709292412,0.5518159866333008,0.42456308007240295,-0.0018364271381869912
S,0.5122309327125549,0.537492573261261,-4.542082479019882e-07,0.43420788645744324,0.36735546588897705,-0.0399726927280426,0.419590562582016,0.4225691258907318,-0.03431185334920883,0.4534725546836853,0.41503968834877014,-0.01601061411201954,0.48676028847694397,0.41441985964775085,-0.004124314058572054,0.5125032067298889,0.39746522903442383,-0.0036994940601289272
S,0.6652010083198547,0.428948312997818,-4.735549907763925e-07,0.5987589359283447,0.24737811088562012,-0.034824322909116745,0.5720258951187134,0.30080071091651917,-0.043400414288043976,0.6058632731437683,0.2938326597213745,-0.021568670868873596,0.6403506398200989,0.295739084482193,-0.007431244943290949,0.6720415949821472,0.2754897475242615,-0.007477900478988886
S,0.814277172088623,0.4265674352645874,-5.355196321943367e-07,0.7774776816368103,0.23753447830677032,-0.01635502092540264,0.7310082316398621,0.2793009281158447,-0.03842475265264511,0.7672111988067627,0.2784370481967926,-0.021500857546925545,0.8052058815956116,0.28671514987945557,0.003546080319210887,0.840187668800354,0.27198326587677,-0.0030798004008829594
S,0.777143657207489,0.5124228596687317,-6.796814773224469e-07,0.7238484025001526,0.2585589587688446,-0.043374672532081604,0.6671043634414673,0.32479938864707947,-0.05591632053256035,0.7188555598258972,0.31096702814102173,-0.028873788192868233,0.7714465260505676,0.32507699728012085,-0.006860715802758932,0.8155856728553772,0.3178320825099945,-0.010515104979276657
S,0.7190957069396973,0.5691004991531372,-6.802092684665695e-07,0.6453453302383423,0.299031138420105,-0.052527084946632385,0.5978130102157593,0.37002915143966675,-0.0595017671585083,0.6527906060218811,0.36497050523757935,-0.030353251844644547,0.7028908133506775,0.37332016229629517,-0.007107666693627834,0.7455273866653442,0.36190906167030334,-0.008422106504440308
S,0.7137007713317871,0.7138822674751282,-6.150847298158624e-07,0.656823992729187,0.4763018786907196,-0.046459492295980453,0.6110338568687439,0.5285778641700745,-0.051969997584819794,0.6578372716903687,0.5225473642349243,-0.02835928276181221,0.7048826217651367,0.533987283706665,-0.011983949691057205,0.7463371157646179,0.5292967557907104,-0.013832912780344486
G,0.9120897054672241,0.5695962905883789,-5.196805830109952e-08,0.6270366907119751,0.404607355594635,-0.005227423273026943,0.44495198130607605,0.40491896867752075,-0.07141714543104172,0.6732754111289978,0.46055978536605835,-0.032617416232824326,0.6727209687232971,0.5301475524902344,-0.016055556014180183,0.6744036078453064,0.5993961095809937,-0.010964857414364815
G,0.8600632548332214,0.529187798500061,-9.73370859469469e-08,0.62256920337677,0.4025508761405945,-0.0012603893410414457,0.4726432263851166,0.38698577880859375,-0.05144864693284035,0.6643885374069214,0.44735345244407654,-0.02085508592426777,0.6669195294380188,0.5087944269180298,-0.010653793811798096,0.6693689823150635,0.56452876329422,-0.004627027548849583
G,0.8280417919158936,0.5789738297462463,-6.42438493514419e-08,0.6016950607299805,0.4309832453727722,-0.0077089667320251465,0.4751497507095337,0.44776761531829834,-0.057928480207920074,0.6486269235610962,0.4986911118030548,-0.028132915496826172,0.6509570479393005,0.5542852878570557,-0.016662899404764175,0.6543571352958679,0.6082113981246948,-0.01257377676665783
G,0.8062794208526611,0.6837049126625061,2.103086416127553e-08,0.5982852578163147,0.5723183155059814,-0.003441703040152788,0.4679415822029114,0.5715811848640442,-0.04259934276342392,0.6293380856513977,0.6017674207687378,-0.018015608191490173,0.6352964639663696,0.6582748293876648,-0.00777943292632699,0.6428218483924866,0.708724856376648,-0.0018574546556919813
G,0.7321189045906067,0.7175557613372803,-6.944684383114463e-09,0.5240293741226196,0.5864098072052002,0.0041180383414030075,0.3920685648918152,0.578777551651001,-0.030769722536206245,0.5602536201477051,0.6189984083175659,-0.005756933707743883,0.5659400224685669,0.6820356249809265,0.0035615970846265554,0.5719407796859741,0.7317930459976196,0.010557864792644978
G,0.7244498133659363,0.6804093718528748,-4.623836247219515e-08,0.520996630191803,0.5433936715126038,0.007367503363639116,0.38337206840515137,0.564336359500885,-0.02876937761902809,0.5497989654541016,0.5853211879730225,-0.004527967888861895,0.5560517311096191,0.6483328938484192,0.00234057754278183,0.5616365671157837,0.6990222930908203,0.010156093165278435
G,0.7450737953186035,0.5811609625816345,-9.709918913358706e-08,0.5389784574508667,0.453186571598053,0.007903071120381355,0.39153704047203064,0.4449634253978729,-0.03244758024811745,0.5644210577011108,0.5034045577049255,-0.005602730438113213,0.5686935782432556,0.5634413957595825,0.0015498781576752663,0.5783973336219788,0.6150054931640625,0.009163709357380867
G,0.8788385391235352,0.5859173536300659,-5.240738687461999e-08,0.6709374189376831,0.466167151927948,-0.013495158404111862,0.5673893690109253,0.48621121048927307,-0.057593416422605515,0.7091932892799377,0.5052821040153503,-0.03549623861908913,0.714865505695343,0.5604386329650879,-0.01962607353925705,0.7156574130058289,0.6084497570991516,-0.016834691166877747
G,0.9255356788635254,0.5581787824630737,-3.455066988067301e-08,0.7419135570526123,0.38469386100769043,-0.015149260871112347,0.6302189826965332,0.4418248236179352,-0.06452718377113342,0.7582146525382996,0.48179206252098083,-0.04247984662652016,0.7635782957077026,0.5380896329879761,-0.02315649576485157,0.7650634050369263,0.5844191312789917,-0.017987076193094254
G,0.6606274843215942,0.6879916191101074,-5.904768229925139e-09,0.4921439290046692,0.5317386984825134,-0.016299325972795486,0.37783145904541016,0.5968366265296936,-0.051703840494155884,0.5151071548461914,0.6049292683601379,-0.0207461416721344,0.5184455513954163,0.66070955991745,-0.011516246944665909,0.5219484567642212,0.7060717344284058,-0.004130045883357525
M,0.7816416621208191,0.6060377955436707,-3.9749826896695595e-07,0.8207593560218811,0.4077889323234558,-0.052328500896692276,0.7175622582435608,0.4885101914405823,-0.07018373906612396,0.747581958770752,0.4888159930706024,-0.0619608536362648,0.7789137363433838,0.47560805082321167,-0.05055183917284012,0.8182589411735535,0.5140576362609863,-0.04857818782329559
M,0.6891331672668457,0.7849618792533875,-3.6689044691229356e-07,0.7215849757194519,0.6013672351837158,-0.06322046369314194,0.6213073134422302,0.6792528629302979,-0.07887239754199982,0.6548552513122559,0.6829552054405212,-0.0645875483751297,0.6857820749282837,0.6774230599403381,-0.0447285957634449,0.7226346135139465,0.6925281286239624,-0.04179788753390312
M,0.5744315385818481,0.7290350198745728,-3.9202910784297273e-07,0.5959973931312561,0.5492732524871826,-0.05405351147055626,0.5021459460258484,0.6277263164520264,-0.0695435181260109,0.5304434299468994,0.6316777467727661,-0.0595242977142334,0.5599483251571655,0.6202297806739807,-0.043127454817295074,0.6023557782173157,0.6409018635749817,-0.04065164178609848
M,0.5429708957672119,0.5921355485916138,-3.908659778062429e-07,0.5533344745635986,0.39054328203201294,-0.05005341023206711,0.4618348181247711,0.48430630564689636,-0.0657789334654808,0.4902191162109375,0.4787769317626953,-0.058704011142253876,0.5179973244667053,0.4621792137622833,-0.04952791705727577,0.5617638230323792,0.4958328604698181,-0.04651547223329544
M,0.6587002277374268,0.5060738325119019,-2.68002338543738e-07,0.6820020079612732,0.3434465527534485,-0.034550879150629044,0.6063296794891357,0.40529778599739075,-0.04599161446094513,0.6308431625366211,0.40778079628944397,-0.041575852781534195,0.6528440713882446,0.3951495885848999,-0.03310191631317139,0.6819172501564026,0.42780470848083496,-0.03136706352233887
N,0.6975178718566895,0.6576260328292847,-6.910543675076042e-07,0.6956760883331299,0.3942732512950897,-0.05905763804912567,0.5961461067199707,0.48791933059692383,-0.08604573458433151,0.6265031695365906,0.4844072759151459,-0.07525301724672318,0.6949994564056396,0.5190417766571045,-0.04731106758117676,0.7329623699188232,0.5233103036880493,-0.04279787838459015
N,0.6469087600708008,0.7074202299118042,-6.195735977598815e-07,0.6235602498054504,0.4516257047653198,-0.05079064518213272,0.5410547256469727,0.5565088391304016,-0.07392952591180801,0.5727032423019409,0.5508876442909241,-0.06384925544261932,0.635074257850647,0.5709577202796936,-0.03657190129160881,0.6700025796890259,0.5668685436248779,-0.03193088248372078
N,0.6063992977142334,0.7959866523742676,-5.961022111478087e-07,0.5827869176864624,0.545763373374939,-0.05443190783262253,0.5017167329788208,0.6611233949661255,-0.07723455131053925,0.5334560871124268,0.6448710560798645,-0.06364107877016068,0.5930331349372864,0.6578882932662964,-0.03620653599500656,0.62650465965271,0.6546263098716736,-0.03182567283511162
N,0.5522378087043762,0.8073917031288147,-6.600389497180004e-07,0.5345109105110168,0.5539547801017761,-0.04272553324699402,0.45139774680137634,0.6578201055526733,-0.06610745191574097,0.48279479146003723,0.6479467749595642,-0.05509836971759796,0.541738748550415,0.6659044623374939,-0.03207636997103691,0.5743474364280701,0.665637731552124,-0.02993560954928398
N,0.6792580485343933,0.7727419137954712,-5.060436478743213e-07,0.6663205027580261,0.5176745057106018,-0.04350309446454048,0.5900667309761047,0.6200087666511536,-0.06688249111175537,0.6279799342155457,0.617403507232666,-0.05438264459371567,0.6715925335884094,0.6244727969169617,-0.02940269559621811,0.7064923048019409,0.6201944947242737,-0.024923598393797874
N,0.715405285358429,0.5950949192047119,-4.232144306115515e-07,0.6928942799568176,0.3005775809288025,-0.04492001235485077,0.6118361949920654,0.4255225956439972,-0.06313027441501617,0.6471641063690186,0.41157612204551697,-0.055845700204372406,0.6958189010620117,0.4232654571533203,-0.029535437002778053,0.7361227869987488,0.4254351258277893,-0.023015251383185387
N,0.6427260637283325,0.6703612804412842,-4.752591280521301e-07,0.6390508413314819,0.38736385107040405,-0.060643333941698074,0.5522232055664062,0.5263234972953796,-0.09571588039398193,0.5800577402114868,0.5100286602973938,-0.0817330926656723,0.6302565932273865,0.5978859663009644,-0.04904070496559143,0.6704350113868713,0.5786243677139282,-0.037093862891197205
N,0.6475975513458252,0.7866917848587036,-3.576901974611246e-07,0.6587397456169128,0.5455784797668457,-0.0688617005944252,0.5749228000640869,0.662794291973114,-0.10548307001590729,0.6014118790626526,0.6497796177864075,-0.09147462248802185,0.6428443789482117,0.7330907583236694,-0.0515156090259552,0.6822633743286133,0.7078261971473694,-0.03918225318193436
N,0.7293811440467834,0.7495154142379761,-3.3570049140507763e-07,0.7598550915718079,0.5265955924987793,-0.05830247327685356,0.6885277628898621,0.6253052949905396,-0.08822933584451675,0.7127172350883484,0.5977333784103394,-0.07089553028345108,0.7435916662216187,0.6385106444358826,-0.045078620314598083,0.7710496783256531,0.643413245677948,-0.035442352294921875
N,0.8014455437660217,0.6737171411514282,-6.509867489512544e-07,0.80341637134552,0.3079914450645447,-0.08767733722925186,0.6865537166595459,0.48191097378730774,-0.1410553753376007,0.7284348011016846,0.43206730484962463,-0.11457867175340652,0.8083117604255676,0.49850907921791077,-0.07006680965423584,0.85129714012146,0.5053492784500122,-0.06250180304050446
N,0.6625955700874329,0.6230669021606445,-4.291030961667275e-07,0.6443315744400024,0.3569403886795044,-0.06523425877094269,0.5678504705429077,0.49477869272232056,-0.10397094488143921,0.5970653295516968,0.48030659556388855,-0.08644389361143112,0.6333205699920654,0.5586320161819458,-0.04982815682888031,0.6714276075363159,0.528437614440918,-0.04242594167590141
N,0.6561902165412903,0.6278914213180542,-3.575400455702038e-07,0.649338960647583,0.3880847096443176,-0.06188219040632248,0.576911985874176,0.5048790574073792,-0.09732192754745483,0.6016739010810852,0.4962560832500458,-0.08008218556642532,0.6358216404914856,0.5727781057357788,-0.047603122889995575,0.6719798445701599,0.543693482875824,-0.036767974495887756
N,0.6527969837188721,0.7193198800086975,-3.528050172008079e-07,0.6427636742591858,0.48905763030052185,-0.0665632039308548,0.5776809453964233,0.6039961576461792,-0.10294768214225769,0.602021336555481,0.5981903076171875,-0.08224926888942719,0.6361473202705383,0.670562207698822,-0.046759236603975296,0.6721042394638062,0.6415899395942688,-0.03508932515978813
N,0.6507996916770935,0.7030953168869019,-4.169423846178688e-07,0.6306174993515015,0.4096526503562927,-0.07957781851291656,0.551950216293335,0.5633593797683716,-0.11890494078397751,0.5825191140174866,0.547032356262207,-0.09895159304141998,0.6245699524879456,0.6335707306861877,-0.05724401772022247,0.6656402945518494,0.592413067817688,-0.04149281978607178
N,0.584557831287384,0.7268009781837463,-5.761064016951423e-07,0.5319400429725647,0.4126666784286499,-0.07943723350763321,0.4500105679035187,0.5909504890441895,-0.12623900175094604,0.4860733151435852,0.5737940669059753,-0.09975477308034897,0.5391396880149841,0.6567736864089966,-0.05304884910583496,0.589371919631958,0.6072809100151062,-0.0465947687625885
N,0.7202598452568054,0.5695917010307312,-3.1527866894975887e-07,0.7144742012023926,0.3406122326850891,-0.050209227949380875,0.659257173538208,0.44264930486679077,-0.07692824304103851,0.6819858551025391,0.43942198157310486,-0.06603221595287323,0.7117392420768738,0.5077109932899475,-0.043301306664943695,0.7427601218223572,0.480488121509552,-0.02795088291168213
N,0.7133421301841736,0.6385260224342346,-2.861245889107522e-07,0.715070366859436,0.4341858923435211,-0.05319993197917938,0.6676428318023682,0.531905472278595,-0.08616619557142258,0.6866214871406555,0.5291792750358582,-0.0694933533668518,0.7127467393875122,0.5880877375602722,-0.042934007942676544,0.740328311920166,0.5667450428009033,-0.03326987847685814
N,0.5592725872993469,0.7896902561187744,-4.1676076989460853e-07,0.5379403233528137,0.5769549608230591,-0.05600225180387497,0.4701070189476013,0.6777053475379944,-0.09240346401929855,0.49727147817611694,0.6770528554916382,-0.0719999447464943,0.5347368121147156,0.7383316159248352,-0.039244722574949265,0.574042558670044,0.7079304456710815,-0.036547284573316574
N,0.619035005569458,0.6975986361503601,-4.995994231649092e-07,0.6186189651489258,0.47514811158180237,-0.061052050441503525,0.5351445078849792,0.5744789838790894,-0.08178732544183731,0.569200336933136,0.5685213208198547,-0.06745865195989609,0.619941771030426,0.5859119296073914,-0.03908270597457886,0.6541701555252075,0.5679644346237183,-0.0309201218187809
N,0.6554840207099915,0.5685674548149109,-4.772948614117922e-07,0.6263375878334045,0.31219106912612915,-0.05336708948016167,0.5543996095657349,0.413847953081131,-0.07578084617853165,0.5891907811164856,0.4057452380657196,-0.060884278267621994,0.6433234810829163,0.4311125874519348,-0.03747467324137688,0.6786485314369202,0.41001296043395996,-0.030089935287833214
N,0.7417927384376526,0.48174968361854553,-4.2062518446073227e-07,0.7356249690055847,0.22179697453975677,-0.046891748905181885,0.6544385552406311,0.31441447138786316,-0.06740408390760422,0.688398003578186,0.3047816753387451,-0.055986057966947556,0.7351910471916199,0.340901255607605,-0.03552371263504028,0.7695164680480957,0.328497052192688,-0.029817814007401466
N,0.6893875598907471,0.5996891260147095,-4.4834379764324694e-07,0.6774052381515503,0.3599230647087097,-0.04928169772028923,0.6109853982925415,0.44693925976753235,-0.06994540244340897,0.6406338810920715,0.4429548382759094,-0.05969907343387604,0.6857803463935852,0.4707578122615814,-0.03742118552327156,0.7233304381370544,0.45749014616012573,-0.030222514644265175
N,0.5946224331855774,0.7106785774230957,-4.5283431404641306e-07,0.5786520838737488,0.4943331480026245,-0.04208154231309891,0.5163585543632507,0.5601348280906677,-0.062453653663396835,0.5456547141075134,0.5584568381309509,-0.04997415840625763,0.5860850811004639,0.5808513164520264,-0.03090781345963478,0.6200835704803467,0.5733077526092529,-0.027820821851491928
N,0.5408598780632019,0.6802734732627869,-4.747751916056586e-07,0.5074516534805298,0.4440416693687439,-0.04753907024860382,0.4365065395832062,0.5398596525192261,-0.06782194972038269,0.4664015769958496,0.5300325751304626,-0.056964192539453506,0.526818037033081,0.5544767379760742,-0.03224915266036987,0.5616578459739685,0.5399451851844788,-0.026684345677495003
N,0.7459465861320496,0.4725998342037201,-3.29935005538573e-07,0.734976589679718,0.25083866715431213,-0.045938245952129364,0.6753482222557068,0.3448760211467743,-0.07879970222711563,0.704189121723175,0.34495294094085693,-0.06789030879735947,0.7374804019927979,0.41280484199523926,-0.047095246613025665,0.7673290371894836,0.39319851994514465,-0.03736638277769089
M,0.7185959219932556,0.5606266856193542,-3.824243606231903e-07,0.754094660282135,0.3495902419090271,-0.0630156397819519,0.6496988534927368,0.4511074423789978,-0.08661109209060669,0.6785849928855896,0.4502677917480469,-0.07436542212963104,0.7124433517456055,0.4335382580757141,-0.05313193053007126,0.7533982992172241,0.46836021542549133,-0.05458633229136467
M,0.687862753868103,0.6081459522247314,-3.7189846580076846e-07,0.7211094498634338,0.41564130783081055,-0.06179187446832657,0.6210997104644775,0.5042456388473511,-0.08224552869796753,0.649328351020813,0.5083572864532471,-0.06772688776254654,0.6809283494949341,0.49686411023139954,-0.0457015335559845,0.7220848202705383,0.520370364189148,-0.04453670606017113
M,0.6266078352928162,0.6369922161102295,-3.734913889275049e-07,0.6386347413063049,0.44276857376098633,-0.051942069083452225,0.5505101680755615,0.5444721579551697,-0.06971722841262817,0.578830897808075,0.5419456362724304,-0.05834602564573288,0.6078019142150879,0.5239753723144531,-0.03858925402164459,0.647394597530365,0.5479183793067932,-0.03934088349342346
M,0.5989410877227783,0.7577592730522156,-4.660707588755031e-07,0.617426335811615,0.553225040435791,-0.06522587686777115,0.5167357921600342,0.6678330302238464,-0.08506473153829575,0.5508720278739929,0.6663923859596252,-0.06371862441301346,0.5823574662208557,0.6500008702278137,-0.040210314095020294,0.6232462525367737,0.6638882756233215,-0.041799768805503845
M,0.6102161407470703,0.7376190423965454,-5.624500545309274e-07,0.6372550129890442,0.4366142451763153,-0.07869978249073029,0.5020155906677246,0.5869834423065186,-0.1075180247426033,0.5426214933395386,0.5836460590362549,-0.09405112266540527,0.5885427594184875,0.5535718202590942,-0.06722685694694519,0.6444596648216248,0.6055032014846802,-0.06329400092363358
M,0.5946532487869263,0.7357274293899536,-6.892772717037587e-07,0.6166858673095703,0.4029204845428467,-0.08332108706235886,0.4701486825942993,0.5702210068702698,-0.11521760374307632,0.5157805681228638,0.5676738023757935,-0.1036200150847435,0.5648149847984314,0.5289950966835022,-0.07753022760152817,0.6320598125457764,0.5896078944206238,-0.07274489849805832
M,0.5449259281158447,0.6307114958763123,-6.384984772012103e-07,0.5377417206764221,0.27613165974617004,-0.08318965882062912,0.4156144857406616,0.4480297267436981,-0.11503015458583832,0.4575686454772949,0.44446590542793274,-0.10019933432340622,0.5009300708770752,0.41715049743652344,-0.08306020498275757,0.5681251883506775,0.47993162274360657,-0.08389201760292053
M,0.6269682049751282,0.5928465127944946,-4.3426288698356075e-07,0.6717512607574463,0.34201881289482117,-0.05294012278318405,0.5639092326164246,0.4465121924877167,-0.07328227907419205,0.5951234698295593,0.4496566653251648,-0.0692828893661499,0.6300212740898132,0.4328617453575134,-0.05372066795825958,0.6691803336143494,0.4827510714530945,-0.04978320375084877
M,0.7111000418663025,0.5658601522445679,-3.7124587493053696e-07,0.7398349642753601,0.35423195362091064,-0.04321076720952988,0.646523118019104,0.43192848563194275,-0.06160755455493927,0.6765573620796204,0.43647968769073486,-0.060536716133356094,0.7064138054847717,0.4238542914390564,-0.052740778774023056,0.7445847988128662,0.47096699476242065,-0.051933519542217255
M,0.8111422061920166,0.5460042357444763,-2.928972264726326e-07,0.8444596529006958,0.35012000799179077,-0.038567788898944855,0.7721301317214966,0.40643832087516785,-0.06160106882452965,0.8016694188117981,0.4166603088378906,-0.061461612582206726,0.8310582041740417,0.4136444926261902,-0.048811715096235275,0.8586430549621582,0.45446065068244934,-0.04971488565206528
N,0.7585630416870117,0.5470441579818726,-2.745711071838741e-07,0.7747753262519836,0.3239946961402893,-0.06074519082903862,0.7123677134513855,0.43752017617225647,-0.09957314282655716,0.7371553778648376,0.4193587303161621,-0.08625651895999908,0.7617283463478088,0.49156713485717773,-0.05415482446551323,0.7931684255599976,0.4701308012008667,-0.04327206686139107
M,0.747308075428009,0.5584993362426758,-3.714245622177259e-07,0.8040851354598999,0.35895347595214844,-0.061011459678411484,0.7039697170257568,0.4529232680797577,-0.09062302112579346,0.7327070832252502,0.4517363905906677,-0.07843024283647537,0.7621631026268005,0.44446754455566406,-0.0621073842048645,0.7861164808273315,0.4886155426502228,-0.06477585434913635
N,0.7401899695396423,0.6818550825119019,-4.98387464631378e-07,0.7089394927024841,0.3357732892036438,-0.09108729660511017,0.6157044172286987,0.5142321586608887,-0.13645818829536438,0.6497188210487366,0.49166712164878845,-0.11186126619577408,0.7107728123664856,0.5910024642944336,-0.06832665205001831,0.7585834264755249,0.5522772669792175,-0.04318886250257492
N,0.6621769666671753,0.6806100606918335,-6.197998345669475e-07,0.6132494211196899,0.30364763736724854,-0.0841066911816597,0.516541063785553,0.5118588805198669,-0.13765783607959747,0.5511409044265747,0.48488855361938477,-0.12299736589193344,0.619835376739502,0.5926905870437622,-0.07370029389858246,0.6772978901863098,0.5427979230880737,-0.05597849190235138
N,0.6291689276695251,0.6870182752609253,-6.509044965241628e-07,0.5592157244682312,0.30019867420196533,-0.09027621895074844,0.46950992941856384,0.5123708248138428,-0.1422007828950882,0.5079839825630188,0.4900866448879242,-0.1250549554824829,0.5790417194366455,0.5990341901779175,-0.07559729367494583,0.6348832845687866,0.5438159704208374,-0.05933462828397751
N,0.6257403492927551,0.7233453989028931,-6.773893801437225e-07,0.5537010431289673,0.3571431040763855,-0.08707214891910553,0.4692518413066864,0.554041862487793,-0.12524789571762085,0.5092653036117554,0.5358552932739258,-0.10805730521678925,0.5791297554969788,0.638697624206543,-0.06390045583248138,0.6307665109634399,0.5824205875396729,-0.047151003032922745
N,0.6251448392868042,0.7597792744636536,-6.478486511696246e-07,0.5499303936958313,0.3966341018676758,-0.07861464470624924,0.4726814329624176,0.5962632298469543,-0.11842940747737885,0.5104687809944153,0.5745663642883301,-0.10077885538339615,0.5792489051818848,0.6691222190856934,-0.05739998072385788,0.6279320120811462,0.6108617782592773,-0.04060059040784836
N,0.6064490079879761,0.7783944606781006,-6.683871447421552e-07,0.5603386759757996,0.47153204679489136,-0.0795624777674675,0.4744827151298523,0.6364115476608276,-0.1157606765627861,0.5174181461334229,0.6177380084991455,-0.092091865837574,0.5777764916419983,0.6056133508682251,-0.04908715933561325,0.6225354075431824,0.6100525259971619,-0.049022968858480453
N,0.5957695841789246,0.6941522359848022,-6.058511985429504e-07,0.5395485758781433,0.4091416001319885,-0.06252157688140869,0.47864335775375366,0.5495674014091492,-0.09599427133798599,0.5138149261474609,0.5370787382125854,-0.07805665582418442,0.568605899810791,0.5365145802497864,-0.04603727161884308,0.6071894764900208,0.5346719026565552,-0.04562847688794136
N,0.6673036813735962,0.663482666015625,-5.421118203230435e-07,0.6473009586334229,0.37047523260116577,-0.05682661011815071,0.5694317817687988,0.5025573968887329,-0.08779056370258331,0.6041873693466187,0.4886378049850464,-0.07506396621465683,0.6497026681900024,0.4983121454715729,-0.05114061385393143,0.6895890235900879,0.5077472925186157,-0.04910227656364441
N,0.7792501449584961,0.6718376278877258,-6.352566970235785e-07,0.785090446472168,0.2698836922645569,-0.0863833874464035,0.6634359955787659,0.4302922785282135,-0.1267932802438736,0.7196415066719055,0.4095284640789032,-0.10667499899864197,0.7774643898010254,0.43595731258392334,-0.0746498852968216,0.832951009273529,0.45123401284217834,-0.06992281228303909
N,0.6113784313201904,0.7115052938461304,-8.21143942175695e-07,0.5640120506286621,0.2907402217388153,-0.06840486079454422,0.4486037492752075,0.47268810868263245,-0.11127815395593643,0.5012377500534058,0.45096635818481445,-0.09233903884887695,0.5839247107505798,0.47151362895965576,-0.05592656135559082,0.641737699508667,0.48539531230926514,-0.05682496726512909
T,0.7196770906448364,0.671855628490448,-6.553752882609842e-07,0.6090611219406128,0.40313294529914856,-0.04867526888847351,0.6035367846488953,0.511303722858429,-0.08182685822248459,0.6552876234054565,0.5956981182098389,-0.0636102557182312,0.6903737187385559,0.6221433877944946,-0.03938715159893036,0.7242358922958374,0.5881450772285461,-0.033564627170562744
T,0.8081016540527344,0.60113525390625,-6.734867383784149e-07,0.6963571310043335,0.29943662881851196,-0.05620196461677551,0.6991998553276062,0.40895944833755493,-0.09272273629903793,0.758573055267334,0.509505033493042,-0.07476811856031418,0.7996746301651001,0.5403499603271484,-0.051436953246593475,0.8363507390022278,0.5038752555847168,-0.04646598547697067
T,0.7174785137176514,0.7258145809173584,-7.229494940474979e-07,0.5986205339431763,0.4259969890117645,-0.062049493193626404,0.5882185101509094,0.537388026714325,-0.0979192852973938,0.6477218270301819,0.642593264579773,-0.07755564898252487,0.6920257806777954,0.6706581115722656,-0.05139048770070076,0.7246322631835938,0.6331010460853577,-0.04474760591983795
T,0.6529141068458557,0.685623824596405,-8.325297926603525e-07,0.5075429677963257,0.3462390899658203,-0.05481883883476257,0.493367463350296,0.47071531414985657,-0.09204940497875214,0.5694486498832703,0.5811945796012878,-0.07724417746067047,0.618468165397644,0.6205849051475525,-0.05126749351620674,0.6542659401893616,0.5769689083099365,-0.047148652374744415
T,0.7857773900032043,0.6018191576004028,-7.879613690420229e-07,0.6477289795875549,0.22287492454051971,-0.06698320060968399,0.6536047458648682,0.36128300428390503,-0.11337452381849289,0.7211649417877197,0.47653594613075256,-0.0911809504032135,0.7673000693321228,0.5168701410293579,-0.059684038162231445,0.8082403540611267,0.48401886224746704,-0.05161358416080475
T,0.8225066065788269,0.5396058559417725,-6.542455253111257e-07,0.7043485045433044,0.17401182651519775,-0.07270153611898422,0.7014632821083069,0.3121401071548462,-0.11558270454406738,0.7679657340049744,0.4091094136238098,-0.09692736715078354,0.8104671835899353,0.4392995238304138,-0.06469739973545074,0.853049099445343,0.401103138923645,-0.05548659339547157
T,0.764049768447876,0.7160625457763672,-7.853471402086143e-07,0.6454000473022461,0.3917255699634552,-0.05399814248085022,0.633765459060669,0.5208361148834229,-0.09112963080406189,0.6909773349761963,0.6188150644302368,-0.07192103564739227,0.7343941330909729,0.6469234824180603,-0.044528815895318985,0.7749263644218445,0.6051076054573059,-0.0384863018989563
T,0.7610083818435669,0.769721508026123,-7.12895086962817e-07,0.663189172744751,0.483585923910141,-0.06263014674186707,0.652548611164093,0.5973615646362305,-0.09443821758031845,0.7059062123298645,0.6954726576805115,-0.07673382759094238,0.7433450818061829,0.7148905396461487,-0.05045284703373909,0.7789574265480042,0.680534839630127,-0.042970698326826096
T,0.7492887377738953,0.6763927340507507,-4.977973731001839e-07,0.6898302435874939,0.449084997177124,-0.050580915063619614,0.6815265417098999,0.5433692932128906,-0.07648292183876038,0.7184197902679443,0.6127697229385376,-0.062293969094753265,0.7433717846870422,0.6301174759864807,-0.04041263088583946,0.773591935634613,0.604906439781189,-0.03456234186887741
T,0.5927845239639282,0.6594811081886292,-5.626899906019389e-07,0.5010679364204407,0.4388574957847595,-0.03661370649933815,0.49673715233802795,0.5383216738700867,-0.06091887131333351,0.5386296510696411,0.598398745059967,-0.0475773885846138,0.5677013993263245,0.6166163682937622,-0.02958526462316513,0.59444659948349,0.5861950516700745,-0.025437597185373306
T,0.5970033407211304,0.4735484719276428,-5.115971362101845e-07,0.5099691152572632,0.24502608180046082,-0.04169120267033577,0.5081959366798401,0.3364052474498749,-0.06885766983032227,0.5517162084579468,0.4048440456390381,-0.05685928836464882,0.5793096423149109,0.4225093424320221,-0.03642376512289047,0.6086508631706238,0.3902089595794678,-0.03110787831246853
T,0.6743468046188354,0.47343018651008606,-3.984226566444704e-07,0.601856529712677,0.27056026458740234,-0.03986227512359619,0.6039982438087463,0.3426608145236969,-0.06290921568870544,0.6420106291770935,0.40400296449661255,-0.05097227171063423,0.6647571325302124,0.4232251048088074,-0.03289823606610298,0.6895899176597595,0.3985108733177185,-0.028604671359062195
T,0.7396878004074097,0.5657053589820862,-3.355518174430472e-07,0.6827611923217773,0.3652764856815338,-0.04328567162156105,0.6874641180038452,0.4315406084060669,-0.06535577774047852,0.7172347903251648,0.4955614507198334,-0.0532233901321888,0.7381929755210876,0.5169533491134644,-0.035329803824424744,0.7648040652275085,0.4952636957168579,-0.0313381552696228
T,0.7037177085876465,0.7882325053215027,-4.078546851360443e-07,0.6652901768684387,0.5920679569244385,-0.0452980101108551,0.6600802540779114,0.6736099720001221,-0.06592697650194168,0.6872743368148804,0.7321392297744751,-0.05096745863556862,0.706520140171051,0.7451398372650146,-0.0325135812163353,0.7323587536811829,0.7248126864433289,-0.027489712461829185
T,0.7364883422851562,0.38042908906936646,-3.3644749919403694e-07,0.6738665103912354,0.17006243765354156,-0.04310540482401848,0.6787562370300293,0.24526649713516235,-0.07173814624547958,0.7127525806427002,0.3073219656944275,-0.05901283025741577,0.7351731061935425,0.325746089220047,-0.03693452104926109,0.7615594863891602,0.2986873686313629,-0.031041357666254044
U,0.7122339010238647,0.7412238717079163,7.104140991032182e-07,0.7102234959602356,0.5477411150932312,-0.10011675208806992,0.6364120244979858,0.2709445059299469,-0.11319666355848312,0.6731532216072083,0.24108722805976868,-0.11922015249729156,0.7012599110603333,0.6385161876678467,-0.09776512533426285,0.7271749377250671,0.654538631439209,-0.09110967814922333
U,0.7452218532562256,0.6705427765846252,6.72685871450085e-07,0.75239497423172,0.45744723081588745,-0.09556832909584045,0.6736000776290894,0.21125809848308563,-0.0988677591085434,0.7085418701171875,0.18404415249824524,-0.10267038643360138,0.7465333342552185,0.5569514632225037,-0.08502452075481415,0.7747364044189453,0.5642353892326355,-0.07330242544412613
U,0.7562140226364136,0.6973201632499695,7.969092052917404e-07,0.7678234577178955,0.4683453440666199,-0.11593581736087799,0.6747614145278931,0.18988937139511108,-0.12338566780090332,0.7172641754150391,0.15578749775886536,-0.12514908611774445,0.7620455026626587,0.568676769733429,-0.10065452754497528,0.7903997302055359,0.5810278058052063,-0.08630870282649994
U,0.6345236301422119,0.7577248811721802,7.719435188846546e-07,0.6131262183189392,0.5319570899009705,-0.10044831782579422,0.5320184230804443,0.24136093258857727,-0.10986565053462982,0.5662215352058411,0.20801937580108643,-0.11828266829252243,0.6094880700111389,0.6326041221618652,-0.1018325686454773,0.6391156315803528,0.658909797668457,-0.09316448122262955
U,0.7792670130729675,0.847705602645874,8.735190135666926e-07,0.808603048324585,0.624817430973053,-0.13484682142734528,0.7165400981903076,0.3126879930496216,-0.14310213923454285,0.7643796801567078,0.2801063060760498,-0.13897186517715454,0.7923651337623596,0.7211786508560181,-0.10999546945095062,0.8178838491439819,0.7434447407722473,-0.10219031572341919
U,0.7182180881500244,0.9166287183761597,1.0178705451835413e-06,0.7188050746917725,0.6322331428527832,-0.13579107820987701,0.6296036839485168,0.2278997004032135,-0.15539325773715973,0.6807519793510437,0.19014471769332886,-0.15900586545467377,0.7007998824119568,0.7579550743103027,-0.12941530346870422,0.7421390414237976,0.7820377349853516,-0.11715883761644363
U,0.5781442523002625,0.9517812728881836,1.0348026080464479e-06,0.5452993512153625,0.6584703326225281,-0.14224468171596527,0.46742698550224304,0.23779863119125366,-0.1628928929567337,0.5141261219978333,0.19930538535118103,-0.16749818623065948,0.5416316986083984,0.7984952330589294,-0.13713759183883667,0.5838773250579834,0.8324553966522217,-0.13270559906959534
U,0.7308814525604248,0.667885959148407,5.38009430783859e-07,0.7492148876190186,0.48533496260643005,-0.07428192347288132,0.677127480506897,0.2943592071533203,-0.07874142378568649,0.7056127190589905,0.2733767032623291,-0.08196515589952469,0.7466742992401123,0.5678433775901794,-0.0661003589630127,0.7676377296447754,0.5758026242256165,-0.05589153245091438
U,0.7582715153694153,0.8582624197006226,5.263270850264234e-07,0.7926063537597656,0.699280858039856,-0.0817248672246933,0.7364407181739807,0.4975648522377014,-0.0830216109752655,0.7652683854103088,0.4809640944004059,-0.0767921656370163,0.7854162454605103,0.7824893593788147,-0.0641297772526741,0.8041516542434692,0.7903764247894287,-0.05639973655343056
U,0.8344142436981201,0.4413408041000366,4.890466129836568e-07,0.8539401292800903,0.26043710112571716,-0.0659693107008934,0.7815812826156616,0.09645169973373413,-0.06514744460582733,0.8080629110336304,0.07674095034599304,-0.06685744225978851,0.8475079536437988,0.343003511428833,-0.052838075906038284,0.8690464496612549,0.3466787338256836,-0.04225717484951019
U,0.47181785106658936,0.5991123914718628,5.232896000961773e-07,0.4359579086303711,0.40117186307907104,-0.07001002877950668,0.3818254768848419,0.17995181679725647,-0.07705394923686981,0.4116935729980469,0.1563306748867035,-0.08591804653406143,0.4434245824813843,0.48602935671806335,-0.0759228989481926,0.4686068594455719,0.5000393986701965,-0.07069741189479828
U,0.4957522451877594,0.8530213832855225,6.105339593887038e-07,0.46979549527168274,0.6917880773544312,-0.0790415033698082,0.4356536269187927,0.4446384310722351,-0.0938718393445015,0.461374968290329,0.43115904927253723,-0.09910058230161667,0.46712103486061096,0.7733482122421265,-0.08206361532211304,0.48641058802604675,0.7867175340652466,-0.07698483765125275
V,0.6874184012413025,0.7370320558547974,8.363234087482851e-07,0.6931760907173157,0.5819281935691833,-0.11442074179649353,0.5913892984390259,0.31652745604515076,-0.12261451035737991,0.7248217463493347,0.278622567653656,-0.12368840724229813,0.7066023945808411,0.6558000445365906,-0.09956680983304977,0.7244911789894104,0.6777664422988892,-0.09802430868148804
V,0.7222205400466919,0.79329514503479,8.211089834730956e-07,0.7438809275627136,0.6501157879829407,-0.10732084512710571,0.6454138159751892,0.3811904489994049,-0.11332451552152634,0.7746885418891907,0.35009053349494934,-0.11298448592424393,0.7555330991744995,0.7221700549125671,-0.09525616466999054,0.768393874168396,0.7526217699050903,-0.09656239300966263
V,0.7571995854377747,0.942764163017273,1.198181621475669e-06,0.775274395942688,0.7529199123382568,-0.14991678297519684,0.646801233291626,0.36960673332214355,-0.16220003366470337,0.8250093460083008,0.3344794809818268,-0.1638159155845642,0.7910134792327881,0.8524750471115112,-0.1375270038843155,0.8171725273132324,0.8952084183692932,-0.14309430122375488
V,0.7429569959640503,0.7840869426727295,1.1384073559383978e-06,0.7678187489509583,0.5546711087226868,-0.16987626254558563,0.6307463645935059,0.17038118839263916,-0.1761941760778427,0.8124620318412781,0.12468984723091125,-0.18171179294586182,0.7795888781547546,0.6482455730438232,-0.14641159772872925,0.8105731010437012,0.6820157766342163,-0.14107520878314972
V,0.6141455769538879,0.827242374420166,1.3464340327118407e-06,0.5925919413566589,0.6040447354316711,-0.16524142026901245,0.4575505256652832,0.20211061835289001,-0.1863798052072525,0.6589275002479553,0.14140602946281433,-0.1985282152891159,0.6153051257133484,0.7159050703048706,-0.1556401401758194,0.65183424949646,0.7552264928817749,-0.15419375896453857
V,0.5915381908416748,0.9550007581710815,1.250650484507787e-06,0.5564614534378052,0.7291834950447083,-0.12746720016002655,0.4285373091697693,0.31407201290130615,-0.14953617751598358,0.6350086331367493,0.26797834038734436,-0.1663418859243393,0.5775452256202698,0.8488455414772034,-0.13550077378749847,0.6142159700393677,0.8886362314224243,-0.1385498195886612
V,0.48391565680503845,0.934217095375061,1.2173787808933412e-06,0.43255680799484253,0.7117694020271301,-0.13577668368816376,0.32309603691101074,0.3091256320476532,-0.14959777891635895,0.5273064374923706,0.26739832758903503,-0.16690532863140106,0.4519197344779968,0.8273179531097412,-0.13646675646305084,0.48134568333625793,0.8585330843925476,-0.13579845428466797
V,0.6774584054946899,0.7748873233795166,7.952983764880628e-07,0.6954468488693237,0.6132453083992004,-0.11251696944236755,0.5922976732254028,0.33496958017349243,-0.11681053787469864,0.7289968729019165,0.30587780475616455,-0.11859191954135895,0.7079703211784363,0.681203305721283,-0.09895329922437668,0.7282252311706543,0.7052839994430542,-0.0980193018913269
V,0.7318209409713745,0.8077370524406433,5.408525112216012e-07,0.7765294313430786,0.6764299869537354,-0.08878203481435776,0.7080124020576477,0.44128894805908203,-0.09216935187578201,0.8213185667991638,0.4304020404815674,-0.08903084695339203,0.7821270227432251,0.736187219619751,-0.07743599265813828,0.8014370203018188,0.7635108828544617,-0.07454467564821243
V,0.8152467012405396,0.5662064552307129,5.446544264486874e-07,0.8474308252334595,0.38702192902565,-0.08993454277515411,0.7375232577323914,0.15636518597602844,-0.09099451452493668,0.8613697290420532,0.1189601719379425,-0.09011994302272797,0.8585866689682007,0.4447226822376251,-0.07767712324857712,0.8840306997299194,0.4641825556755066,-0.0704423263669014
V,0.6771531105041504,0.5724540948867798,7.827948138583452e-07,0.6823077201843262,0.37487369775772095,-0.09887440502643585,0.5723364353179932,0.11863169074058533,-0.10418641567230225,0.7114406824111938,0.07721775770187378,-0.11185134202241898,0.6950739026069641,0.4462783634662628,-0.0941033810377121,0.7229464054107666,0.467559278011322,-0.08958691358566284
V,0.5490326881408691,0.9591225385665894,9.13902056254301e-07,0.5146321654319763,0.8156734704971313,-0.09741020202636719,0.4248816967010498,0.5178064107894897,-0.10818291455507278,0.5675345659255981,0.48304009437561035,-0.12118630111217499,0.5380504727363586,0.9010820388793945,-0.09907189011573792,0.5588487386703491,0.9308621287345886,-0.10191235691308975
W,0.6897906064987183,0.7412673830986023,3.236265797568194e-07,0.734604001045227,0.5820284485816956,-0.07496152073144913,0.5544004440307617,0.33294957876205444,-0.0996781662106514,0.6418583393096924,0.26671892404556274,-0.0933944582939148,0.7609072923660278,0.30784910917282104,-0.12375438213348389,0.7347054481506348,0.6022835969924927,-0.08671632409095764
W,0.7368500232696533,0.6449025869369507,2.4338251591871085e-07,0.7984127998352051,0.47434666752815247,-0.06859567016363144,0.6314082145690918,0.23133836686611176,-0.0765899196267128,0.7064748406410217,0.18373262882232666,-0.06719105690717697,0.8125308752059937,0.22123165428638458,-0.0965081974864006,0.7962901592254639,0.4874459207057953,-0.07181986421346664
W,0.7432258725166321,0.7774081826210022,3.240153318984085e-07,0.802484929561615,0.6312417387962341,-0.08904169499874115,0.6453891396522522,0.3810003995895386,-0.09695097804069519,0.7244805097579956,0.31838324666023254,-0.08508437871932983,0.812519907951355,0.35660356283187866,-0.11368229240179062,0.8010415434837341,0.6564392447471619,-0.08655975013971329
W,0.7722168564796448,0.9007892608642578,3.597892828111071e-07,0.8546493649482727,0.7913848757743835,-0.11594053357839584,0.7148773074150085,0.5260522961616516,-0.11295407265424728,0.7957268357276917,0.470316082239151,-0.09747112542390823,0.8917783498764038,0.5311546325683594,-0.11826281994581223,0.8556675910949707,0.8320814371109009,-0.09656810015439987
W,0.6333552002906799,0.945266842842102,5.822235493724293e-07,0.6468802690505981,0.8448586463928223,-0.10046018660068512,0.4932200014591217,0.579591691493988,-0.11108476668596268,0.6085482239723206,0.497310608625412,-0.11556127667427063,0.702459990978241,0.5609234571456909,-0.149767205119133,0.6556751728057861,0.8894137144088745,-0.13452166318893433
W,0.618657648563385,0.7761663198471069,4.5907822254775965e-07,0.6353816986083984,0.620195746421814,-0.0723613053560257,0.452223539352417,0.3693162798881531,-0.0861327275633812,0.5605236887931824,0.2905150353908539,-0.0890936553478241,0.6675161123275757,0.3283977508544922,-0.12656883895397186,0.6400701403617859,0.6516852378845215,-0.0995413288474083
W,0.5414657592773438,0.7117045521736145,4.79479808745964e-07,0.5251424312591553,0.5447057485580444,-0.07103017717599869,0.34264206886291504,0.283858060836792,-0.08349941670894623,0.45898082852363586,0.2043415606021881,-0.09731634706258774,0.5757524371147156,0.24145740270614624,-0.13463865220546722,0.5440195798873901,0.5717697739601135,-0.11266131699085236
W,0.6378062963485718,0.6390149593353271,4.127540762510762e-07,0.6680254340171814,0.45575135946273804,-0.07352038472890854,0.49047404527664185,0.1985306292772293,-0.08230865001678467,0.5962203741073608,0.13546758890151978,-0.08372770994901657,0.7085593342781067,0.18025003373622894,-0.11756254732608795,0.6765323877334595,0.47502660751342773,-0.08776894956827164
W,0.7384911775588989,0.7583375573158264,2.637360978496872e-07,0.8040652871131897,0.6111767888069153,-0.076910100877285,0.6559614539146423,0.35934799909591675,-0.08214623481035233,0.7372161746025085,0.3138290047645569,-0.07458621263504028,0.842217206954956,0.3695759177207947,-0.09613142162561417,0.807780921459198,0.6211603283882141,-0.06776037067174911
W,0.5141298174858093,1.083382248878479,4.03556583705722e-07,0.5299737453460693,0.9545333385467529,-0.07698143273591995,0.37875476479530334,0.6711035370826721,-0.08521877974271774,0.507072389125824,0.5905418395996094,-0.09120137244462967,0.5995262861251831,0.659382700920105,-0.12616927921772003,0.543599545955658,0.9852374792098999,-0.10443548113107681
W,0.4922516942024231,0.8882087469100952,4.829084900848102e-07,0.46612828969955444,0.7421873807907104,-0.06291518360376358,0.3138253390789032,0.48971331119537354,-0.0730229914188385,0.4441012144088745,0.4048808217048645,-0.08739355951547623,0.5264995098114014,0.45274996757507324,-0.13324664533138275,0.4806515872478485,0.776504397392273,-0.12479528039693832
W,0.5757710933685303,0.7949264049530029,3.2446644127048785e-07,0.5787414908409119,0.6517630219459534,-0.05029556155204773,0.4482600688934326,0.44922322034835815,-0.05931704863905907,0.5456103682518005,0.38572627305984497,-0.0654972568154335,0.6124057769775391,0.418626606464386,-0.0967007428407669,0.5942266583442688,0.669077455997467,-0.07670703530311584
W,0.6414538621902466,0.7088323831558228,2.27077933345754e-07,0.678535521030426,0.564994215965271,-0.04001525416970253,0.5505132079124451,0.3638106882572174,-0.052095986902713776,0.6294211149215698,0.328518807888031,-0.04992390424013138,0.6999377012252808,0.3594200015068054,-0.08124060928821564,0.6752685308456421,0.5821830034255981,-0.062427472323179245
W,0.7246794104576111,0.560162365436554,2.210528720070215e-07,0.7615739107131958,0.3978646695613861,-0.05332964286208153,0.6296300888061523,0.2097785919904709,-0.05800914019346237,0.7060220241546631,0.1692456156015396,-0.05830025672912598,0.7931891679763794,0.20297497510910034,-0.08224649727344513,0.7666604518890381,0.41181132197380066,-0.06268828362226486
W,0.6764740943908691,0.640091061592102,2.003133516836897e-07,0.7083784341812134,0.4720124304294586,-0.04402519762516022,0.5657840371131897,0.2670753598213196,-0.050652287900447845,0.6525184512138367,0.22313134372234344,-0.05130259692668915,0.742104172706604,0.2588467001914978,-0.08254299312829971,0.7071667909622192,0.495898574590683,-0.0677090436220169
W,0.5915161371231079,0.6829158067703247,3.2415945838693005e-07,0.5953373312950134,0.5187440514564514,-0.05717582628130913,0.43338480591773987,0.30877238512039185,-0.06430382281541824,0.5251034498214722,0.23509691655635834,-0.06742292642593384,0.6254039406776428,0.26723167300224304,-0.10392794013023376,0.6008068919181824,0.5440618395805359,-0.09123937785625458
X,0.6924609541893005,0.6952915191650391,-2.591664216566869e-09,0.6443203091621399,0.5146439075469971,-0.07242749631404877,0.6023681163787842,0.2866508960723877,-0.09013726562261581,0.6372994780540466,0.4923783838748932,-0.08616320043802261,0.6755920052528381,0.5749557614326477,-0.05971308797597885,0.7176051735877991,0.5997177362442017,-0.06466663628816605
X,0.755430281162262,0.6047296524047852,7.417011715915578e-08,0.7351296544075012,0.40208736062049866,-0.08552190661430359,0.690841794013977,0.20552676916122437,-0.10131356865167618,0.7274784445762634,0.4084281027317047,-0.09710769355297089,0.7663999199867249,0.48617470264434814,-0.0654234066605568,0.8022757172584534,0.5005659461021423,-0.05966591462492943
X,0.7661113739013672,0.7527560591697693,2.6033921685097994e-08,0.7579078674316406,0.5796207785606384,-0.08678267896175385,0.7174549698829651,0.3767019808292389,-0.10383865237236023,0.7530427575111389,0.5662602186203003,-0.09575839340686798,0.7770364880561829,0.6422344446182251,-0.06617861241102219,0.8112744092941284,0.6680294275283813,-0.06682217121124268
X,0.6573625206947327,0.7933766841888428,-1.6069552799535813e-08,0.6059457063674927,0.6285544633865356,-0.06441070884466171,0.5726542472839355,0.41463667154312134,-0.07368329167366028,0.6035675406455994,0.6035125851631165,-0.0720561146736145,0.6439432501792908,0.6834932565689087,-0.0543794222176075,0.6865020990371704,0.7055259346961975,-0.05635363608598709
X,0.5305156707763672,0.7147808074951172,-1.9716130950087063e-08,0.4752834737300873,0.5502511262893677,-0.06881705671548843,0.42493319511413574,0.34915751218795776,-0.08364410698413849,0.47162580490112305,0.526583194732666,-0.08200331032276154,0.5092046856880188,0.6088607311248779,-0.05695827677845955,0.5490619540214539,0.6224420666694641,-0.05671760439872742
X,0.5849701166152954,0.6045719981193542,8.021449104944622e-08,0.5386790037155151,0.4185882806777954,-0.0748886838555336,0.4783821702003479,0.23366202414035797,-0.08685886859893799,0.526974618434906,0.4173230528831482,-0.09057065099477768,0.5757325887680054,0.4974890947341919,-0.06302627176046371,0.6103696823120117,0.5097114443778992,-0.056683171540498734
X,0.6948454976081848,0.5645052194595337,1.4253238589390094e-07,0.6728731989860535,0.3656923472881317,-0.08833761513233185,0.6077187657356262,0.1899622678756714,-0.09712222218513489,0.6618508100509644,0.36375370621681213,-0.0964827612042427,0.6996357440948486,0.4429115355014801,-0.06454082578420639,0.7362577319145203,0.45841068029403687,-0.06156222149729729
X,0.8304978609085083,0.5139322280883789,-1.0720496135263602e-07,0.811240017414093,0.2875576615333557,-0.08634121716022491,0.7356528043746948,0.09751205146312714,-0.1031193882226944,0.7951234579086304,0.3473266661167145,-0.08643626421689987,0.8367627859115601,0.3730175495147705,-0.054196134209632874,0.878811240196228,0.38279494643211365,-0.06093546748161316
X,0.8132129907608032,0.7692347764968872,1.1183368542333483e-07,0.827539324760437,0.5884444117546082,-0.1017635241150856,0.7717930674552917,0.37186500430107117,-0.11708628386259079,0.8196662664413452,0.5770508646965027,-0.1082959696650505,0.8464639186859131,0.6538240313529968,-0.07085856795310974,0.8787802457809448,0.6805357933044434,-0.07420901954174042
X,0.7583261728286743,0.6454887390136719,5.2927905613842086e-08,0.7579872608184814,0.4977554976940155,-0.07428665459156036,0.7115358710289001,0.3490532636642456,-0.08491624146699905,0.7506643533706665,0.4946674108505249,-0.0775490552186966,0.7723685503005981,0.5463758111000061,-0.05118393898010254,0.7990629076957703,0.5642327070236206,-0.053160715848207474
Y,0.602038562297821,0.7374324798583984,-6.335013154057378e-07,0.40678417682647705,0.49210551381111145,-0.09506576508283615,0.5473812222480774,0.6299347877502441,-0.09289120137691498,0.575759768486023,0.6554726362228394,-0.10835260897874832,0.6240326762199402,0.6126871705055237,-0.0947204977273941,0.8053639531135559,0.4165143370628357,-0.10488446801900864
Y,0.6339348554611206,0.6618384718894958,-5.111893415232771e-07,0.4745904207229614,0.4298667311668396,-0.07410576939582825,0.5929550528526306,0.5298857688903809,-0.06769486516714096,0.6162493824958801,0.5662457942962646,-0.07950835675001144,0.6629061102867126,0.5235504508018494,-0.06763969361782074,0.8085007667541504,0.3546442687511444,-0.0700543075799942
Y,0.6779503226280212,0.7849963903427124,-4.6759996052969655e-07,0.5322223901748657,0.5620859265327454,-0.0891314446926117,0.6524321436882019,0.6817184090614319,-0.08311671763658524,0.6752415895462036,0.709222674369812,-0.08880022913217545,0.7167483568191528,0.6758285760879517,-0.07468541711568832,0.8602339625358582,0.5064691305160522,-0.07664620876312256
Y,0.7253633737564087,0.9148313999176025,-5.259738031782035e-07,0.5832273960113525,0.6961938738822937,-0.09989019483327866,0.7131556272506714,0.8154850006103516,-0.08071887493133545,0.7387762665748596,0.8465693593025208,-0.0828123390674591,0.7813448905944824,0.8272132277488708,-0.06897850334644318,0.9158201217651367,0.6467940211296082,-0.05968848988413811
Y,0.7513517141342163,0.6452115774154663,-5.534931233341922e-07,0.5497795343399048,0.4268794655799866,-0.07985815405845642,0.708236575126648,0.5228670835494995,-0.08052488416433334,0.738656222820282,0.545602560043335,-0.08833234012126923,0.7808292508125305,0.5074925422668457,-0.06995433568954468,0.9032527804374695,0.30077672004699707,-0.07311204075813293
Y,0.7521945834159851,0.5225584506988525,-5.345903559828002e-07,0.5394509434700012,0.2949289083480835,-0.07756288349628448,0.7042093276977539,0.378862202167511,-0.07692886888980865,0.7366129159927368,0.40081360936164856,-0.08917364478111267,0.7843161225318909,0.356393426656723,-0.06928681582212448,0.9040584564208984,0.15295015275478363,-0.07315048575401306
Y,0.6047647595405579,0.5763729810714722,-5.546189072447305e-07,0.3783995509147644,0.38033923506736755,-0.09210678189992905,0.5395937561988831,0.45158880949020386,-0.08500298112630844,0.569332480430603,0.4751988351345062,-0.0958133190870285,0.6115644574165344,0.4247455298900604,-0.07654457539319992,0.7564134001731873,0.20593483746051788,-0.08103091269731522
Y,0.5846631526947021,0.7246185541152954,-5.65880213798664e-07,0.38185450434684753,0.5135053396224976,-0.08481740206480026,0.5294458866119385,0.599967896938324,-0.07787682861089706,0.5578835010528564,0.6290311813354492,-0.0881948247551918,0.6022094488143921,0.5865499973297119,-0.06999946385622025,0.7466992139816284,0.38038235902786255,-0.07278867810964584
Y,0.5508290529251099,0.9068437814712524,-6.222662136678991e-07,0.36601221561431885,0.6895664930343628,-0.08998015522956848,0.5058956742286682,0.7989563345909119,-0.08157303929328918,0.5342302322387695,0.8276177048683167,-0.09187881648540497,0.5740135312080383,0.7961108088493347,-0.07579316198825836,0.7341422438621521,0.5924959182739258,-0.07864603400230408
Y,0.6637648940086365,0.8550357818603516,-3.7415841802612704e-07,0.535428524017334,0.6661913394927979,-0.10442681610584259,0.6518623232841492,0.7618139982223511,-0.08933407813310623,0.6717238426208496,0.7873533964157104,-0.08977962285280228,0.7108170390129089,0.7613425850868225,-0.07278969138860703,0.8401007652282715,0.6033325791358948,-0.06987257301807404
Y,0.5735474824905396,0.4634261727333069,-5.505788180926174e-07,0.3322662115097046,0.2673003673553467,-0.0784606784582138,0.4995882511138916,0.33068540692329407,-0.073262058198452,0.5310395956039429,0.3483733534812927,-0.07970822602510452,0.5709367394447327,0.29130253195762634,-0.060707200318574905,0.6945418119430542,0.0756160318851471,-0.06859370321035385
Y,0.6429129242897034,0.5624740123748779,-6.958724156902463e-07,0.37138745188713074,0.32793882489204407,-0.08585000038146973,0.5553246736526489,0.4000595211982727,-0.09147907048463821,0.5941057801246643,0.43173888325691223,-0.10400077700614929,0.6409749984741211,0.3710443079471588,-0.08441600948572159,0.797095000743866,0.08772262930870056,-0.0890086442232132
Y,0.6929060220718384,0.7504979372024536,-7.629036531398015e-07,0.4129088819026947,0.4888247847557068,-0.12049884349107742,0.613860547542572,0.5994627475738525,-0.13178899884223938,0.6645686626434326,0.6329107284545898,-0.14607581496238708,0.7207885980606079,0.559820830821991,-0.12188278883695602,0.9100170731544495,0.25676843523979187,-0.12506629526615143
T,0.8290437459945679,0.7312722206115723,-9.616841225579265e-07,0.7339610457420349,0.3279455602169037,-0.08761943131685257,0.6928678154945374,0.48801344633102417,-0.14303644001483917,0.7503899931907654,0.6345856785774231,-0.11412691324949265,0.8075726628303528,0.6568149924278259,-0.07085835933685303,0.8649283051490784,0.6017313003540039,-0.05916812643408775
T,0.7380424737930298,0.659347653388977,-9.394283893016109e-07,0.6230325698852539,0.29348254203796387,-0.07088637351989746,0.5851078033447266,0.43214839696884155,-0.10704846680164337,0.6552844643592834,0.5605496168136597,-0.08997194468975067,0.7042368650436401,0.5885120630264282,-0.05919447913765907,0.743789792060852,0.544546365737915,-0.04987654834985733
T,0.7462502121925354,0.6364325284957886,-8.348205824404431e-07,0.6485529541969299,0.29476118087768555,-0.06079157069325447,0.622923731803894,0.4241539537906647,-0.09606534242630005,0.6812217831611633,0.543095588684082,-0.07813899219036102,0.7260323762893677,0.5743356943130493,-0.049722883850336075,0.7618189454078674,0.5301263332366943,-0.040447551757097244
T,0.7409957051277161,0.6834299564361572,-7.671287676203065e-07,0.6504442691802979,0.38924935460090637,-0.05565114691853523,0.6318539381027222,0.48954054713249207,-0.09620700776576996,0.6839104294776917,0.6044248342514038,-0.07568418234586716,0.7254992127418518,0.6341356039047241,-0.05274590104818344,0.7571972012519836,0.5921658277511597,-0.0454949252307415
T,0.6802332997322083,0.7069944739341736,-7.127637218218297e-07,0.5835516452789307,0.4402041435241699,-0.04589711129665375,0.5650640726089478,0.5516233444213867,-0.07660497725009918,0.6137235164642334,0.6329156160354614,-0.05564450845122337,0.6529808640480042,0.6598954796791077,-0.03579558804631233,0.6843301653862,0.6294711232185364,-0.03222567215561867
T,0.7443861365318298,0.601374626159668,-5.727196707994153e-07,0.6575489640235901,0.31834864616394043,-0.053763214498758316,0.6361104846000671,0.4011650085449219,-0.08296377956867218,0.6920572519302368,0.5166929960250854,-0.06440524011850357,0.7286441326141357,0.5429321527481079,-0.04168058559298515,0.7639849781990051,0.5048347115516663,-0.03729962185025215
T,0.8075625896453857,0.5003988742828369,-5.84141844228725e-07,0.7207781672477722,0.18775196373462677,-0.053975243121385574,0.7041270732879639,0.2712661027908325,-0.08962445706129074,0.7599760890007019,0.39629697799682617,-0.07533858716487885,0.7983322143554688,0.43008309602737427,-0.05273661017417908,0.8335020542144775,0.3954293429851532,-0.04683186113834381
T,0.7899172902107239,0.5148859024047852,-5.370145572669571e-07,0.7024825811386108,0.16152356564998627,-0.04956863075494766,0.6734576225280762,0.21864113211631775,-0.08316054940223694,0.7332180738449097,0.396014928817749,-0.0751631110906601,0.7808706164360046,0.43182727694511414,-0.0514034628868103,0.8180448412895203,0.39467233419418335,-0.04503374546766281
T,0.7036685347557068,0.5766051411628723,-7.95767505223921e-07,0.5891754627227783,0.20216107368469238,-0.05496186763048172,0.5564384460449219,0.3068424165248871,-0.08663199841976166,0.6242631673812866,0.46042007207870483,-0.07875445485115051,0.673822283744812,0.49193745851516724,-0.054990898817777634,0.7115006446838379,0.4492092728614807,-0.050301581621170044
T,0.6203272938728333,0.6204594373703003,-8.205187214116449e-07,0.4995623528957367,0.2707771956920624,-0.06028633192181587,0.47203582525253296,0.3777691125869751,-0.08697521686553955,0.5417252779006958,0.5152209401130676,-0.07838212698698044,0.5875126123428345,0.5517832636833191,-0.053062085062265396,0.6256384253501892,0.5079820156097412,-0.047654010355472565
T,0.5853449702262878,0.6863291263580322,-8.812444889372273e-07,0.46716830134391785,0.3593350350856781,-0.057848528027534485,0.4355045258998871,0.47971075773239136,-0.08828149735927582,0.5010836124420166,0.5957690477371216,-0.07483965903520584,0.5471745729446411,0.6257091760635376,-0.05000665783882141,0.5795658826828003,0.5829061269760132,-0.04574943333864212
T,0.6003762483596802,0.7561625242233276,-8.75696741786669e-07,0.4877174496650696,0.4781684875488281,-0.057534586638212204,0.45928090810775757,0.5776165723800659,-0.0913017988204956,0.5299879312515259,0.6859081387519836,-0.07167107611894608,0.5721759796142578,0.7035002708435059,-0.049764618277549744,0.6047044992446899,0.665155291557312,-0.046152692288160324
T,0.6467338800430298,0.7946124076843262,-7.839340696591535e-07,0.5527326464653015,0.5255001187324524,-0.04481280967593193,0.5299769639968872,0.6261378526687622,-0.0776459202170372,0.5844396948814392,0.7260798811912537,-0.057661302387714386,0.6229127645492554,0.7407814264297485,-0.03680255636572838,0.6552206873893738,0.7063377499580383,-0.03139360621571541
T,0.7241872549057007,0.7794709205627441,-7.105845725163817e-07,0.659517228603363,0.5033413171768188,-0.05200190097093582,0.6363818645477295,0.6024701595306396,-0.08628764748573303,0.6833959817886353,0.7105869650840759,-0.06588146090507507,0.7172195911407471,0.7259204387664795,-0.04200180619955063,0.747448205947876,0.6902825236320496,-0.03601290285587311
T,0.7514093518257141,0.7720638513565063,-6.155313485578517e-07,0.6939677596092224,0.512417197227478,-0.05137144401669502,0.6754449009895325,0.6066216826438904,-0.08655833452939987,0.7165752053260803,0.7070618867874146,-0.06468714028596878,0.7486607432365417,0.7215379476547241,-0.039144158363342285,0.7830424904823303,0.6874305605888367,-0.03387996181845665
T,0.6179224252700806,0.7207209467887878,-6.792282647438697e-07,0.5326328277587891,0.4685770869255066,-0.036943186074495316,0.5160828828811646,0.5647422075271606,-0.06572054326534271,0.5631120800971985,0.652309000492096,-0.049295105040073395,0.5964797139167786,0.6680733561515808,-0.03319224715232849,0.6236650347709656,0.6384366750717163,-0.028038162738084793
T,0.5706866979598999,0.6489804983139038,-5.187621923141705e-07,0.4821411371231079,0.40447932481765747,-0.046484366059303284,0.46282047033309937,0.46193861961364746,-0.07500135153532028,0.5172895193099976,0.5786871314048767,-0.06366458535194397,0.5542432069778442,0.6023999452590942,-0.044034942984580994,0.5850495100021362,0.5680196285247803,-0.04087890684604645
T,0.5891719460487366,0.5973685383796692,-6.641037657573179e-07,0.47709164023399353,0.27510565519332886,-0.05553385242819786,0.45613953471183777,0.35640543699264526,-0.0865773931145668,0.519897997379303,0.4952612519264221,-0.07796293497085571,0.5625953078269958,0.5273622870445251,-0.052642788738012314,0.596504807472229,0.48715993762016296,-0.04574745520949364
T,0.6819918751716614,0.5364543795585632,-4.842468683818879e-07,0.572312593460083,0.13543179631233215,-0.08109089732170105,0.5531986951828003,0.1897430121898651,-0.12523120641708374,0.6132332682609558,0.3982248902320862,-0.11418530344963074,0.6660147309303284,0.43713095784187317,-0.07679479569196701,0.7129108309745789,0.3901023864746094,-0.06261452287435532
T,0.8172210454940796,0.5102332234382629,-5.628521080325299e-07,0.7271268367767334,0.0663796216249466,-0.08439326286315918,0.7110331654548645,0.15691116452217102,-0.13450610637664795,0.7734704613685608,0.3467109501361847,-0.11608278006315231,0.8212320804595947,0.391024649143219,-0.07614700496196747,0.8704925179481506,0.3491651713848114,-0.07146414369344711
N,0.7466191649436951,0.6596214175224304,-5.312774646881735e-07,0.7060559391975403,0.31699663400650024,-0.08365751802921295,0.6203716397285461,0.48605120182037354,-0.13034874200820923,0.6539081335067749,0.4745180606842041,-0.10718788206577301,0.7126057147979736,0.5759874582290649,-0.06436243653297424,0.7596282958984375,0.5366501808166504,-0.046252742409706116
N,0.7322573661804199,0.6920597553253174,-5.410675498751516e-07,0.6874901056289673,0.3630484938621521,-0.07948718219995499,0.6051912307739258,0.5300243496894836,-0.12548376619815826,0.6408689022064209,0.5192868113517761,-0.10253483057022095,0.6987847089767456,0.609871506690979,-0.0660003200173378,0.7398133873939514,0.5731841921806335,-0.051298532634973526
N,0.6438369750976562,0.7870666980743408,-5.685051860382373e-07,0.6082556247711182,0.4749531149864197,-0.07774712890386581,0.5248729586601257,0.6364997029304504,-0.12321211397647858,0.562390148639679,0.6277823448181152,-0.09822185337543488,0.6139519214630127,0.7129732370376587,-0.05640290677547455,0.6599493026733398,0.6703487038612366,-0.04492717608809471
N,0.5738736987113953,0.8281077146530151,-6.742482696608931e-07,0.5173527598381042,0.5141711235046387,-0.07374919950962067,0.42884552478790283,0.6679529547691345,-0.10867713391780853,0.4750770926475525,0.6646467447280884,-0.09135288745164871,0.5331680178642273,0.7568644285202026,-0.05931753292679787,0.576840341091156,0.7114941477775574,-0.04757511243224144
N,0.5375379323959351,0.7176272869110107,-6.800841561016568e-07,0.4658467769622803,0.3727611005306244,-0.06932291388511658,0.38031089305877686,0.5459406971931458,-0.1068333089351654,0.42363375425338745,0.5402387976646423,-0.09455639123916626,0.49274224042892456,0.641972005367279,-0.05906139686703682,0.5327673554420471,0.588370680809021,-0.04826745763421059
N,0.7299667596817017,0.5513226985931396,-5.708815251637134e-07,0.6856330037117004,0.19005829095840454,-0.07137561589479446,0.5956888198852539,0.35415542125701904,-0.10311286896467209,0.6432980298995972,0.33707499504089355,-0.08833642303943634,0.7168282270431519,0.4384528398513794,-0.053758665919303894,0.7594741582870483,0.38978391885757446,-0.04084089398384094
N,0.7581183910369873,0.6437296271324158,-5.019105060455331e-07,0.7348034977912903,0.3043154180049896,-0.08076842129230499,0.6540926098823547,0.4687439203262329,-0.11742129176855087,0.6838300824165344,0.4445372223854065,-0.10732658952474594,0.7450095415115356,0.5521684288978577,-0.06670298427343369,0.7882887125015259,0.5108467936515808,-0.03870491683483124
N,0.7667354345321655,0.7602381706237793,-5.277727836983104e-07,0.7393402457237244,0.444145143032074,-0.07599130272865295,0.6675621867179871,0.5961981415748596,-0.1128239631652832,0.6978861093521118,0.5803841948509216,-0.09685487300157547,0.7534146308898926,0.6678462624549866,-0.05705231800675392,0.7913472652435303,0.6349896192550659,-0.035681840032339096
N,0.6771923303604126,0.8835527896881104,-6.255878588490305e-07,0.6388077139854431,0.5916110873222351,-0.06399447470903397,0.562095046043396,0.727618932723999,-0.09799540042877197,0.5971794128417969,0.7282974123954773,-0.07506035268306732,0.6517060399055481,0.7965170741081238,-0.05094258487224579,0.6862286925315857,0.7705442309379578,-0.04536620154976845
N,0.5572343468666077,0.7050243616104126,-5.079689344711369e-07,0.4944710433483124,0.3722199499607086,-0.07946672290563583,0.4190818667411804,0.5545820593833923,-0.12196298688650131,0.4524450898170471,0.5243194699287415,-0.10373307764530182,0.5256898403167725,0.6311163902282715,-0.06108911335468292,0.5665157437324524,0.5848442912101746,-0.03903617337346077
A,0.8100818395614624,0.6322988271713257,-6.215404368958843e-07,0.6351920962333679,0.3722556531429291,-0.06015078350901604,0.7175447344779968,0.512645423412323,-0.07895379513502121,0.758820116519928,0.5398167967796326,-0.0660642459988594,0.7945916056632996,0.5533991456031799,-0.03983548283576965,0.8296303153038025,0.5201642513275146,-0.03380335494875908
A,0.8213456273078918,0.5166445970535278,-5.965368927718373e-07,0.633460521697998,0.259887158870697,-0.06433034688234329,0.7264569401741028,0.3886307179927826,-0.0796927735209465,0.773868978023529,0.4156332314014435,-0.06671836227178574,0.8115629553794861,0.43006667494773865,-0.03949909657239914,0.8404544591903687,0.3847697377204895,-0.030803048983216286
A,0.8194421529769897,0.5573379993438721,-5.839363552695431e-07,0.6436975598335266,0.3138171434402466,-0.06011725962162018,0.7319359183311462,0.43763262033462524,-0.07295910269021988,0.7724745869636536,0.4611991047859192,-0.0630955919623375,0.8066591024398804,0.4734317660331726,-0.03859739378094673,0.8378957509994507,0.43792885541915894,-0.031682953238487244
A,0.8275733590126038,0.6492633819580078,-5.310804453984019e-07,0.6704348921775818,0.42752957344055176,-0.050768669694662094,0.7511844038963318,0.5386841893196106,-0.06162891909480095,0.7873156666755676,0.5635945796966553,-0.053766485303640366,0.8173342943191528,0.5747912526130676,-0.03128219023346901,0.8458755016326904,0.5476041436195374,-0.025232229381799698
A,0.7908133268356323,0.7324211001396179,-5.354071959118301e-07,0.6378957033157349,0.5178481936454773,-0.04495197907090187,0.7114192247390747,0.633442223072052,-0.060608673840761185,0.748566210269928,0.6545201539993286,-0.04745740070939064,0.7798445820808411,0.6620185971260071,-0.025924399495124817,0.8067659735679626,0.6331800818443298,-0.021586328744888306
A,0.6625184416770935,0.7733179330825806,-6.656622986156435e-07,0.49657416343688965,0.5433119535446167,-0.04142675921320915,0.5637723803520203,0.6743863224983215,-0.0568242222070694,0.6008507609367371,0.6950033903121948,-0.0447627529501915,0.6386852264404297,0.7095897197723389,-0.023709556087851524,0.6677166819572449,0.6748801469802856,-0.020033912733197212
A,0.7606438994407654,0.7267326712608337,-5.650971388604376e-07,0.6008414030075073,0.5164178609848022,-0.04292021319270134,0.6744275689125061,0.6306601166725159,-0.06006288900971413,0.7138234972953796,0.650741457939148,-0.047086797654628754,0.7464197278022766,0.6543238162994385,-0.026098981499671936,0.7769477367401123,0.6137064099311829,-0.018702728673815727
A,0.808965265750885,0.7582763433456421,-4.7153696414170554e-07,0.6823983192443848,0.5575844049453735,-0.056172121316194534,0.7502642273902893,0.6703799962997437,-0.06768084317445755,0.7824681997299194,0.6930758357048035,-0.05608183890581131,0.8065917491912842,0.700345516204834,-0.03137911483645439,0.8294793367385864,0.67254239320755,-0.026146357879042625
A,0.816827118396759,0.646043062210083,-3.562040262750088e-07,0.689009964466095,0.4491162896156311,-0.04949478432536125,0.7570375204086304,0.5497332811355591,-0.060501378029584885,0.7912480235099792,0.5716803669929504,-0.04970477893948555,0.8181824684143066,0.5835639238357544,-0.02861017920076847,0.8404466509819031,0.5591328144073486,-0.020151056349277496
A,0.8661237359046936,0.413718581199646,-3.95722395296616e-07,0.6986806392669678,0.19417622685432434,-0.0554562471807003,0.7821125984191895,0.2867204546928406,-0.06484653055667877,0.8240616917610168,0.31178802251815796,-0.0553571991622448,0.857201337814331,0.3301096558570862,-0.029513977468013763,0.8816919922828674,0.2993611693382263,-0.018386878073215485
A,0.809527575969696,0.4504202902317047,-4.5237121071295405e-07,0.6315608620643616,0.22822561860084534,-0.04617416486144066,0.7197821140289307,0.32382962107658386,-0.06300244480371475,0.756824791431427,0.343304842710495,-0.0533352829515934,0.7944240570068359,0.3621789813041687,-0.03263485059142113,0.8246971368789673,0.32897329330444336,-0.02237195149064064
A,0.7200525999069214,0.5305547714233398,-5.138447249919409e-07,0.5470836162567139,0.3111129403114319,-0.052766717970371246,0.6235896348953247,0.4078741669654846,-0.0673615038394928,0.6620444059371948,0.42840129137039185,-0.056628283113241196,0.69895339012146,0.4454890191555023,-0.036491379141807556,0.7236087322235107,0.4163386821746826,-0.030640127137303352
A,0.6876291036605835,0.6221687197685242,-5.955830033599341e-07,0.5203858613967896,0.39006921648979187,-0.04842386767268181,0.5919007062911987,0.5043278336524963,-0.061085429042577744,0.6321501731872559,0.5264403820037842,-0.05279238522052765,0.6674439311027527,0.5445224046707153,-0.034527745097875595,0.6924455165863037,0.5174108743667603,-0.02988109365105629
A,0.6520466208457947,0.7015568017959595,-6.459714541051653e-07,0.48574110865592957,0.46209171414375305,-0.043391648679971695,0.5516312122344971,0.5876981019973755,-0.061001453548669815,0.5914046764373779,0.6094927787780762,-0.05211914703249931,0.6320229172706604,0.6286585927009583,-0.031685248017311096,0.6595913171768188,0.5965195298194885,-0.026986995711922646
A,0.7093883156776428,0.7280121445655823,-6.554910214617848e-07,0.5452250242233276,0.4870975613594055,-0.044491324573755264,0.6206896305084229,0.6049383878707886,-0.06695520132780075,0.662189245223999,0.6293084621429443,-0.05436369776725769,0.6959556341171265,0.6435863971710205,-0.03220021352171898,0.72501540184021,0.6086302399635315,-0.023035960271954536
A,0.7528932690620422,0.7215933203697205,-5.398579219217936e-07,0.60182124376297,0.4927113652229309,-0.04863998293876648,0.6753582954406738,0.6051007509231567,-0.0629635602235794,0.7112938761711121,0.6282261610031128,-0.050436653196811676,0.7426643967628479,0.6395071148872375,-0.028034953400492668,0.7695316076278687,0.6055665016174316,-0.01898539625108242
A,0.7887212634086609,0.72846919298172,-5.178058586352563e-07,0.6444371342658997,0.5054405331611633,-0.04762979969382286,0.7167360782623291,0.6161110997200012,-0.06016472354531288,0.751252293586731,0.638007402420044,-0.04765931889414787,0.7800758481025696,0.6503689885139465,-0.02567150816321373,0.8072283864021301,0.6204712986946106,-0.018226930871605873
A,0.8171544671058655,0.6877309083938599,-4.334329162247741e-07,0.6751967072486877,0.4711635112762451,-0.04783810302615166,0.7470325827598572,0.5751140713691711,-0.06106444075703621,0.7830244898796082,0.601130485534668,-0.0516088530421257,0.8111947774887085,0.616568386554718,-0.028666982427239418,0.835539698600769,0.5866186618804932,-0.020858410745859146
A,0.837871789932251,0.6317702531814575,-4.1743217593648296e-07,0.6898738741874695,0.41359397768974304,-0.0454527921974659,0.7670720815658569,0.5157645344734192,-0.05700240656733513,0.8037901520729065,0.5401144027709961,-0.047335848212242126,0.8325003385543823,0.5557499527931213,-0.026121698319911957,0.8572471141815186,0.527850329875946,-0.017994474619627
A,0.8448114395141602,0.520866334438324,-3.594066413370456e-07,0.6713441014289856,0.2962270677089691,-0.05310549587011337,0.7644068598747253,0.3843595087528229,-0.06314439326524734,0.8015620112419128,0.41463685035705566,-0.05166225507855415,0.8318231105804443,0.4339563548564911,-0.028836216777563095,0.8570758104324341,0.3969559967517853,-0.018712883815169334
A,0.8321786522865295,0.5052810311317444,-4.198749365968979e-07,0.6567301750183105,0.2760736644268036,-0.05070551112294197,0.7490302324295044,0.3676140010356903,-0.06482682377099991,0.7877686619758606,0.39566096663475037,-0.05241692066192627,0.8199290037155151,0.4169531464576721,-0.0305391363799572,0.8482651710510254,0.3809241056442261,-0.021406160667538643
A,0.8023345470428467,0.47920113801956177,-4.1701821373862913e-07,0.6128016710281372,0.2595306634902954,-0.06044154614210129,0.7100340127944946,0.34623807668685913,-0.07235146313905716,0.747809886932373,0.36950185894966125,-0.0574193112552166,0.7825509309768677,0.38654643297195435,-0.033501364290714264,0.8098161220550537,0.3508971631526947,-0.02252056449651718
A,0.785862922668457,0.504372239112854,-4.827106181437557e-07,0.6017906069755554,0.28504014015197754,-0.05573820322751999,0.6946676969528198,0.3759468197822571,-0.06749196350574493,0.7340414524078369,0.3984833359718323,-0.053073711693286896,0.76673424243927,0.4126766324043274,-0.029694516211748123,0.7914516925811768,0.3802863657474518,-0.01959630474448204
A,0.7418584227561951,0.5686748623847961,-4.5644509327757987e-07,0.5737441182136536,0.3464294672012329,-0.037534888833761215,0.6528453826904297,0.44422265887260437,-0.05766294151544571,0.6902916431427002,0.4672754406929016,-0.047674596309661865,0.7260370850563049,0.4872727692127228,-0.030077755451202393,0.7539284825325012,0.45299896597862244,-0.02160646766424179
A,0.662965714931488,0.6242067813873291,-5.372882583287719e-07,0.502909779548645,0.4005104899406433,-0.040269043296575546,0.5681033134460449,0.5054944753646851,-0.05369846522808075,0.6045787930488586,0.5252112150192261,-0.046951599419116974,0.6424444913864136,0.5465723276138306,-0.02934020385146141,0.6686211228370667,0.5245227813720703,-0.023946788161993027
A,0.7014799118041992,0.6669850945472717,-5.675519219039415e-07,0.5457862019538879,0.44142889976501465,-0.03852031007409096,0.6153555512428284,0.5465110540390015,-0.053018391132354736,0.6513330936431885,0.5712653398513794,-0.04406581446528435,0.6855123043060303,0.5888763666152954,-0.02617195062339306,0.7104789614677429,0.5583199858665466,-0.018288709223270416
A,0.7712830305099487,0.6895664930343628,-4.796012262886507e-07,0.6294225454330444,0.4659903943538666,-0.036096252501010895,0.699864387512207,0.5688450932502747,-0.05192141234874725,0.7344232201576233,0.5935062766075134,-0.04386328533291817,0.7637932896614075,0.6088603138923645,-0.02384675107896328,0.7892951965332031,0.5814854502677917,-0.013654271140694618
A,0.8073233962059021,0.7145089507102966,-5.073044917480729e-07,0.6621973514556885,0.4861960709095001,-0.04786918684840202,0.7338875532150269,0.5997703671455383,-0.058956533670425415,0.7686176896095276,0.6228144764900208,-0.04826554283499718,0.7992069721221924,0.6352844834327698,-0.02523929812014103,0.8277565836906433,0.6034725308418274,-0.01694733276963234
A,0.8526709675788879,0.7169116139411926,-5.905317266297061e-07,0.6673548221588135,0.4310294985771179,-0.06313854455947876,0.7603722810745239,0.5697169899940491,-0.07685215771198273,0.8077179789543152,0.6076256036758423,-0.06475044786930084,0.8462911248207092,0.6272987127304077,-0.03691929578781128,0.8751110434532166,0.5885389447212219,-0.02877006307244301
A,0.8508967161178589,0.6912595629692078,-6.490953978754987e-07,0.6432114839553833,0.38263529539108276,-0.07579722255468369,0.747299313545227,0.5336858630180359,-0.08938204497098923,0.7993248701095581,0.5714191198348999,-0.0777970552444458,0.8403619527816772,0.5925953984260559,-0.04380716010928154,0.8747742176055908,0.5476577877998352,-0.033125169575214386
A,0.8383951187133789,0.6183049082756042,-5.875891702089575e-07,0.6285123229026794,0.31361740827560425,-0.07347413897514343,0.7262071371078491,0.4496578574180603,-0.09316207468509674,0.7814245820045471,0.487114280462265,-0.07880133390426636,0.8249255418777466,0.5150091052055359,-0.04846024885773659,0.8568596839904785,0.4711366891860962,-0.03643851354718208
A,0.8286725282669067,0.5581116676330566,-5.739599941989582e-07,0.6118051409721375,0.2496577650308609,-0.0748644471168518,0.7146454453468323,0.38401252031326294,-0.09362971037626266,0.764626145362854,0.4204804003238678,-0.07777316868305206,0.8073435425758362,0.44894978404045105,-0.0471571609377861,0.839452862739563,0.40099674463272095,-0.03374643623828888
A,0.8010973334312439,0.5526319742202759,-5.943593350821175e-07,0.6070104241371155,0.2675236463546753,-0.06782464683055878,0.6979783177375793,0.3935013711452484,-0.08483434468507767,0.7441858053207397,0.4258432686328888,-0.06837403774261475,0.7836837768554688,0.447591096162796,-0.041163671761751175,0.8150421380996704,0.4139087200164795,-0.03337803855538368
A,0.7923063635826111,0.5770476460456848,-5.047110107625485e-07,0.639564573764801,0.32750335335731506,-0.05305483937263489,0.7152555584907532,0.4401853680610657,-0.06427440792322159,0.7526335716247559,0.47239425778388977,-0.051972176879644394,0.7830748558044434,0.4913463890552521,-0.03063269704580307,0.8094446063041687,0.4611584544181824,-0.024406086653470993
A,0.7939566373825073,0.578201174736023,-4.550616097276361e-07,0.6445159912109375,0.3324635326862335,-0.05263910070061684,0.7225646376609802,0.4458426535129547,-0.0648326426744461,0.759159505367279,0.4791179597377777,-0.053143277764320374,0.7875038385391235,0.49688521027565,-0.03108600340783596,0.8137925267219543,0.4598918557167053,-0.02286410517990589
A,0.834166944026947,0.5721462965011597,-4.2323941329414083e-07,0.6776416301727295,0.3337911069393158,-0.04112810641527176,0.7585550546646118,0.43685367703437805,-0.061427660286426544,0.7937355041503906,0.4648047089576721,-0.05175399407744408,0.8230646848678589,0.49472740292549133,-0.030596110969781876,0.8517163395881653,0.46227097511291504,-0.01729883998632431
A,0.8696551322937012,0.5973693132400513,-4.724323900973104e-07,0.7094650864601135,0.3375368118286133,-0.05965692549943924,0.7916538715362549,0.45860129594802856,-0.0719124898314476,0.8303014636039734,0.4910725951194763,-0.058900024741888046,0.8622424602508545,0.5123960971832275,-0.03405844792723656,0.8916800618171692,0.4836098253726959,-0.025579039007425308
A,0.8633242845535278,0.5059787034988403,-4.501613091179024e-07,0.6814227104187012,0.22683177888393402,-0.060604892671108246,0.770315945148468,0.3439353406429291,-0.07332327216863632,0.8133268356323242,0.3746778964996338,-0.06367043405771255,0.854846179485321,0.4038117825984955,-0.03830614313483238,0.8857184648513794,0.36360475420951843,-0.027149125933647156
A,0.8542611598968506,0.46534019708633423,-4.930421937388019e-07,0.6481140851974487,0.17435570061206818,-0.06356524676084518,0.752189040184021,0.28934741020202637,-0.08142521977424622,0.7970908880233765,0.3289572298526764,-0.06771713495254517,0.838403582572937,0.35541796684265137,-0.04215375334024429,0.8717467188835144,0.31576007604599,-0.030677305534482002
A,0.7732904553413391,0.5053833723068237,-5.995000265102135e-07,0.5640947222709656,0.2289915680885315,-0.05403376743197441,0.6548116207122803,0.35532647371292114,-0.07427205890417099,0.7018614411354065,0.3753293454647064,-0.06078887730836868,0.748620331287384,0.3982136845588684,-0.03883543610572815,0.7820918560028076,0.364863783121109,-0.03103753738105297
A,0.8333985805511475,0.6775599718093872,-6.233000249267207e-07,0.6657699346542358,0.37041908502578735,-0.06880874931812286,0.7547889947891235,0.5488876104354858,-0.08602569252252579,0.7955947518348694,0.5733823776245117,-0.07497699558734894,0.8302012085914612,0.588205099105835,-0.044303812086582184,0.866029679775238,0.5542119741439819,-0.03770379722118378
A,0.8461002707481384,0.6566508412361145,-6.111924903962063e-07,0.6817414164543152,0.35325631499290466,-0.06484109908342361,0.7649598717689514,0.5263490080833435,-0.08100178837776184,0.809258222579956,0.555488646030426,-0.07130511105060577,0.8451648950576782,0.5689314603805542,-0.04269564896821976,0.8786299228668213,0.5370891094207764,-0.036709655076265335
A,0.8676238059997559,0.6221272349357605,-5.424457754088507e-07,0.7095850706100464,0.3173571228981018,-0.0740884467959404,0.7965154051780701,0.4890652000904083,-0.09065543860197067,0.8349972367286682,0.513852059841156,-0.08072370290756226,0.8674001097679138,0.5317457914352417,-0.048746999353170395,0.9061534404754639,0.5014395117759705,-0.04114966839551926
A,0.8406697511672974,0.5736608505249023,-5.635816933136084e-07,0.6762599349021912,0.27737483382225037,-0.0678313747048378,0.7602670192718506,0.4436532258987427,-0.08563907444477081,0.8056924343109131,0.4677973687648773,-0.07331257313489914,0.8412339687347412,0.48403990268707275,-0.04425690323114395,0.8786357641220093,0.45248138904571533,-0.035363007336854935
A,0.8264963030815125,0.5597763657569885,-6.557019105457584e-07,0.6527965068817139,0.25546056032180786,-0.0641249418258667,0.7439287900924683,0.42104268074035645,-0.08360853791236877,0.788226306438446,0.44575417041778564,-0.07015999406576157,0.8238674402236938,0.463209331035614,-0.04115995764732361,0.85984206199646,0.43105021119117737,-0.03374355658888817
A,0.8329488635063171,0.6536542773246765,-6.656385380665597e-07,0.6773803234100342,0.3565359115600586,-0.06642889976501465,0.7584316730499268,0.5264769792556763,-0.0838073119521141,0.8032408356666565,0.5522652864456177,-0.06997127830982208,0.8363080620765686,0.5655046701431274,-0.040657494217157364,0.8712356686592102,0.5451947450637817,-0.03181365504860878
A,0.8300212025642395,0.7118080258369446,-5.770839379692916e-07,0.6857299208641052,0.42833712697029114,-0.06365255266427994,0.7643754482269287,0.5871822834014893,-0.08205317705869675,0.801986575126648,0.6156491637229919,-0.06618677079677582,0.833258867263794,0.6292265057563782,-0.03632916882634163,0.8670253157615662,0.607222855091095,-0.029369240626692772
A,0.8200286626815796,0.7158158421516418,-5.229715043242322e-07,0.6839985251426697,0.4446454644203186,-0.06293836981058121,0.755739688873291,0.5966108441352844,-0.08007095754146576,0.7919672131538391,0.6237170100212097,-0.06781300157308578,0.8224887251853943,0.639743447303772,-0.0394020602107048,0.8532170057296753,0.616811215877533,-0.03240431100130081
A,0.8107687830924988,0.689346969127655,-4.8507706651435e-07,0.6738049387931824,0.4314311742782593,-0.05459083244204521,0.7464146018028259,0.574449360370636,-0.06659858673810959,0.7846861481666565,0.6033241152763367,-0.0535503588616848,0.8161575198173523,0.6154537200927734,-0.028782645240426064,0.8455559015274048,0.5942503213882446,-0.02204703353345394
A,0.8161991834640503,0.607646644115448,-5.093406798550859e-07,0.6665514707565308,0.3401707410812378,-0.05875751003623009,0.7463419437408447,0.48924848437309265,-0.07772097736597061,0.7855504155158997,0.5128835439682007,-0.06370612978935242,0.817417323589325,0.5280447006225586,-0.03842204064130783,0.8486372232437134,0.5061110854148865,-0.03310970962047577
A,0.836383044719696,0.5942025184631348,-5.743199267271848e-07,0.673118531703949,0.29407787322998047,-0.06395252048969269,0.7586434483528137,0.4527529776096344,-0.07991970330476761,0.8003665804862976,0.48279863595962524,-0.06922458112239838,0.8355754017829895,0.4976392686367035,-0.03868452087044716,0.8675628900527954,0.47003597021102905,-0.03380202502012253
A,0.8462636470794678,0.6124123334884644,-5.856386451341677e-07,0.6915208697319031,0.27758243680000305,-0.07102826982736588,0.772589385509491,0.4576399028301239,-0.08286754786968231,0.8150233030319214,0.49066710472106934,-0.07599005103111267,0.8495621085166931,0.5096698999404907,-0.04289978742599487,0.8851344585418701,0.4786674678325653,-0.03700977563858032
A,0.8262075781822205,0.6353693008422852,-6.142739721326507e-07,0.6616287231445312,0.3064000606536865,-0.06553802639245987,0.7447187900543213,0.48898768424987793,-0.08643119037151337,0.7851403951644897,0.513414204120636,-0.07379239052534103,0.8210961818695068,0.5363731980323792,-0.045763686299324036,0.8594651818275452,0.511235773563385,-0.04210289940237999
A,0.7941110134124756,0.6562867760658264,-6.608385092476965e-07,0.6204177737236023,0.3388819396495819,-0.06518577039241791,0.7075085639953613,0.5204125046730042,-0.0819227397441864,0.7483890652656555,0.5435237288475037,-0.07196169346570969,0.7868024110794067,0.5620220303535461,-0.04356317222118378,0.823363184928894,0.5353813171386719,-0.03975353389978409
A,0.7828554511070251,0.6897788047790527,-6.74689772495185e-07,0.6052228808403015,0.3836424946784973,-0.06236901879310608,0.6943028569221497,0.5547560453414917,-0.0803912952542305,0.7359040975570679,0.579981803894043,-0.06773660331964493,0.7718725800514221,0.5981101393699646,-0.04045772925019264,0.8061986565589905,0.5708807706832886,-0.034034114331007004
A,0.807362973690033,0.7237414717674255,-7.003808377703535e-07,0.6374738216400146,0.4241343140602112,-0.0587618425488472,0.724054217338562,0.5858084559440613,-0.0755067989230156,0.7662686109542847,0.6194108724594116,-0.060590144246816635,0.8027153611183167,0.6317331790924072,-0.03409745916724205,0.8403288722038269,0.6085038781166077,-0.027260687202215195
A,0.8147201538085938,0.761736273765564,-6.182997935866297e-07,0.6616822481155396,0.45445841550827026,-0.0653056874871254,0.7388455867767334,0.6317321062088013,-0.08045464009046555,0.7778920531272888,0.6557203531265259,-0.06898968666791916,0.8131856918334961,0.6749029159545898,-0.040327925235033035,0.8512674570083618,0.6487668752670288,-0.03411416336894035
A,0.8034390211105347,0.6515039205551147,-4.532985542482493e-07,0.6184316277503967,0.32567018270492554,-0.06914196908473969,0.7126026153564453,0.49266862869262695,-0.0796295776963234,0.7601344585418701,0.5255805253982544,-0.067450150847435,0.8000503778457642,0.5384189486503601,-0.03469495475292206,0.8359180688858032,0.5143334269523621,-0.030302619561553
A,0.8090793490409851,0.6340154409408569,-7.227382070595922e-07,0.6196709871292114,0.29391545057296753,-0.07277051359415054,0.7143583297729492,0.4708440899848938,-0.0863736942410469,0.7614381909370422,0.5054446458816528,-0.07300860434770584,0.8015472292900085,0.5227578282356262,-0.04111236333847046,0.8395871520042419,0.49281683564186096,-0.03738097473978996
A,0.8285741806030273,0.6346063613891602,-6.44483463929646e-07,0.6603620648384094,0.2747776508331299,-0.07907893508672714,0.7485905885696411,0.4581098258495331,-0.08881139010190964,0.7926350831985474,0.49702438712120056,-0.0786183699965477,0.8298555612564087,0.5183881521224976,-0.043997447937726974,0.8681203722953796,0.48839059472084045,-0.03789707273244858
A,0.7911905646324158,0.6434407234191895,-6.784482593502617e-07,0.6106787919998169,0.3050095736980438,-0.07275193929672241,0.6980228424072266,0.4899832606315613,-0.0886446088552475,0.743635892868042,0.5194282531738281,-0.07634328305721283,0.7836815714836121,0.5380637645721436,-0.046401895582675934,0.8247688412666321,0.5128874182701111,-0.043007224798202515
A,0.7850230932235718,0.6660624742507935,-6.940002208466467e-07,0.6011683940887451,0.3327367901802063,-0.07062363624572754,0.689385175704956,0.5129414200782776,-0.08475140482187271,0.7385357618331909,0.5428997874259949,-0.07329443097114563,0.7792448401451111,0.5624281764030457,-0.04280678927898407,0.8160486221313477,0.528624415397644,-0.03832932934165001
A,0.8061695098876953,0.7035958766937256,-7.097879120010475e-07,0.6392033696174622,0.3883300721645355,-0.0660170316696167,0.722564697265625,0.5564005970954895,-0.0836644247174263,0.7671385407447815,0.5901071429252625,-0.07022806257009506,0.8033643960952759,0.6085187792778015,-0.04106922075152397,0.8410146832466125,0.5889169573783875,-0.034263789653778076
A,0.8276658058166504,0.7115765810012817,-6.457854624386528e-07,0.6795028448104858,0.39130574464797974,-0.06270754337310791,0.754410445690155,0.565420925617218,-0.07382440567016602,0.7943997979164124,0.5975058674812317,-0.06277573853731155,0.8288003206253052,0.6164137721061707,-0.035572830587625504,0.8639588952064514,0.5943925976753235,-0.03156273439526558
A,0.8302854895591736,0.6138889789581299,-5.877327566849999e-07,0.6776626706123352,0.28098028898239136,-0.06323016434907913,0.7593907713890076,0.4545758366584778,-0.077581025660038,0.800159215927124,0.487663209438324,-0.06752265244722366,0.8341560959815979,0.5087215900421143,-0.037266701459884644,0.8706880807876587,0.484427809715271,-0.0327862910926342
A,0.8314629793167114,0.6091980338096619,-6.360436941577063e-07,0.6730819344520569,0.2741888165473938,-0.06613224744796753,0.7537673711776733,0.44301480054855347,-0.07987845689058304,0.7958078980445862,0.47715166211128235,-0.06694453954696655,0.8318567872047424,0.4980235695838928,-0.03699281066656113,0.8679465055465698,0.4741169214248657,-0.033068642020225525
A,0.8275981545448303,0.6223757266998291,-5.83262988129718e-07,0.6689519882202148,0.29180777072906494,-0.06708194315433502,0.7520752549171448,0.4665924310684204,-0.08325237780809402,0.7922433614730835,0.49376174807548523,-0.07332182675600052,0.8265619874000549,0.5159391760826111,-0.04277540743350983,0.8623989820480347,0.49238672852516174,-0.03936095908284187
A,0.826585590839386,0.6294530034065247,-5.706760930479504e-07,0.6762088537216187,0.3268885016441345,-0.06003721430897713,0.7559903860092163,0.4818255603313446,-0.07113361358642578,0.7947157621383667,0.5132471323013306,-0.06119384244084358,0.8264034986495972,0.5323622226715088,-0.03298991173505783,0.8594902753829956,0.5105960965156555,-0.029949534684419632
A,0.8481574654579163,0.6214074492454529,-5.287454314384377e-07,0.7197108268737793,0.31240391731262207,-0.060143161565065384,0.7907208800315857,0.46842941641807556,-0.07193491607904434,0.8244268894195557,0.5054280757904053,-0.06031356751918793,0.8546522855758667,0.522438645362854,-0.03126157447695732,0.8881797790527344,0.5045209527015686,-0.027070939540863037
